﻿3,2,23,human,你好，我因为突然晕厥伴抽搐被120送入院，检查说有室颤、心梗，计划ICD植入,55
3,2,23,model,您好，听到您的情况我感到非常关心。根据您的症状，您可能患有心肌梗塞和心律失常，这是一种严重的心血管疾病。ICD植入是一种治疗心律失常的方法，可以帮助恢复心律，预防心脏病发作。在进行ICD植入前，我们需要进行一系列的检查和评估，以确保手术的安全性和有效性。如果您有任何疑虑或担心，请随时向我们提出，我们会尽力解答您的疑问并帮助您做出决策。同时，我们也会为您提供全面的治疗方案和护理建议，帮助您恢复健康。,-3
3,2,23,human,那我能了解一下ICD基本信息吗,22
3,2,23,model,当然可以，ICD即心律调节器，是一种治疗心律失常和预防心脏病发作的设备。它通过植入心内，可以监测心律和心电图，在出现心律失常时自动发出电信号，调节心律，恢复正常心律。ICD可以帮助患者控制心律失常，提高生活质量，并降低心脑血管事件的发生率。在ICD植入后，您需要定期进行心电监测和调整，以确保手术的有效性和安全性。同时，您还需要定期进行相关检查和评估，以确保病情得到及时监测和治疗。如果您有任何疑问或需要了解更多信息，请随时向我们咨询。,-2
3,2,23,human,他的寿命大概有多久，价格，型号，利弊等等,31
3,2,23,model,"ICD的寿命和价格会根据不同的型号和患者需求而有所不同。一般来说，ICD的寿命可以达到十多年，但是如果电极接触到体液，就会受到污染而影响寿命，因此需要定期更换电极。价格方面，ICD的价格会因品牌和型号而有所不同，一般在10万到20万之间。

ICD有利有弊。ICD可以帮助患者控制心律失常，提高生活质量，并降低心脑血管事件的发生率。但是，ICD也有一些副作用，如心律不整、心跳过缓、心律失常等。此外，ICD需要定期更换电极，电极接触到体液后容易受到污染，影响寿命。

因此，在决定是否植入ICD之前，需要进行全面评估和考虑。如果您有任何疑虑或需要了解更多信息，请咨询您的医生。医生会根据您的具体情况，为您提供更详细的解释和建议。",0
3,2,23,human,那有什么方法能全面治疗室颤，尤其保守治疗,52
3,2,23,model,"治疗室颤的方法包括药物治疗和手术治疗。药物治疗主要是通过使用抗心律失常药物，如β受体阻滞剂、钙通道阻滞剂、抗心肌缺血药物等，来控制心律失常的发作。手术治疗包括电复律、心室消融术、心房消融术等，具体方法需要根据患者的情况来决定。

除了药物治疗和手术治疗，还有一些非药物治疗的方法，如心脏起搏器、射频消融术、心律调节器等，可以帮助控制心律失常的发作。此外，对于一些特殊情况下的患者，如老年人、孕妇、合并心脏病等，需要根据个体情况进行个性化治疗。

总之，治疗室颤需要综合考虑患者的病情、年龄、合并症等因素，选择最适合的治疗方法，以达到最好的治疗效果。如果您有任何疑问或需要了解更多信息，请咨询您的医生。医生会根据您的具体情况，为您提供更详细的解释和建议。",0
3,2,23,human,好的，现在在用阿司匹林、氯吡格雷、络活喜，都有用吗,30
3,2,23,model,"阿司匹林和氯吡格雷是用于预防心脏病和脑血管疾病的药物，可以帮助预防血栓形成和降低胆固醇水平，对于预防心脑血管事件有一定的作用。络活喜是一种抗心律失常药物，可以帮助控制心律失常的发作，对于一些心律失常患者有一定的治疗作用。

需要注意的是，这些药物的使用需要在医生的指导下进行，不能自行使用或改变剂量。同时，药物的使用也需要根据个体情况进行个性化调整，以达到最好的治疗效果。因此，如果您有任何疑问或需要了解更多信息，请咨询您的医生。医生会根据您的具体情况，为您提供更详细的解释和建议。",-2
3,2,23,human,好的，我想问高血压糖尿病冠心病这些对我的治疗有多大负面影响,72
3,2,23,model,"高血压、糖尿病和冠心病等疾病都是心脑血管疾病的高危因素，会对心脏和血管造成一定的损害。这些疾病可能会增加心脑血管事件的风险，包括心肌梗死、脑卒中等。

对于治疗室颤，这些疾病本身并不会对治疗产生负面影响，但需要注意的是，这些疾病可能会影响治疗的效果。例如，高血压、糖尿病等疾病可能会影响抗心律失常药物的疗效，增加心律失常的复发风险。

因此，对于患有这些疾病的患者，需要积极控制这些疾病，避免对心脏和血管造成进一步的损害，并按照医生的建议进行治疗，以提高治疗的效果。同时，需要定期进行心脑血管检查，及时发现和处理问题。

总之，治疗室颤需要综合考虑患者的病情、年龄、合并症等因素，选择最适合的治疗方法，以达到最好的治疗效果。同时，需要积极控制高血压、糖尿病、冠心病等疾病，以减少心脑血管事件的发生风险。如果您有任何疑问或需要了解更多信息，请咨询您的医生。医生会根据您的具体情况，为您提供更详细的解释和建议。",0
3,2,23,human,我现在56岁了，年纪开始大了，而且一个人住，每天上班很累，睡眠也不足，常常抽烟放松一下，感觉也不是伴发,88
3,2,23,model,"您好，根据您的情况，室颤的发生可能与多种因素有关，包括年龄、生活习惯、合并症等。由于您已经56岁了，年龄较大，加上工作压力大，睡眠不足，这些都可能会增加心脑血管事件的风险。

此外，抽烟和放松这些行为也可能会加重心脑血管事件的风险，因为烟草中的尼古丁会刺激血管收缩，加重心脑血管疾病。

建议您尽量改善生活习惯，如戒烟、保证充足的睡眠、控制体重、适当的运动等，这些都有助于预防心脑血管疾病的发生。另外，定期进行心脑血管检查，及时发现和处理问题，也是预防心脑血管事件的关键。

如果您有任何疑问或需要了解更多信息，请咨询您的医生。医生会根据您的具体情况，为您提供更详细的解释和建议。",-1
3,2,23,human,好的，谢谢你的建议,61
3,2,23,model,不客气，我很高兴能够帮到您。如果您还有任何问题或需要进一步的帮助，请随时联系我。同时，也希望您能积极改善生活习惯，保持健康，预防心脑血管疾病的发生。祝您身体健康！,-5
