﻿5,1,39,human,你好，我的孩子最近频繁晕厥，被诊断为血管迷走性晕厥,19
5,1,39,model,"血管迷走性晕厥是一种常见的疾病,它是指由于血管迷走神经功能失调引起的短暂性血压下降,导致短暂性意识丧失或晕厥。这种疾病通常在儿童和青少年中发生。

血管迷走性晕厥的原因可能与遗传因素、神经系统发育异常、低血糖、低血压、药物过量等有关。治疗血管迷走性晕厥的方法包括药物治疗、手术治疗和生活方式改变等。

建议您带孩子去医院进行详细的检查和诊断,以确定具体的治疗方案。同时,注意孩子的饮食和生活习惯,避免过度劳累和情绪波动,保持良好的睡眠和心态,有利于孩子的康复。",-2
5,1,39,human,医生建议是装起搏器，能行得通吗,13
5,1,39,model,"起搏器是一种治疗血管迷走性晕厥的方法,它可以帮助调节心跳节律,减少晕厥的发生。但是,起搏器并不是所有患者都适用,具体是否适合需要医生根据患者的具体情况来判断。此外,起搏器是一种昂贵的医疗设备,费用较高,需要患者仔细考虑。

建议您与医生进行详细的沟通和讨论,了解起搏器的具体适应症、手术风险和可能的副作用等信息,以及手术前后的注意事项和康复方案。同时,您可以寻求其他医生的意见和建议,以便做出更明智的决策。",-3
5,1,39,human,那预后好吗,23
5,1,39,model,"血管迷走性晕厥是一种比较常见的疾病,预后良好。对于孩子来说,治疗过程可能会比较漫长,需要耐心和坚持。同时,家长也需要积极配合医生的治疗和康复计划,帮助孩子尽快恢复健康。",-5
5,1,39,human,装起搏器能坐飞机吗,6
5,1,39,model,"装起搏器后,孩子可以进行坐飞机。但是,具体是否适合需要医生根据患者的具体情况来判断,如果起搏器需要长时间佩戴,建议在医生的指导下进行。此外,由于起搏器是一种昂贵的医疗设备,费用较高,需要患者仔细考虑。",-5
5,1,39,human,而且小朋友有癫痫病史，血压还偏低,19
5,1,39,model,"起搏器是一种治疗血管迷走性晕厥的方法,可以有效地减少晕厥的发生。但是,起搏器并不是所有患者都适用,具体是否适合需要医生根据患者的具体情况来判断。此外,起搏器是一种昂贵的医疗设备,费用较高,需要患者仔细考虑。

对于孩子的情况,由于孩子有癫痫病史和低血压,需要更加谨慎地考虑起搏器是否适合孩子。建议您与医生进行详细的沟通和讨论,了解起搏器的具体适应症、手术风险和可能的副作用等信息,以及手术前后的注意事项和康复方案。同时,您也需要积极配合医生的治疗和康复计划,帮助孩子尽快恢复健康。",-2
5,1,39,human,他跟家里人住一起，我们做家长的要做点什么,15
5,1,39,model,"您需要注意以下几点:

1. 让孩子保持充足的睡眠和休息,避免过度劳累和情绪波动。

2. 饮食方面,孩子需要多吃新鲜蔬菜、水果、全谷类食物等,避免过度饮食和暴饮暴食。

3. 孩子的饮食要健康,避免吃过多的糖和高脂肪食物。

4. 孩子的运动要适量,避免过度劳累和过度运动。

5. 孩子的饮水量要适量,避免过度饮水。

6. 孩子的用药要遵医嘱,避免滥用药物。

7. 孩子的睡眠要保持充足,避免过度疲劳和情绪波动。

8. 孩子的饮食要定时定量,不要过度饥饿或过度饱食。

9. 孩子的活动要适度,避免剧烈运动和过度劳累。

10. 孩子的心理健康要关注,多与孩子沟通,给予孩子关心和支持。

最后,建议您与医生进行详细的沟通和讨论,了解起搏器的具体适应症、手术风险和可能的副作用等信息,以及手术前后的注意事项和康复方案。同时,您也需要积极配合医生的治疗和康复计划,帮助孩子尽快恢复健康。",0
