﻿1,4,2,human,医生，我最近眼前发黑，老是摔倒，楼梯都爬不动，没走多久就喘的嘞，所以来医院,155
1,4,2,model,我不是医生，而是一个AI助手，但是我可以提供一些建议。你的症状可能包括头晕、乏力、呼吸急促等，可能涉及到多种原因。建议您尽快就诊于专业医生，他们将能够为您进行详细检查和诊断。在您等待就诊期间，请确保保持充足的休息，避免操劳或进行剧烈运动。同时，保持良好的饮食习惯，多喝水，以帮助身体恢复。,33
1,4,2,human,那和新冠有关系吗,167
1,4,2,model,我无法确定您的症状是否与新冠病毒（COVID-19）有关，因为新冠病毒的症状有很多种，包括发热、咳嗽、呼吸急促、乏力等。然而，您描述的症状可能与其他健康问题有关，如贫血、低血压、心脏问题等。请尽快就诊于专业医生，他们将能够为您进行详细检查和诊断。如果您担心自己可能感染了新冠病毒，请告知医生您的疑虑，以便他们安排相应的检查。,9
1,4,2,human,请问你能为我解决什么问题,29
1,4,2,model,"作为一个AI助手，我可以帮助您解决各种问题，包括但不限于以下领域：

1. 常识问题：我可以回答一些基本的常识性问题，如地理、历史、科学等。
2. 生活建议：我可以提供一些生活方面的建议，如健康、饮食、锻炼等。
3. 娱乐：我可以回答关于电影、音乐、书籍等方面的问题。
4. 技术支持：我可以提供一些基本的技术支持，如计算机问题、软件故障等。
5. 新闻资讯：我可以为您提供一些最新的新闻资讯，以及一些热门事件的信息。

请注意，我不是医生或律师，因此无法提供专业的医学或法律建议。然而，我可以帮助您查找相关信息，以便您更好地了解您的问题。如果您有任何问题，随时向我提问。",11
1,4,2,human,我有高血压高血脂，有过脑梗，那我平时在吃的方面有什么注意的,54
1,4,2,model,"我不是医生，但我可以提供一些建议。如果您有高血压、高血脂和脑梗的病史，请在饮食方面注意以下几点：

1. 低盐饮食：减少钠盐的摄入有助于降低血压。尽量选择天然食物，避免加工食品，因为它们通常含有较多的钠。

2. 增加膳食纤维：多吃蔬菜、水果和全谷类食品，以增加膳食纤维的摄入。这有助于降低血脂水平。

3. 健康脂肪：选择富含单不饱和和多不饱和脂肪的食物，如橄榄油、鱼、坚果和种子。减少饱和脂肪和反式脂肪的摄入，如动物脂肪、黄油和烘焙食品。

4. 适量摄入高质量蛋白质：选择低脂肪的肉类和乳制品，如鸡肉、火鸡、鱼和豆类。避免过多摄入红肉和加工肉类。

5. 限制酒精摄入：过量饮酒可能导致血压升高和血脂异常。适量饮酒为每天一杯酒（约150毫升红酒）。

6. 增加钾、钙和镁的摄入：这些矿物质有助于维持正常的血压水平。富含钾的食物包括香蕉、番茄、橙子和马铃薯。富含钙的食物包括低脂奶制品、绿叶蔬菜和坚果。富含镁的食物包括全谷类、坚果和绿叶蔬菜。

请遵循医生的建议，并定期进行检查，以确保您的健康状况得到妥善管理。在调整饮食之前，请咨询您的医生或营养师，以确保您的饮食计划符合您的个人需求和健康状况。",38
1,4,2,human,我有烟瘾，50年，能有什么好的建议,99
1,4,2,model,"戒烟对于改善您的健康状况非常重要，尤其是在您已经有一定年龄和患有慢性疾病的情况下。以下是一些建议，可以帮助您戒烟：

1. 设定戒烟目标：确定一个明确的戒烟日期，并告诉您的家人和朋友，以便他们可以给予您支持和鼓励。

2. 替代烟草：尝试使用尼古丁替代疗法（NRT），如尼古丁贴片、口香糖、喷雾剂或吸入器。这些产品可以帮助减轻戒断症状。在使用任何尼古丁替代疗法之前，请咨询医生。

3. 寻求药物帮助：有些处方药物可以帮助您戒烟，如巴普罗（bupropion）和安非他酮（varenicline）。请咨询医生，了解是否适合您使用这些药物。

4. 借助心理治疗：认识到吸烟的心理因素并寻求心理治疗，如认知行为疗法（CBT），可以帮助您建立戒烟的意志力和应对压力的方法。

5. 增加身体活动：锻炼可以减轻戒断症状，提高心情，帮助您减轻因戒烟而可能增加的体重。

6. 寻求支持：加入戒烟支持团体或寻求家人、朋友的支持，这将有助于您在戒烟过程中保持动力。

7. 避免诱惑：远离烟草制品，避免与吸烟者在一起，以减少诱惑。

8. 学会应对压力：尝试学习新的放松技巧，如深呼吸、渐进性肌肉松弛、瑜伽或冥想，以应对戒烟过程中的压力。

请记住，戒烟是一个过程，您可能会遇到挫折。如果您复吸，请不要气馁，尽快重新开始戒烟。在戒烟过程中，请密切与医生合作，以确保您得到适当的支持和帮助。",25
1,4,2,human,我现在的病能靠吃药好吗，我不想让子女为我太操心,77
1,4,2,model,"我理解您不想让您的子女担心，但请注意我不是医生，因此无法为您提供具体的医学建议。不过，对于许多疾病，药物治疗通常是重要的组成部分，但成功的治疗和管理还包括生活方式的改变，如饮食、锻炼和戒烟。请务必遵循您的医生的建议，并定期进行检查以确保您的健康状况得到妥善管理。

与子女沟通关于您的健康状况和治疗计划也是很重要的，因为他们可以为您提供支持和帮助。让他们了解您的担忧和需求，以便他们更好地支持您。最重要的是，关注您的健康和遵循医生的建议，以便您能够维持良好的生活质量。",12
1,4,2,human,我平时喜欢爬山，这个运动推荐吗,55
1,4,2,model,"爬山是一项很好的锻炼活动，对身体健康有很多益处。以下是一些爬山的好处：

1. 心血管健康：爬山能增强心脏和肺部功能，提高心血管健康。
2. 肌肉力量：爬山能锻炼大腿、臀部、小腿和核心肌肉，提高肌肉力量和耐力。
3. 平衡和协调：在不平的地形上行走能提高身体的平衡感和协调性。
4. 灵活性和关节活动度：爬山能帮助增加关节活动度，提高身体灵活性。
5. 减轻压力：户外活动，如爬山，能让人与大自然接触，从而减轻压力，提高心情。
6. 减肥和燃烧卡路里：爬山是一种有氧运动，可以帮助燃烧卡路里，有助于减肥和保持健康体重。

尽管爬山有很多好处，但在开始之前，请务必考虑到您的个人健康状况。如果您有心脏病、关节问题或其他健康问题，请在开始爬山之前咨询医生。此外，确保您拥有合适的装备（如合适的鞋子、背包等）和水分，以保证安全和舒适。

开始时，可以选择温和的爬山路线，随着体能的提高，逐渐增加爬山的难度和距离。同时，与朋友或家人一起爬山可以使活动更加有趣并提高安全性。",46
1,4,2,human,但是我时不时就两眼一懵，所以担心爬山更容易摔,62
1,4,2,model,"考虑到您时不时会出现头晕或视力模糊的情况，您应该在开始爬山之前咨询医生的意见。他们将了解您的健康状况，并能为您提供关于是否进行爬山运动的适当建议。

在此期间，您可以考虑进行一些低强度的锻炼，如散步、瑜伽或游泳，以保持身体活力，同时降低摔倒的风险。请确保在进行任何运动时，您的安全始终是第一位的。

如果您的医生认为您可以进行爬山运动，请确保在爬山过程中采取一些预防措施，以降低摔倒的风险：

1. 与朋友或家人一起爬山，以便在需要帮助时有人在场。
2. 选择合适的装备，如防滑的徒步鞋、头盔、登山杖等。
3. 遵循适当的爬山路线，避免过于陡峭或复杂的地形。
4. 保持充足的水分和营养，以避免脱水和低血糖可能导致的头晕。
5. 遵循安全指南，如了解天气预报、告知他人您的路线等。

请始终遵循医生的建议，并确保在进行运动时关注自己的身体反应。",16
1,4,2,human,好的，谢谢,14
1,4,2,model,不客气！如果您有其他问题或需要帮助，请随时向我提问。祝您身体健康，生活愉快！,4
