﻿2,4,14,human,医生您好，我是张女士，33岁，女，上海人，最近有突然的晕倒，所以来就医,41
2,4,14,model,您好，张女士！我是一名AI助手，很高兴为您提供帮助。关于您所描述的晕倒症状，我建议您尽快就诊于专业的医生以便进行详细的检查和诊断。有许多原因可能导致突然晕倒，例如低血压、贫血、心律失常等。为确保您的健康，请及时就诊并听从医生的建议。在此期间，保持良好的作息和饮食习惯，避免剧烈运动，以降低晕倒风险。希望您早日康复！,10
2,4,14,human,我主要的症状是眼前一下子发黑，大概3-5秒就晕倒了，半分钟后会好，我同事把我抬到通风处，掐人中，过一会就好了,69
2,4,14,model,"张女士，虽然我不能替代专业医生的诊断，但您描述的症状可能与一些常见的原因有关，如：

1. 低血压：当您突然站立或改变姿势时，血压可能会暂时下降，导致眼前发黑和晕倒。
2. 贫血：由于缺乏红细胞或血红蛋白，血液携氧能力降低，可能导致头晕和晕倒。
3. 心律失常：心脏跳动异常可能导致血流不畅，影响大脑供血，引起晕倒。

请注意，以上只是根据您提供的信息推测的一些可能原因，并不能确切诊断您的病情。强烈建议您前往医院就诊，以便专业医生为您进行全面检查和诊断。在就诊过程中，请向医生详细描述您的症状、发作频率和持续时间，以及在晕倒前后的活动情况，以便医生更准确地判断您的病情。祝您早日康复！",15
2,4,14,human,我感觉自己的生活也有问题，常常失眠，感到焦虑,31
2,4,14,model,"张女士，失眠和焦虑可能会影响您的生活质量，并对您的健康产生负面影响。在寻求专业医生的帮助时，您可以尝试以下方法来缓解失眠和焦虑：

1. 保持规律作息：每天按时上床睡觉和起床，即使在周末和休息日也要保持一致，以帮助调整您的生物钟。
2. 限制咖啡因和酒精摄入：咖啡、茶、巧克力和可乐等食物中都含有咖啡因，可能加重失眠和焦虑。酒精虽然可能使您暂时放松，但可能导致睡眠质量下降。
3. 放松身心：尝试一些放松技巧，如深呼吸、渐进性肌肉松弛、瑜伽或冥想等，以减轻焦虑和改善睡眠。
4. 运动：适量运动有助于减轻焦虑和改善睡眠质量。然而，请避免在临近睡觉前的几个小时内进行剧烈运动。
5. 创造舒适的睡眠环境：保持卧室干净、安静、黑暗、凉爽。您可以尝试使用眼罩、耳塞或白噪音机来改善睡眠环境。

如果您尝试了这些方法仍然感到焦虑和失眠，请务必寻求专业医生的帮助。他们可能会为您提供进一步的治疗建议，如心理治疗、药物治疗等。希望这些建议能对您有所帮助。祝您早日康复！",60
2,4,14,human,我有用思诺思在治疗，会不会有影响,25
2,4,14,model,"思诺思（Sinovast）是一款治疗抑郁症和焦虑症的药物，其主要成分是帕罗西汀（Paroxetine），属于选择性5-羟色胺再摄取抑制剂（SSRI）类药物。帕罗西汀通过调节大脑中的5-羟色胺水平来缓解抑郁和焦虑症状。通常来说，服用思诺思可以帮助改善抑郁和焦虑症状，但是可能会产生一些副作用。这些副作用可能包括：

1. 头痛、恶心、口干、便秘等。
2. 睡眠改变（失眠或嗜睡）。
3. 性功能障碍。
4. 减轻或增加体重。

请注意，这些副作用并不一定会出现，而且通常随着药物的使用逐渐减轻。然而，如果您在使用思诺思过程中出现了严重或持续的副作用，请务必告诉您的医生，他们可能会调整剂量或更换其他药物。

关于您提到的晕倒症状，您可以与您的医生详细讨论，以确定是否与思诺思有关。在您的医生指导下，您可能需要调整药物剂量或更换其他药物。同时，请遵循医生的建议并密切关注您的症状变化。祝您早日康复！",18
2,4,14,human,好的，那病因就可能是药物的副作用，那需要换药或停止使用吗,75
2,4,14,model,"我无法替代专业医生为您提供确切的建议，但是如果您怀疑晕倒症状可能与思诺思有关，您应该尽快与您的医生联系。医生会根据您的症状和病史来判断是否需要调整药物剂量、更换药物或停止使用。

请不要自行停止使用药物，因为突然停药可能会导致戒断症状或加重您的抑郁和焦虑。您的医生可能会为您制定一个逐步减少剂量的计划，以便安全地停止使用药物。

在与医生交流时，请详细描述您的晕倒症状、发作频率和持续时间，以及药物使用情况，这将有助于医生更好地评估您的病情。请遵循医生的建议并密切关注您的症状变化。祝您早日康复！",46
2,4,14,human,好的，那我在生活中应该注意什么,26
2,4,14,model,"在生活中，为了保持身心健康，您可以注意以下几点：

1. 保持规律作息：确保每天按时上床睡觉和起床，保持一致的作息时间，有助于调整生物钟和提高睡眠质量。
2. 健康饮食：保持均衡的饮食，多吃蔬菜、水果、全谷类、瘦肉等营养丰富的食物，避免过多的油腻、高糖、高盐食物。
3. 适量运动：每周进行至少150分钟的中等强度有氧运动，如散步、游泳、慢跑等，有助于提高心肺功能和缓解焦虑。
4. 管理压力：学会应对生活中的压力，如工作、家庭等。您可以尝试一些放松技巧，如深呼吸、瑜伽、冥想等，以减轻压力。
5. 保持社交活跃：与家人和朋友保持联系，分享您的感受和快乐时光，以获得支持和帮助。
6. 避免不良生活习惯：限制咖啡因和酒精摄入，戒烟，这些都可能影响睡眠和心理健康。
7. 定期体检：定期进行身体检查，以便及时发现和处理潜在的健康问题。

如果您在生活中遇到困难，如晕倒、焦虑或其他健康问题，请及时就诊并遵循医生的建议。关注生活细节和保持健康的生活方式，可以帮助您更好地面对这些问题。祝您身体健康！",79
2,4,14,human,好的，谢谢,24
2,4,14,model,您很客气，张女士！如果您有任何其他问题或需要帮助，请随时提问。祝您身体健康、生活愉快！,29
