﻿1,4,8,human,你好，我最近有耳鸣，眼前老是发黑,24
1,4,8,model,"你好！我不是医生，但我可以提供一些建议。耳鸣和眼前发黑可能有多种原因，包括疲劳、压力、高血压、缺乏锻炼、耳部感染等。以下是一些建议：

1. 保持充足的休息，避免过度劳累。
2. 减轻压力，尝试一些放松技巧，如深呼吸、冥想、瑜伽等。
3. 保持良好的生活习惯，如均衡饮食、适量锻炼、保持良好的睡眠等。
4. 若有必要，请寻求专业医生的建议，以便进行更详细的检查和诊断。

请注意，这些建议不能替代专业医疗建议。如果症状持续或恶化，请务必寻求专业医生的帮助。",78
1,4,8,human,我也有心悸感，走路喘,44
1,4,8,model,"抱歉听到您的这些症状。心悸和呼吸急促可能是由多种原因引起的，包括焦虑、压力、过度劳累、高血压、心脏病等。以下是一些建议：

1. 保持充足的休息，避免过度劳累。
2. 减轻压力，尝试一些放松技巧，如深呼吸、冥想、瑜伽等。
3. 保持良好的生活习惯，如均衡饮食、适量锻炼、保持良好的睡眠等。
4. 停止或减少摄入刺激性物质，如咖啡、茶、烟草等。
5. 请尽快咨询专业医生，以便进行更详细的检查和诊断。

请注意，这些建议不能替代专业医疗建议。如果症状持续或恶化，请务必寻求专业医生的帮助。",21
1,4,8,human,是的，我有高血压，高血脂,39
1,4,8,model,"既然您已经了解到自己患有高血压和高血脂，这些症状可能与这些状况有关。以下是一些建议来帮助您管理这些状况：

1. 保持健康的饮食：减少盐、糖和饱和脂肪的摄入，增加蔬菜、水果和全谷物的摄入。
2. 保持适量锻炼：每周进行至少150分钟的中等强度有氧运动，如快走、慢跑、游泳等。
3. 保持健康的体重：通过健康的饮食和运动习惯来实现或维持健康的体重。
4. 戒烟限酒：避免吸烟，限制酒精摄入。
5. 学会管理压力：尝试冥想、瑜伽、深呼吸等方法来缓解压力。
6. 定期监测血压和血脂水平，并遵循医生的建议。
7. 如果医生建议使用药物治疗，请确保按照医嘱服药。

请注意，这些建议不能替代专业医疗建议。如果您对自己的症状感到担忧，建议您咨询医生，以便制定个人化的治疗计划。",23
1,4,8,human,好的，我平时有爬山的爱好,39
1,4,8,model,"爬山是一项很好的锻炼方式，可以帮助您保持身体健康，增强心肺功能，并有助于降低高血压和高血脂。在进行爬山锻炼时，请注意以下几点：

1. 选择合适的山：根据自己的体力和经验，选择适合自己的山。避免选择过于陡峭或技术要求过高的山。
2. 准备充足：确保携带足够的水、食物、防晒霜等物品。穿着舒适、适合户外活动的鞋子和衣物。
3. 热身运动：在开始爬山前进行简单的热身运动，如拉伸、走路等，以避免拉伤或扭伤。
4. 保持适当的运动强度：根据自己的身体状况，控制运动强度。避免过度劳累。如果感到心悸、呼吸急促等不适症状，请暂停锻炼，并在症状缓解后再继续。
5. 适应高海拔：如果您爬高海拔的山，请确保充分适应高海拔环境。高海拔可能导致高原反应，如头痛、恶心等症状。逐步增加海拔高度，并在每个高度停留一段时间以适应。

进行爬山锻炼时，请确保安全第一，根据自己的身体状况进行适当调整。同时，定期监测自己的血压和血脂水平，并遵循医生的建议。祝您健康！",32
1,4,8,human,我容易摔倒，这个运动是不是会增加风险,140
1,4,8,model,"如果您容易摔倒，那么确实需要在进行爬山运动时多加注意安全。以下是一些建议来降低摔倒的风险：

1. 选择合适的山：避免选择陡峭或地形复杂的山。选择平缓且有良好步道的山，以降低摔倒的可能性。
2. 穿着合适的鞋子：穿合适的徒步鞋，具有良好的抓地力和支撑性，可以降低摔倒的风险。
3. 使用登山杖：登山杖可以帮助您保持平衡，减轻膝盖和脚踝的压力，降低摔倒的风险。
4. 注意步伐和平衡：保持稳定的步伐，避免突然改变速度或方向。在下坡时，尤其要注意脚下的路面状况，确保行走稳定。
5. 避免在恶劣天气中徒步：雨、雪、冰等恶劣天气会增加路面湿滑，提高摔倒的风险。请尽量避免在这些条件下徒步。

总之，在进行爬山运动时，请确保安全第一。如果您仍然担心摔倒的风险，可以考虑其他锻炼方式，如游泳、瑜伽、室内健身等。这些运动同样有益于您的心血管健康。",37
1,4,8,human,我能请问一下药的用法吗，我一直用卡托普利,36
1,4,8,model,"我不是医生，但我可以提供关于卡托普利（Captopril）的一般信息。卡托普利是一种ACE抑制剂，通常用于治疗高血压和心力衰竭。

关于卡托普利的用法，请遵循以下一般建议：

1. 请遵循医生的建议和处方，按照医生指示的剂量和时间服用卡托普利。
2. 卡托普利通常以口服片剂形式提供，可在餐前或餐后服用。与食物一起服用可能有助于减少胃部不适。
3. 请勿突然停止服用卡托普利，除非医生建议这样做。突然停药可能导致血压升高。
4. 在服用卡托普利期间，定期监测血压，以确保药物有效降低血压。
5. 与医生讨论任何可能影响您服用卡托普利的其他药物、补充剂或草药。

请注意，这些信息不能替代专业医疗建议。在使用卡托普利期间，如果您对药物剂量或治疗方案有任何疑问，请咨询医生。同时，请向医生报告任何副作用或不适，以便根据您的具体情况调整治疗方案。",41
1,4,8,human,如果我想进一步了解病情，我需要做哪些检查,38
1,4,8,model,"如果您想进一步了解自己的病情，建议您寻求医生的专业建议。针对您提到的高血压、高血脂、心悸、呼吸急促等症状，以下是一些建议的检查项目：

1. 血压监测：定期测量和记录血压水平，以评估您的高血压控制情况。
2. 血脂检查：通过血液检查评估胆固醇、甘油三酯等血脂水平，以监测高血脂状况。
3. 心电图（ECG）：检查心脏的电活动，以评估心脏功能和排除心脏病。
4. 胸部X光：评估肺部和心脏结构，以排除肺部感染或其他呼吸系统疾病。
5. 心脏超声：通过无创性成像技术评估心脏结构和功能，以排除心脏病。
6. 血液检查：全血细胞计数、血糖、肾功能等常规血液检查，以了解您的整体健康状况。
7. 荷尔监测：长时间监测心电图，以检查心律失常等可能导致心悸的问题。

请注意，这些建议不能替代专业医疗建议。您应该咨询医生，以便根据您的具体症状和状况确定最合适的检查项目。医生会根据检查结果为您制定个性化的治疗计划。祝您身体健康！",33
1,4,8,human,好的谢谢,56
1,4,8,model,不客气！如果您有其他问题或需要帮助，请随时向我咨询。祝您健康快乐！,9
