﻿4,3,28,human,你好，我现在怀孕21周，有2次流产，现在有晕厥的问题,50
4,3,28,model,您好，请您告诉我晕厥的情况。是突然晕倒吗？有没有其他症状？,-6
4,3,28,human,我一共有2次，第一次只是感觉心悸、跳的快，第二次心跳加速，2秒钟就眼前发黑，晕了过去，无胸痛、呕吐白沫,71
4,3,28,model,这种情况在怀孕期间是比较常见的，您是否有其他不适症状？比如头晕、乏力等？,-6
4,3,28,human,偶有,12
4,3,28,model,您需要及时到医院进行检查，排除心脏疾病和贫血的可能性。您是否有其他疾病史？,-6
4,3,28,human,2次早孕流产，妊娠期高血压，无家族病史,18
4,3,28,model,流产和妊娠期高血压都是需要重视的症状。建议您进行全面的检查，包括心脏超声、心电图、血压监测、血液检查等。如果有必要，可以进行羊水穿刺等检查。同时，您需要注意休息，避免过度劳累和情绪波动，保持良好的饮食和心情。如果医生确诊为心脏疾病或贫血，会给您开具相应的药物治疗方案。祝您早日康复。,-4
4,3,28,human,基本的检查和心脏都做过，诊断是室上性心动过速,26
4,3,28,model,您好，根据您的描述，您被诊断为室上性心动过速。这是一种心律失常，通常是由于心脏的电信号在心脏的上部而不是在心脏的下方产生而引起的。这可能会导致心脏跳动过快，从而导致头晕、乏力、心悸等症状。治疗方案取决于您的具体情况，但通常包括药物治疗和手术治疗。药物治疗可以帮助控制心律失常，而手术治疗则可以消除心脏中的电信号异常。建议您咨询专业医生，以确定最佳治疗方案。同时，您需要注意休息，避免过度劳累和情绪波动，保持良好的饮食和心情。祝您早日康复。,-3
4,3,28,human,那我其他的检查会对胎儿有什么影响,77
4,3,28,model,您好，其他检查对胎儿的影响取决于具体的检查项目和您的怀孕情况。例如，如果您的怀孕是正常的，没有其他严重症状，无创产前检测和其他常规检查都不会对胎儿造成影响。但是，如果您有其他疾病或症状，这些检查可能会对胎儿产生一定的影响。因此，建议您在咨询专业医生之前，告知医生您的怀孕情况，以便他们能够为您提供适当的检查和治疗方案。此外，您需要注意休息，避免过度劳累和情绪波动，保持良好的饮食和心情，以确保您和胎儿的健康。祝您早日康复。,-4
4,3,28,human,我比较担心辐射,13
4,3,28,model,患者您好，感谢您的提问。磁共振成像(MRI)是一种无创的检查方法，不会对身体产生辐射。在进行MRI检查时，您需要躺在长长的、宽敞的磁共振室内，保持静止，整个过程大约需要30-60分钟。在检查过程中，您需要将身体置于一个铁制的“人体屏蔽”中，以保护身体不受磁场的干扰。同时，您需要脱掉金属物品，如手表、耳环、项链、扣子等，因为这些物品可能会产生电流，干扰检查结果。如果您有心脏病、金属植入物、癫痫病等疾病，需要提前告知医生，以便医生能够更好地评估您的检查风险。总之，MRI检查是一种安全有效的检查方法，可以帮助医生了解您的身体情况，如果您有任何疑虑或者担心，可以随时向医生提出，他们会为您解答和提供帮助。祝您健康！,-2
4,3,28,human,那射频消融的治疗方案呢,68
4,3,28,model,您好，射频消融是一种治疗室上性心动过速的方法。射频消融手术是通过导管经血管引导到心脏，使用射频能量烧灼心脏内的异常传导组织，从而恢复正常的心律。但是，射频消融手术也有一定的风险，包括出血、心律失常、血栓形成等。因此，在进行射频消融手术之前，医生会进行全面的评估，包括心脏超声、心电图、心脏磁共振等检查，以确定手术的可行性和风险。如果您的医生认为射频消融手术适合您，他们会详细解释手术的过程、风险和预后，并与您共同决定是否进行手术。如果您有任何疑问或担心，可以随时向医生提问，他们会为您解答和提供帮助。祝您健康！,-2
4,3,28,human,这个会对胎儿有什么影响,20
4,3,28,model,尊敬的患者，您好。根据您的描述，您担心磁共振成像(MRI)会对胎儿产生影响。事实上，MRI是一种安全的检查方法，不会对胎儿产生辐射。在进行MRI检查时，您需要躺在长长的、宽敞的磁共振室内，保持静止，整个过程大约需要30-60分钟。在检查过程中，您需要将身体置于一个铁制的“人体屏蔽”中，以保护身体不受磁场的干扰。同时，您需要脱掉金属物品，如手表、耳环、项链、扣子等，因为这些物品可能会产生电流，干扰检查结果。如果您有早孕流产史、妊娠期高血压、无家族病史等情况，医生会根据您的情况进行评估，并决定是否进行MRI检查。总之，MRI检查是一种安全有效的检查方法，可以帮助医生了解您的身体情况。如果您有任何疑虑或担心，可以随时向医生提问，他们会为您解答和提供帮助。祝您和胎儿健康！,-2
4,3,28,human,好的，想再咨询一下药物治疗,21
4,3,28,model,尊敬的患者，您好。根据您的病情，医生可能会给您开具抗心律失常药物，如盐酸胺碘酮、盐酸普萘洛尔、盐酸索他洛尔等，以帮助控制心律失常。这些药物可以通过调节心脏的电信号来达到治疗的效果。但是，药物治疗也有一定的副作用，如头晕、乏力、恶心、呕吐等。因此，在使用药物治疗时，您需要按照医生的指导进行用药，并定期复查以评估治疗的效果和调整药物剂量。同时，您需要注意休息，避免过度劳累和情绪波动，保持良好的饮食和心情，以帮助控制病情。如果您有任何疑问或担心，可以随时向医生提问，他们会为您解答和提供帮助。祝您早日康复！,-2
