﻿5,2,37,human,你好，我的孩子老是无缘无故晕倒,23
5,2,37,model,您好，孩子晕倒的原因可能有很多种，需要进一步了解他的症状和病史。您能否告诉我孩子的年龄、晕倒的频率、时间、是否伴随着其他症状，以及孩子是否有过相关的病史或家族病史？这些信息有助于我们更好地了解孩子的情况，并提供更详细的建议和治疗方案。同时，建议您带孩子去医院做一些必要的检查，如血常规、心电图等，以确定病因。祝您和孩子健康！,-3
5,2,37,human,在玩耍、低头、久站会出现恶心头痛，面色苍白、大汗，然后就晕倒，1-2分钟会自己好，但精神状态不好,43
5,2,37,model,根据您提供的症状，孩子可能患有晕厥，这是一种常见的症状，可能由多种原因引起，包括但不限于心血管问题、神经问题、代谢紊乱、药物不良反应等。建议您带孩子到医院做一些必要的检查，如心电图、头颅CT、血常规等，以确定病因。同时，建议孩子避免在玩耍、低头、久站时突然站起，以免发生晕厥。如果孩子在站立或行走时出现晕厥，可以坐下来，慢慢地走动，避免突然起立。如果孩子有晕厥的症状，建议及时就医，以免延误治疗。祝孩子早日康复！,-2
5,2,37,human,上一次有抽搐和大小便失禁，120送到医院，经过好几个检查说是血管迷走性晕厥,49
5,2,37,model,血管迷走性晕厥是一种常见的晕厥类型，通常由血管迷走神经兴奋引起，导致脑部血液减少，从而引起晕厥。您提到孩子上次出现抽搐和大小便失禁，这可能与晕厥有关，但也可能是其他疾病的表现。建议您带孩子到医院进行全面的检查，包括神经系统、心血管系统、内分泌系统等方面的检查，以确定病因。同时，建议孩子避免长时间站立、坐着或突然站起，保持良好的姿势，避免过度劳累和情绪波动。如果孩子出现晕厥，应尽快就医，以免延误治疗。祝孩子早日康复！,-2
5,2,37,human,还有就是这个孩子是早产，我怀他时有低蛋白血症，高血糖,85
5,2,37,model,早产和低蛋白血症、高血糖等情况都可能导致晕厥，因此建议您带孩子到医院进行全面的检查，包括神经系统、心血管系统、内分泌系统等方面的检查，以确定病因。同时，建议孩子保持良好的饮食习惯，多吃富含蛋白质、维生素和矿物质的食物，以维持身体的营养和健康。如果孩子出现晕厥，应及时就医，以免延误治疗。祝孩子早日康复！,-4
5,2,37,human,好的，还有癫痫，我该怎么办,10
5,2,37,model,如果孩子同时患有癫痫和晕厥，建议您带孩子到医院进行全面的检查，包括神经系统、心血管系统、内分泌系统等方面的检查，以确定病因。对于癫痫，建议您积极控制孩子发作的频率和强度，避免诱因，如过度疲劳、情绪波动等。同时，定期复诊，按医生的建议进行药物治疗和手术治疗，以控制癫痫的发作。对于晕厥，建议孩子避免长时间站立、坐着或突然站起，保持良好的姿势，避免过度劳累和情绪波动。如果孩子出现晕厥，应及时就医，以免延误治疗。祝孩子早日康复！,-2
5,2,37,human,好的，小朋友如果装了起搏器能好吗，以后能不能坐飞机,22
5,2,37,model,装有起搏器的患者在某些情况下可能需要进行紧急治疗，如心跳骤停等。但是，对于大多数情况下的晕厥，装有起搏器的患者通常可以安全地飞行。具体情况需要根据患者的病史、治疗方案、起搏器的类型等因素进行评估和决策。建议您咨询医生或专业医疗机构，根据孩子的具体情况，进行个性化的治疗和管理方案。同时，孩子在进行任何形式的交通工具之前，都需要进行全面的身体检查和评估，以确保安全。祝孩子早日康复！,-3
5,2,37,human,好的，在以后生活里，有什么方法能让他有更高的积极性,40
5,2,37,model,"孩子在成长过程中，需要家长的关爱和支持，帮助他们建立自信心和积极的心态。以下是一些可能有助于提高孩子积极性的建议：

1. 鼓励孩子参与各种活动，包括体育、音乐、艺术等，让他们在自己的兴趣领域中获得成就感和满足感。

2. 培养孩子的社交能力，鼓励他们与不同年龄段的人交流，增加他们的社交经验。

3. 培养孩子的自理能力，让他们能够独立完成一些简单的家务，如整理房间、洗衣服等。

4. 给予孩子足够的关注和支持，让他们感受到爱和关怀，增强他们的自信心。

5. 培养孩子的独立性和责任心，让他们承担一些适当的责任，如帮助父母照顾家庭、做家务等。

6. 让孩子感受到学习的乐趣和成就感，鼓励他们积极学习和探索新知识。

7. 创造一个安全、和谐、温馨的家庭环境，让孩子感受到家庭的温暖和支持。

总之，让孩子感受到被爱、被关注、被支持，让他们在自己的兴趣和爱好中获得成就感和满足感，有助于提高他们的积极性。同时，家长也需要给予孩子足够的关注和支持，帮助他们建立自信心和积极的心态。祝孩子健康成长，快乐学习！",0
