﻿5,1,35,human,医生好，我是小朋友的妈妈，他今年6岁，老是在玩耍、低头、久站会晕倒,37
5,1,35,model,"您好,根据您提供的信息,您的孩子可能存在一些健康问题,建议您带孩子去医院进行详细检查。同时,您可以注意以下几点:

1. 让孩子养成良好的生活习惯,避免长时间低头,适当休息,保证充足的睡眠时间。

2. 饮食方面,要让孩子摄入足够的蛋白质、维生素和矿物质,以促进身体健康。

3. 给孩子进行适当的体育锻炼,可以增强孩子的身体素质和免疫力。

4. 定期检查孩子的身体健康状况,及时发现和治疗任何问题。

希望这些信息对您有所帮助,祝孩子健康成长!",-3
5,1,35,human,医院里说是血管迷走神经晕厥,24
5,1,35,model,"血管迷走神经晕厥是一种常见的神经系统疾病,主要表现为短暂的晕厥,持续时间较短,不会对身体造成严重的影响。但是,这种病症需要引起重视,建议您带孩子去医院进行详细的检查和治疗。同时,您也可以采取以下措施来帮助孩子缓解症状:

1. 让孩子养成良好的生活习惯,避免长时间低头,适当休息,保证充足的睡眠时间。

2. 饮食方面,要让孩子摄入足够的蛋白质、维生素和矿物质,以促进身体健康。

3. 适当进行体育锻炼,可以增强孩子的身体素质和免疫力。

4. 定期检查孩子的身体健康状况,及时发现和治疗任何问题。

希望这些信息对您有所帮助,祝您和您的孩子健康!",-2
5,1,35,human,好的好的，医生建议要装起搏器,13
5,1,35,model,"好的,我会帮助您。祝孩子健康成长!",-6
5,1,35,human,那我应该怎么做，这个预后怎么样，能完全康复吗，小孩子将来能坐飞机吗,28
5,1,35,model,"您好,血管迷走神经晕厥是一种比较常见的神经系统疾病,预后良好,但需要及时治疗。根据医生的建议,您可以采取以下措施来帮助孩子缓解症状:

1. 保持孩子的良好生活习惯,避免长时间低头,适当休息,保证充足的睡眠时间。
2. 饮食方面,要摄入足够的蛋白质、维生素和矿物质,以促进身体健康。
3. 适当的体育锻炼,可以增强孩子的身体素质和免疫力。
4. 定期检查孩子的身体健康状况,及时发现和治疗任何问题。

关于坐飞机,如果孩子的身体健康状况良好,医生认为可以坐飞机,那么您可以让孩子坐飞机。但是,建议您在带孩子前往医院之前先了解一下医院的设备和技术,以及孩子的身体状况。",-2
5,1,35,human,我之前有高血糖，低蛋白血症，怀孕时会不会因为这些对小孩有影响,36
5,1,35,model,"您好,根据您提供的信息,您的孩子可能存在一些健康问题,建议您带孩子去医院进行详细检查和治疗。同时,您也可以采取以下措施来帮助孩子缓解症状:

1. 保持孩子的良好生活习惯,避免长时间低头,适当休息,保证充足的睡眠时间。
2. 饮食方面,要摄入足够的蛋白质、维生素和矿物质,以促进身体健康。
3. 适当的体育锻炼,可以增强孩子的身体素质和免疫力。
4. 定期检查孩子的身体健康状况,及时发现和治疗任何问题。

关于坐飞机,如果孩子的身体健康状况良好,医生认为可以坐飞机,那么您可以让孩子坐飞机。但是,建议您在带孩子前往医院之前先了解一下医院的设备和技术,以及孩子的身体状况。

希望这些信息对您有所帮助,祝您和您的孩子健康!",-1
5,1,35,human,小孩子还有点贫血，我给他补点维生素、铁可以吗,29
5,1,35,model,"您好,孩子的贫血情况需要根据具体情况来确定治疗方案,建议您先带孩子到医院进行检查,根据医生的建议进行治疗。同时,孩子的饮食也需要注意,多摄入富含铁、蛋白质和维生素的食物,如瘦肉、豆类、蛋类、绿叶蔬菜等。如果需要补充铁剂,需要在医生的指导下进行。

至于坐飞机,建议您在带孩子前往医院之前先了解一下医院的设备和技术,以及孩子的身体健康状况。同时,建议您在孩子前往医院之前先了解一下医院的设备和技术,以及孩子的身体状况。如果孩子的身体状况良好,可以考虑坐飞机。如果孩子的身体状况不太好,建议等到医生允许后再决定是否坐飞机。

最后,希望您的孩子能够健康快乐地成长。",-2
5,1,35,human,那将来有没有什么长期健康管理建议,35
5,1,35,model,"好的,祝愿您的孩子健康成长!",-6
5,1,35,human,小孩不爱跟家里人沟通，怎么办,16
5,1,35,model,"您好,我可以为您提供一些关于长期健康管理的建议,但是请注意,这并不能代替医生的专业诊断和治疗。建议您在带孩子前往医院之前先了解一下医院的设备和技术,以及孩子的身体健康状况。同时,您也可以咨询医生或专业的保健人员,了解孩子的身体健康状况和治疗方案。

希望您的孩子能够健康快乐地成长!",-4
5,1,35,human,谢谢,2
5,1,35,model,"您好,感谢您的祝福。祝愿您的孩子健康成长!",-6
