﻿5,3,40,human,你好，我的小孩6岁，老是晕倒，集中发生在过去一个月，我很担心,25
5,3,40,model,你好，请问你小孩晕倒的时候有没有出现其他症状？,-6
5,3,40,human,玩耍、低头、久站会出现，有恶心头晕，出汗，最后一次最严重，抽搐还有大小便失禁，直接送医院,39
5,3,40,model,好的，这些症状非常严重，请问在送医院之前您是否使用过紧急药物？,-6
5,3,40,human,药物不清楚，但医生说是血管迷走性晕厥,20
5,3,40,model,好的，您说的小孩是男孩还是女孩？,-6
5,3,40,human,男孩,6
5,3,40,model,好的，我建议您带孩子去做一个心脏超声检查，以排除先天性心脏问题。,-6
5,3,40,human,好的,2
5,3,40,model,请问您的小孩最近是否有感冒、发热等症状？,-6
5,3,40,human,没有，但血压一直比较低，80/40，还有一点贫血，但家里人都没有,28
5,3,40,model,好的，我建议您带孩子去看一位儿科医生，进行全面的身体检查。根据您描述的症状，孩子可能患有癫痫病，需要进行脑电图检查以排除癫痫病的可能性。此外，孩子的血压和贫血也需要进一步的检查和治疗。在治疗方面，孩子可能需要服用抗癫痫药物和补充铁剂。此外，建议孩子多喝水、多休息、避免长时间站立或久坐，保持良好的生活习惯。最后，祝愿您的孩子早日康复。,-4
5,3,40,human,小朋友有点显得,8
5,3,40,model,您的孩子可能患有小儿原发性癫痫，需要进行脑电图检查以排除其他疾病的可能性。建议您带孩子去医院进行检查和治疗。在治疗方面，孩子可能需要服用抗癫痫药物，如丙戊酸钠、卡马西平等。同时，建议孩子定期进行脑电图检查，以监测病情变化。此外，孩子在发作期间需要保持安静，避免受伤。在日常生活中，建议孩子避免过度疲劳和精神紧张，保持规律的作息时间，避免过度刺激。最后，祝愿您的孩子早日康复。,-4
5,3,40,human,是的，小朋友有癫痫,10
5,3,40,model,您的孩子可能患有小儿原发性癫痫，这是一种常见的神经系统疾病。建议您带孩子去医院进行脑电图检查和血液检查，以确诊病情。在治疗方面，孩子可能需要长期服用抗癫痫药物，如丙戊酸钠、卡马西平等。同时，建议孩子定期进行脑电图检查，以监测病情变化。此外，孩子在发作期间需要保持安静，避免受伤。在日常生活中，建议孩子避免过度疲劳和精神紧张，保持规律的作息时间，避免过度刺激。最后，祝愿您的孩子早日康复。,-4
5,3,40,human,好的，我会让他长期用药的，但是如果装起搏器能让病情好转吗,26
5,3,40,model,"装起搏器是一种治疗心脏节律失常的方法，但是对于小儿原发性癫痫的治疗效果有限。起搏器主要适用于心脏停搏或严重窦性心动过缓的患者，它可以模拟人体自身的起搏功能，保持心脏的正常节律。但是对于癫痫病的治疗，起搏器并不能直接改善病情。

对于小儿原发性癫痫的治疗，一般采用抗癫痫药物进行控制。这些药物可以减少癫痫发作的频率和强度，从而改善患者的生活质量。常用的抗癫痫药物包括丙戊酸钠、卡马西平等。在治疗过程中，建议患者定期进行脑电图检查，以监测病情变化。

除了药物治疗，还可以采用其他治疗方法，如手术治疗。手术治疗主要适用于癫痫病灶明确且药物治疗无效的患者。手术治疗可以通过切除病灶或者刺激神经组织来控制癫痫发作。

最后，建议您带孩子去医院进行全面的身体检查和专科治疗，以便更好地控制病情。祝您孩子早日康复。",-2
5,3,40,human,好的，我担心装了起搏器他以后不能坐飞机,15
5,3,40,model,"装了起搏器的患者在坐飞机时需要特别注意，因为过压可能会对起搏器产生不良影响。一般来说，飞行高度在12,000英尺以上时，气压会下降，这可能会导致心脏负荷加重，容易引起心脏不适。因此，建议您在孩子需要乘坐飞机时，提前咨询医生的意见，看是否需要采取措施来减轻心脏负荷。此外，孩子在飞行前也需要进行一些必要的检查，如心电图和血压监测，以确保心脏健康状况良好。",-4
5,3,40,human,好的好的，那有没有长期健康管理协议,13
5,3,40,model,是的，对于患有慢性疾病的患者，如高血压、糖尿病等，医院通常会与患者签订长期健康管理协议，制定个性化的治疗和预防方案，定期进行体检和监测，以便及时调整治疗方案，控制病情，预防并发症的发生。对于小儿原发性癫痫的患者，医院也会制定相应的长期健康管理协议，定期进行脑电图检查和血液检查，以便及时调整治疗方案，控制病情。同时，患者也需要定期复诊，遵循医生的建议，保持良好的生活习惯，如规律作息、饮食健康等，以维持身体健康。,-3
5,3,40,human,谢谢，我会采纳的,9
5,3,40,model,不客气，希望您和您的孩子能够早日康复。如果您有任何其他问题或疑虑，请随时咨询医生。,-5
