﻿1,3,5,human,医生好，我最近眼前发黑，走路不稳，老是摔跤，胸闷气短，想问问是什么病,58
1,3,5,model,您好，根据您描述的症状，眼前发黑、走路不稳、老是摔跤、胸闷气短可能是由于大脑供血不足引起的。这种情况可能是由于脑血管病变引起的，需要进一步检查明确诊断。建议您及时到医院进行检查，包括心电图、脑血管超声、血脂、血糖等检查，以便明确病因。同时，建议您注意控制血压、血脂和血糖，保持良好的生活习惯，如适量运动、健康饮食、避免熬夜等，以预防病情的恶化。如果您有其他疑问或需要进一步的帮助，请随时与我们联系。祝您早日康复！,-4
1,3,5,human,我有高血压高血脂，是不是这个引起的,23
1,3,5,model,您好，根据您提供的信息，高血压和高血脂是引起脑血管病变的两个主要原因之一。当血压或血脂升高时，会导致动脉硬化，进而影响脑部供血，引发脑血管病变。脑血管病变的症状包括眼前发黑、走路不稳、老是摔跤、胸闷气短等。建议您积极控制血压和血脂，遵循医生的治疗方案，定期监测血压和血脂水平，同时注意改善生活习惯，如适量运动、健康饮食、避免熬夜等，以预防病情的恶化。如果您有其他疑问或需要进一步的帮助，请随时与我们联系。祝您健康！,-3
1,3,5,human,我以前做过肺结节手术，心脏也有房颤，心室肥大,49
1,3,5,model,"您好，根据您提供的信息，您之前做过肺结节手术并且有心脏房颤和心室肥大的情况。这些情况都可能会对您的身体产生影响，包括脑血管病变的可能性。因此，建议您定期进行心脏和脑部的检查，以便及时发现和治疗任何潜在的问题。

此外，您提到了高血压和高血脂，这些都是导致脑血管病变的常见因素。因此，建议您积极控制这些疾病，遵循医生的治疗方案，并定期监测血压和血脂水平。

最后，如果您有任何其他疑问或需要进一步的帮助，请随时与我们联系。我们会尽力为您提供最好的医疗建议和帮助。祝您健康！",-3
1,3,5,human,我应该做什么检查,27
1,3,5,model,"您好，根据您的症状，建议您进行脑血管造影检查，以明确脑血管病变的情况。脑血管造影是一种通过注射对比剂来观察脑血管情况的检查方法，可以帮助医生确定是否存在脑血管病变。

除此之外，建议您进行头颅MRI检查，以了解是否存在其他潜在的问题。MRI检查可以提供详细的脑部图像，帮助医生更好地了解您的病情。

如果您的症状持续存在，建议您及时就医，以便及早诊断和治疗。同时，注意保持良好的生活习惯，如适量运动、健康饮食、避免熬夜等，以预防病情的恶化。

如果您还有其他问题或需要进一步的帮助，请随时与我们联系。祝您健康！",-3
1,3,5,human,这个检查贵吗，医保报销吗,15
1,3,5,model,"您好，根据不同医院，脑血管造影检查的价格会有所不同。一般来说，市三甲医院约为3000至5000元左右。关于医保报销，脑血管造影属于临床必需项目，建议您携带医保证明前往医院咨询，以便了解具体的情况。

同时，建议您在就医前先了解自己的医保情况，以便更好地进行就医决策。如果您有其他问题或需要进一步的帮助，请随时与我们联系。祝您健康！",-4
1,3,5,human,那吃药呢,22
1,3,5,model,"您好，根据您的症状，建议您及时就医，以便及早诊断和治疗。针对高血压和高血脂，医生会根据您的具体情况开具相应的药物治疗方案。一般来说，针对高血压的治疗主要包括ACEI和ARB类药物、钙离子拮抗剂、β受体阻滞剂等，而针对高血脂的治疗主要包括他汀类药物等。但是，药物只是缓解症状和控制疾病进展的一种方法，还需要结合良好的生活习惯和医生的指导进行综合治疗。

此外，建议您定期监测血压和血脂水平，按时按量服用药物，避免过度劳累和情绪波动，保持良好的心态和生活习惯，有助于预防病情的恶化。

最后，如果您有任何其他疑问或需要进一步的帮助，请随时与医生联系。祝您健康！",-2
1,3,5,human,我常年用卡托普利，也用过他汀，但这个高血脂的药最近不吃了,56
1,3,5,model,"您好，根据您提供的情况，您常年使用卡托普利治疗高血压，同时也使用了他汀类药物来降低血脂。但是，最近您表示不再使用高血脂药物了。首先，需要说明的是，您目前是否存在高脂血症，需要通过检查来明确。如果您确实存在高脂血症，那么需要继续使用他汀类药物来控制血脂。

需要注意的是，卡托普利和他汀类药物都是治疗高血压和降低血脂的常用药物，但是它们的作用机制不同，需要根据具体情况进行选择和调整。如果您已经存在高脂血症，那么需要继续使用他汀类药物来控制血脂。如果您没有高脂血症，那么可以考虑停用他汀类药物。

最后，建议您及时就医，以便及早诊断和治疗。同时，注意保持良好的生活习惯，如适量运动、健康饮食、避免熬夜等，以预防病情的恶化。如果您有任何其他问题或需要进一步的帮助，请随时与医生联系。祝您健康！",-1
1,3,5,human,我跟子女老伴一起住的，平时有什么要注意的,69
1,3,5,model,"您好，如果您和子女老伴一起住，平时需要注意以下几点：

1. 保持室内通风：定期开窗通风，保持室内空气流通，有助于减少病毒和细菌的传播。

2. 定期消毒：定期对室内进行消毒，特别是经常接触的物品，如门把手、桌面等，可以使用含酒精成分的消毒液进行擦拭。

3. 注意个人卫生：勤洗手、勤换洗衣物、保持身体清洁，有助于减少病毒和细菌的感染。

4. 避免聚集：减少外出，避免到人群密集的地方，尤其是疫情严重的地区。

5. 保持良好的营养和充足的睡眠：保持良好的营养和充足的睡眠有助于增强身体免疫力，减少病毒和细菌的感染。

6. 定期复查：如有不适症状，及时就医并定期复查，以便及早发现和治疗疾病。

希望以上建议对您有所帮助。如果您还有其他问题或需要进一步的帮助，请随时与医生联系。祝您健康！",-1
1,3,5,human,我也不懂医，吃的方面有什么讲究,83
1,3,5,model,"尊敬的患者，您好！关于饮食方面，我可以给您一些建议。首先，建议您多吃新鲜蔬菜和水果，因为它们富含维生素和纤维素，有助于增强免疫力，减少病毒和细菌的感染。其次，建议您多吃富含维生素A、维生素C和维生素E的食物，如胡萝卜、番茄、柑橘类水果、坚果等，这些食物有助于保护眼睛、心脏和血管健康。此外，建议您少吃高盐、高糖、高脂肪的食物，如油炸食品、甜点、猪肉等，这些食物会增加身体的负担，不利于健康。最后，建议您每天保持充足的水分摄入，有助于维持身体的正常功能。

需要注意的是，以上建议仅供参考，具体的饮食方案需要根据您的身体状况和医生的建议来制定。如果您有任何其他问题或需要进一步的帮助，请随时与医生联系。祝您健康！",-2
1,3,5,human,生活作息什么的我睡的比较早，喜欢爬山，应该没什么问题吧,87
1,3,5,model,"您好，根据您提供的信息，您的日常生活作息和运动情况看起来比较健康，这也为您的早产埋下了隐患。建议您注意以下几点：

1. 避免过度劳累：过度劳累会增加早产的风险，因此建议您避免长时间工作或过度劳累，注意休息和放松。

2. 避免情绪波动：情绪波动也会影响子宫收缩，从而导致早产。因此，建议您保持心情愉快，避免情绪波动。

3. 避免过度刺激：一些过度刺激，如剧烈运动、性生活等，也可能会导致子宫收缩，从而引起早产。因此，建议您避免这些过度刺激，保持适度的运动和生活节奏。

此外，如果您在怀孕期间有任何不适或疑虑，请及时咨询医生，以便及时发现和处理问题。希望我的回答能对您有所帮助，祝您健康！",-2
1,3,5,human,好的谢谢,59
1,3,5,model,不客气，如果您还有其他问题或需要进一步的帮助，请随时联系医生。祝您健康！,-5
