﻿2,2,11,human,你好，我最近有2次突然的晕厥,31
2,2,11,model,您好，突然晕厥可能是由多种原因引起的，包括低血糖、脑血管疾病、心脏疾病、药物不良反应等。建议您尽快到医院进行全面的身体检查，包括血糖、血压、心电图、脑部CT等检查，以便确定病因并进行相应的治疗。此外，您在日常生活中也需要注意保持健康的生活方式，如规律的饮食、适当的运动、避免过度疲劳等，以预防晕厥的发生。如果您有任何其他问题，请随时向我咨询。祝您健康！,-3
2,2,11,human,我每次发作前有两眼一黑，大概半分钟，就好了,83
2,2,11,model,您描述的症状可能与晕厥有关，但也有可能是其他原因引起的，例如低血糖、低血压等。建议您再次到医院进行详细的身体检查，包括血压、血糖、血电解质等方面的检查，以确定病因。在等待就医的过程中，您可以注意保持充足的水分和饮食，避免过度疲劳和长时间站立，以预防晕厥的发生。如果晕厥再次发生，请立即就医，以避免意外发生。祝您早日康复！,-3
2,2,11,human,我感觉很焦虑，失眠，用的唑吡坦，会不会有影响,33
2,2,11,model,"唑吡坦是一种抗抑郁药物，常用于治疗抑郁症、焦虑症等精神疾病。该药物可以影响大脑中的神经递质，从而改善情绪和睡眠质量。但是，唑吡坦也有可能引起一些副作用，包括失眠、焦虑、头晕、恶心、便秘等。

根据您的描述，您正在使用唑吡坦，并且出现了焦虑和失眠的症状。建议您及时咨询医生，评估药物的疗效和可能的副作用，并根据医生的建议进行调整用药。同时，您还可以采取一些非药物治疗措施，如心理治疗、运动、放松技巧等，以缓解焦虑和失眠的症状。

总之，在使用任何药物之前，一定要咨询医生，并按照医生的建议使用。如果出现任何不良反应或症状，及时就医并告知医生您正在使用的药物。祝您早日康复！",-1
2,2,11,human,如果是副作用引起的，那这个药能不用吗,34
2,2,11,model,"当然，如果您出现了药物副作用，建议您及时咨询医生，评估药物的疗效和可能的副作用，并根据医生的建议进行调整用药。如果药物副作用严重或无法忍受，您可以考虑停药并咨询医生，以避免药物对身体产生不良影响。

此外，除了药物治疗外，还有很多非药物治疗措施可以缓解焦虑和失眠的症状，如心理治疗、运动、放松技巧等。您可以和医生沟通，了解这些非药物治疗的可行性和效果，并根据自己的情况选择适合自己的治疗方式。

总之，在使用任何药物之前，一定要咨询医生，并按照医生的建议使用。如果出现了任何不良反应或症状，及时就医并告知医生您正在使用的药物。同时，您也可以采取一些非药物治疗措施，以缓解焦虑和失眠的症状。祝您早日康复！",-1
2,2,11,human,我还有点贫血，有胃炎,26
2,2,11,model,"贫血和胃炎都可能引起身体不适和症状，建议您到医院进行全面的身体检查，包括血常规、肝功能、胃镜等检查，以确定病因。在等待就医的过程中，您可以注意饮食，多吃一些富含铁质和维生素C的食物，如红肉、绿叶蔬菜、柑橘类水果等，以帮助身体恢复健康。同时，避免过度劳累和精神紧张，保持良好的心态，也有助于改善贫血和胃炎的症状。

对于贫血，除了饮食调整外，还可以通过口服铁剂、注射铁剂、输血等方式进行治疗。对于胃炎，建议您避免辛辣、油腻、刺激性食物，多食用清淡易消化的食物，如米粥、面条、蒸蛋等，同时可以口服一些胃药，如奥美拉唑、抗酸药等，以缓解症状。

总之，建议您到医院进行全面的身体检查，以确定病因，并根据医生的建议进行治疗。同时，注意饮食和休息，保持良好的心态，有助于改善身体状况。祝您早日康复！",0
2,2,11,human,那治疗有什么措施,41
2,2,11,model,"治疗贫血和胃炎的措施主要包括以下几个方面：

1. 饮食调整：多吃富含铁质和维生素C的食物，如红肉、绿叶蔬菜、柑橘类水果等，以帮助身体恢复健康。

2. 口服铁剂：如果饮食调整无法改善贫血，可以口服铁剂，但需要在医生的指导下使用，并注意剂量和用药时间。

3. 注射铁剂：对于重度贫血，可以考虑注射铁剂，但需要在医生的指导下进行，并注意剂量和用药时间。

4. 输血：对于贫血严重或合并其他疾病的情况，可以考虑输血，但需要在医生的指导下进行。

5. 胃炎治疗：避免辛辣、油腻、刺激性食物，多食用清淡易消化的食物，如米粥、面条、蒸蛋等，同时可以口服一些胃药，如奥美拉唑、抗酸药等，以缓解症状。

6. 治疗原发病：如果贫血和胃炎是由其他疾病引起的，需要积极治疗原发病，如糖尿病、肝病等。

总之，治疗贫血和胃炎需要根据具体情况制定个体化的治疗方案，建议您到医院进行全面的身体检查，并根据医生的建议进行治疗。同时，注意饮食和休息，保持良好的心态，有助于改善身体状况。祝您早日康复！",2
2,2,11,human,家里有孩子老人要照顾，所以睡眠不足，有什么方法,57
2,2,11,model,"睡眠不足不仅会影响身体的健康，还会影响情绪和工作效率。建议您采取以下措施来提高睡眠质量：

1. 调整作息时间：尽量保证每天睡眠时间在7-8小时，尽量避免熬夜，建立良好的睡眠习惯。

2. 创造良好的睡眠环境：保持室内的安静和舒适，避免噪音和光线的干扰，如使用耳塞、眼罩等。

3. 运动锻炼：适当的运动可以促进血液循环，有助于放松身心，但不要在睡前进行剧烈运动。

4. 放松技巧：如瑜伽、冥想、深呼吸等，可以帮助放松身心，减轻压力和焦虑。

5. 饮食调整：避免吃过于刺激性的食物，如辣椒、咖啡、巧克力等，同时注意饮食均衡，摄入足够的营养。

6. 心理调节：保持良好的心态，避免过度紧张和焦虑，可以进行一些放松训练，如渐进性肌肉松弛、深度呼吸等。

总之，睡眠不足需要引起重视，建议您采取一些适当的措施来改善睡眠质量。如果您仍然无法入睡或睡眠质量不佳，建议您咨询医生，寻求专业帮助。祝您早日恢复健康！",1
2,2,11,human,好的,11
2,2,11,model,不客气，我很高兴能够帮到您。如果您有其他问题或需要进一步的帮助，请随时告诉我。祝您身体健康，心情愉快！,-5
