﻿3,3,24,human,你好，我是一名心律失常、冠心病、糖尿病、高血压患者，之前因为心源性晕厥入院，现在计划ICD植入,59
3,3,24,model,你好，我了解到你是一名心律失常、冠心病、糖尿病、高血压患者，现在计划ICD植入。ICD（心脏去颤器）可以帮助预防晕厥和猝死，但是在决定植入之前，我们需要对你的病情进行更详细的评估。你能告诉我你的症状是什么吗？,-5
3,3,24,human,在家里面一下子失去知觉就晕倒了，过几秒会自己好，120送急诊，期间还抽搐2次，检查下来是下壁心肌梗死，有缺血，还有室颤,74
3,3,24,model,非常抱歉听到你的病情，下壁心肌梗死和室颤都是严重的心脏问题。ICD是一种有效的治疗方法，可以帮助预防猝死。在决定是否植入ICD之前，我们需要评估你的病情和风险。你是否有其他心脏问题，如心房颤动或结构性心脏异常？我们还需要考虑你的年龄、性别、家族史等因素。另外，ICD植入是一种手术，需要在手术后进行康复和定期检查。你对这些方面是否有了解和考虑？,-4
3,3,24,human,我有室颤，陈旧心肌梗死，我56岁，男，家族有高血压病史,99
3,3,24,model,非常感谢你提供的信息。根据你的病情描述，你患有室颤和陈旧心肌梗死。这些疾病都可能导致心脏骤停和猝死。在决定是否植入ICD之前，我们需要进行一些检查，如心电图、心脏超声等，以确定你的病情和风险。ICD植入是一种有效的治疗方法，但是它也需要考虑你的年龄、性别、家族史等因素。ICD植入后，你需要进行康复和定期检查，以确保设备正常工作和维护你的健康。我们还需要定期监测你的病情，以便及时调整治疗方案。如果你有任何疑问或需要更多的信息，请随时与我联系。,-3
3,3,24,human,我能了解一下有关ICD价格，利弊，型号，电池等方面原因吗,31
3,3,24,model,当然可以。关于ICD的价格、型号和电池方面，我们需要根据你的具体情况来决定。ICD的价格因品牌和型号而异，通常从几千美元到几万美元不等。我们需要考虑你的病情、风险和预算来选择最适合你的ICD型号。ICD的型号有多种，包括单腔型和双腔型，以及内置电池和外部电池两种形式。我们需要在考虑你的病情和预算的同时，选择最适合你的ICD型号。关于ICD的电池方面，ICD通常需要定期充电，以确保设备正常工作。这些细节都需要我们在你的具体情况中得到答案后才能做出决策。如果你对价格、型号、电池等方面有任何疑问，请随时向我提问。,-3
3,3,24,human,那推荐我植入ICD吗,19
3,3,24,model,在我们进一步评估你的病情和风险之后，我会向你推荐最适合你的ICD型号。ICD是一种有效的治疗方法，可以帮助预防猝死。但是，ICD植入是一种手术，需要在手术后进行康复和定期检查。我们需要在你的具体情况中得到答案后才能做出决策。如果你对ICD植入有任何疑问或担忧，请随时向我提问。我们会尽最大努力为你提供最好的治疗方案和护理。,-4
3,3,24,human,好的，我有用阿司匹林、氯吡格雷、络活喜这些药物，还打胰岛素，做过支架，会影响吗,39
3,3,24,model,您好，根据您的描述，您正在使用阿司匹林、氯吡格雷和络活喜等药物，并打胰岛素，并且曾经做过支架。这些药物和手术对于ICD植入的影响需要根据您的具体情况来评估。一般来说，这些药物和手术不会影响ICD植入的决策和手术过程。但是，我们需要在手术前对您的药物和病情进行全面评估，以确保手术的安全性和有效性。ICD植入是一种有效的治疗方法，可以帮助预防猝死。但是，ICD植入是一种手术，需要在手术后进行康复和定期检查。我们需要在手术后对您的病情进行全面评估，以确保ICD植入的成功和有效性。如果您对ICD植入有任何疑问或担忧，请随时向我提问。我们会尽最大努力为您提供最好的治疗方案和护理。,-2
3,3,24,human,好的，我平时都是一个人住，平时控制不住饮食，老爱吃油的，而且一天18个钟头都在上班，所以很担心加重病情，影响治疗效果,62
3,3,24,model,您好，我了解您的担心。作为糖尿病患者，您需要特别注意饮食和生活习惯，以控制血糖水平。建议您每天定时进食，尽量避免暴饮暴食，控制餐后血糖的上升。此外，您提到了一天18个钟头都在上班，建议您在工作中适当休息，避免长时间坐着不动，这样可以有效控制饮食和运动，有助于控制血糖水平。另外，您可以考虑咨询营养师，制定科学合理的饮食计划，避免过量摄入油脂等不健康的食物。最后，建议您定期进行体检和治疗，遵守医生的建议和指导，这样可以帮助您更好地控制病情，提高治疗效果。如果您还有其他问题或疑虑，欢迎随时向我提问。,0
3,3,24,human,好的，我会采纳你的建议的，休息,15
3,3,24,model,非常感谢您的回复和理解。作为糖尿病患者，您确实需要特别注意饮食和生活习惯，以控制血糖水平。建议您每天定时进食，避免暴饮暴食，控制餐后血糖的上升。此外，您可以选择一些低糖、低脂的食物，如蔬菜、水果、瘦肉、鱼类等，这些食物可以帮助您控制血糖水平。另外，您可以选择一些健康的烹饪方式，如蒸、煮、炖等，避免油炸、煎炒等高油脂的烹饪方式。此外，您提到一天18个钟头都在上班，建议您在工作中适当休息，避免长时间坐着不动，这样可以有效控制饮食和运动，有助于控制血糖水平。另外，您可以考虑每天进行一些适量的运动，如散步、慢跑、瑜伽等，这些运动可以帮助您控制血糖水平，增强身体素质。最后，建议您定期进行体检和治疗，遵守医生的建议和指导，这样可以帮助您更好地控制病情，提高治疗效果。如果您还有其他问题或疑虑，欢迎随时向我提问。祝您健康！,-1
