﻿3,3,23,human,你好，我是一名56岁的男性，我最近有晕厥，抽搐以及心脏问题,7
3,3,23,model,您好，感谢您联系我。您能详细描述一下您的症状吗？,-1
3,3,23,human,"我的晕厥是在家中站里时会突然倒下并失去知觉，有抽搐，头部被磕破，胸部偶尔还会有不适
我的抽搐会让我丧失意识，在120送医途中，有2次抽搐发作，并且有意识丧失，持续2秒后才恢复",23
3,3,23,model,感谢您的描述，请问您有任何心脏病的家族史吗？,-1
3,3,23,human,我的心脏问题是陈旧心肌梗塞，快速心律失常，室颤。,15
3,3,23,model,非常感谢，这些信息对于我们评估您的病情非常重要。我们还需要进一步检查，以了解导致您症状的确切原因。您是否做过心电图和心脏超声检查？,-1
3,3,23,human,是的，心电图显示我有Ⅱ、Ⅲ、avF导联ST段压低，短阵室颤。急诊心电图及心肌酶检测提示：陈旧心肌梗塞，快速心律失常，室颤。,148
3,3,23,model,非常感谢您提供的检查结果。根据您的症状和检查结果，您可能患有心律失常和陈旧心肌梗塞。建议您尽快就医，进行进一步的检查和治疗。您的医生可能会建议您服用抗心律失常药物，如β受体阻滞剂、钙通道阻滞剂或抗心律失常药物。此外，您还需要注意饮食和生活方式，如减少饮酒、戒烟、避免过度劳累和压力。如果您的症状加重或出现新的症状，请及时就医。祝您早日康复。,0
3,3,23,human,"我患有高血压，糖尿病，还有20年的吸烟史

我的高血压在使用平素络活喜降压药治疗中

我的糖尿病也在用胰岛素治疗中

现在我还会每天大约抽10支烟",17
3,3,23,model,尊敬的患者，根据您提供的信息，您患有高血压和糖尿病，并且吸烟量较大。这些因素可能会增加您患心脑血管疾病的风险。建议您立即戒烟，因为吸烟是导致心脑血管疾病的主要危险因素之一。另外，您正在使用平素络活喜降压药和胰岛素治疗高血压和糖尿病，这些药物可以帮助控制您的血压和血糖水平。但是，您需要注意药物的剂量和使用时间，以避免出现不良反应。建议您定期进行体检，监测您的血压和血糖水平，以及心脑血管疾病的风险因素，如血脂、体重等。此外，您还需要注意饮食和生活方式，如减少盐分、控制饮食、增加运动量、戒烟等，以帮助降低心脑血管疾病的风险。祝您早日康复。,1
3,3,23,human,我在进行阿司匹林和氯吡格累双重抗血小板治疗中,6
3,3,23,model,您好，根据您提供的信息，您正在进行阿司匹林和氯吡格累双重抗血小板治疗。这两种药物都属于抗凝药物，用于预防心脑血管疾病的发生。但是，这些药物也有一定的副作用和禁忌症，如出血等。建议您定期进行血常规检查，以确保药物的安全性和有效性。此外，您还需要注意饮食和生活方式，如控制饮食、戒烟限酒、适当运动等，以帮助降低心脑血管疾病的风险。如果您有任何不适或疑问，请及时咨询您的医生。祝您早日康复。,0
3,3,23,human,目前我的医生建议我住院治疗并植入心率转复除颤器，我想知道ICD植入有哪些优点与缺点？它的电池寿命如何？价格如何？,6
3,3,23,model,"植入式心脏去颤器（ICD）是一种可以监测和治疗心脏疾病的医疗设备。ICD植入的优点包括可以预防心脏骤停和心脏去颤，减少患者因突发性心脏疾病而导致的严重并发症。缺点包括手术风险，植入器件后需要定期的监测和调整，以及可能需要进行手术更换器件。

ICD植入的电池寿命取决于多种因素，包括器件型号和电池类型等。一般来说，ICD植入器件的电池寿命可以达到数年甚至十年以上。

关于价格，ICD植入器件的价格因品牌和型号而异。通常，ICD植入器件的价格在几千到数万人民币之间。建议您咨询医生或医疗机构，了解具体价格和治疗方案。",1
3,3,23,human,作为IT企业家，我的工作压力很大，每天工作18小时，连续一个月没有休息时间，平时都是独居，生活及其不规律日常饮食有些油腻、高脂,19
3,3,23,model,"您好，作为IT企业家，工作压力确实很大，但是为了您的健康，我建议您适当调整工作和生活的平衡。您每天工作18小时，连续一个月没有休息时间，这样确实不太利于您的健康。我建议您适当减少工作时间，保证充足的休息和睡眠时间，这样可以提高您的身体抵抗力，预防疾病的发生。

您的日常饮食有些油腻、高脂，这样的饮食习惯不利于您的健康。我建议您尽量减少油腻、高脂的食物的摄入，多吃蔬菜水果、粗粮和低脂肪的食品，这样可以降低血脂、预防心脑血管疾病的发生。

此外，您需要注意生活规律，保持良好的作息习惯，适当进行体育锻炼，这样可以提高您的身体素质，预防疾病的发生。如果您感到压力大，可以尝试一些放松的方法，比如听音乐、做瑜伽、散步等，这样可以缓解压力，保持心情愉悦。

最后，如果您有任何健康问题，一定要及时就医，遵医嘱治疗。祝您身体健康，工作顺利！",3
3,3,23,human,我想知道更全面室颤的治疗方案，以及有没有可以保守治疗的可能性方案？,8
3,3,23,model,"对于更全面室颤的治疗方案，一般包括以下几个方面：

1. 药物治疗：可以使用抗心律失常药物，如β受体阻滞剂、钠通道阻滞剂、钙通道阻滞剂等，来控制心律失常，减少室颤发生的可能性。

2. 电复律：对于无法控制的心律失常，可以通过电复律的方式，使用电击棒或起搏器将心律恢复正常。

3. 手术治疗：对于某些特殊情况，如心肌梗死引起的室颤、高度房室传导阻滞等，可能需要进行手术治疗，如心脏除颤手术、心脏起搏器植入等。

4. 心脏起搏治疗：对于某些特殊情况，如窦性心动过缓、房室传导阻滞等，可以通过心脏起搏器植入的方式，来控制心律失常。

至于是否可以保守治疗室颤，需要根据具体情况来判断。如果室颤是由其他疾病引起的，如心肌梗死、心肌病等，需要针对病因进行治疗，以减少室颤的发生。如果室颤是由其他原因引起的，如电解质异常、药物中毒等，可能需要通过其他治疗手段来控制室颤。

总之，更全面室颤的治疗方案需要根据患者的具体情况来确定，建议您及时就医，接受专业医生的诊断和治疗。",4
