﻿1,2,7,human,你好，我是一名82岁的男性，我最近总是头晕，胸闷，有时还会呼吸不上来,10
1,2,7,model,"您好，根据您提供的症状，头晕、胸闷、呼吸困难可能与多种疾病有关。其中，心脑血管疾病、呼吸系统疾病、神经系统疾病都可能导致这些症状。建议您及时就医，进行相关检查和诊断，以确定病因并进行治疗。

在等待就医的过程中，您可以注意以下几点：

1. 避免剧烈运动和过度劳累，保持充足的休息和睡眠。

2. 饮食方面，避免高脂、高盐、高糖等不健康的食物，多吃蔬菜水果、粗粮等健康食品。

3. 保持心情愉悦，避免过度焦虑和紧张。

4. 如果您有高血压、糖尿病等基础疾病，需要按时服药，控制好血压和血糖。

最后，希望您能够及时就医，早日康复。如果您还有其他问题，可以随时向我咨询。",3
1,2,7,human,我没有糖尿病，但是我有高脂血症史,46
1,2,7,model,"高脂血症是指血液中胆固醇和甘油三酯含量过高，容易导致动脉粥样硬化，增加心血管疾病和脑血管疾病的风险。建议您平时注意控制饮食，减少高脂食物的摄入，适当进行运动，保持健康的体重。同时，您可以咨询医生，了解是否需要进行药物治疗，如他汀类药物等。

另外，根据您的症状描述，您可能出现了高血压和心脏病的情况，建议您及时就医，进行详细的检查和诊断，以便确定病因并进行治疗。在等待就医的过程中，您可以适当控制血压，避免过度劳累，保持心情愉悦，同时遵循医生的指导，进行合理的饮食和运动。希望您早日康复。",2
1,2,7,human,我一直有服用“卡托普利”降压药，还曾经服用过他汀类药物，但是最近不怎么吃了,18
1,2,7,model,"您好，卡托普利是一种血管紧张素转换酶抑制剂，可以有效地降低血压，预防和治疗高血压。而他汀类药物则是一种降低胆固醇的药物，可以预防和治疗高胆固醇血症和心脑血管疾病。

由于您最近没有按时服药，建议您尽快咨询医生，了解具体情况并进行调整。如果您的血压已经稳定在正常范围，可以适当减少卡托普利的剂量，并根据医生的建议逐渐停止药物治疗。如果您的血压仍然高于正常范围，则需要继续进行药物治疗，并根据医生的建议进行调整。

同时，建议您定期进行血压和心脑血管方面的检查，以便及时发现和治疗任何问题。另外，保持健康的生活方式，如规律的饮食和运动，可以有效地控制血压和血脂，预防和治疗心脑血管疾病。

最后，希望您能够及时就医，进行详细的检查和诊断，以便确定病因并进行治疗。同时，也希望您能够保持良好的生活习惯，预防和控制心脑血管疾病。如果您还有其他问题，可以随时向我咨询。",5
1,2,7,human,我还总是心悸，我新冠刚刚转阴，我害怕是有后遗症，这个可能性大吗？,18
1,2,7,model,"心悸是指心跳加快、心悸等不适感觉，可能由多种原因引起，如心律失常、心脏病、焦虑、紧张等。如果您最近刚从新冠病毒感染中恢复，出现心悸可能与病毒感染后遗症有关。

虽然新冠病毒感染后可能出现一些后遗症，如疲劳、呼吸困难等，但大多数人会在2-6周内恢复。如果您出现心悸等症状，建议您及时就医，进行详细的检查和诊断，以确定病因并进行治疗。

在等待就医的过程中，您可以注意以下几点：

1. 保持充足的休息和睡眠，避免过度疲劳。

2. 避免过度焦虑和紧张，保持心情愉悦。

3. 饮食方面，避免高脂、高盐、高糖等不健康的食物，多吃蔬菜水果、粗粮等健康食品。

4. 如果您有高血压、糖尿病等基础疾病，需要按时服药，控制好血压和血糖。

最后，希望您能够及时就医，进行详细的检查和诊断，以便确定病因并进行治疗。同时，也希望您能够保持良好的生活习惯，预防和控制心脑血管疾病。如果您还有其他问题，可以随时向我咨询。",5
1,2,7,human,我在早上起床后还有晚上睡觉前会偶尔有心跳急促的情况,16
1,2,7,model,"您好，心跳急促是一种常见的心律失常，可能由多种原因引起，如心肌缺血、心肌梗塞、心衰、甲状腺功能亢进等。由于您最近刚刚从新冠病毒感染中恢复，出现心跳急促可能与病毒感染后遗症有关。

建议您及时就医，进行详细的检查和诊断，以确定病因并进行治疗。在等待就医的过程中，您可以注意以下几点：

1. 保持充足的休息和睡眠，避免过度疲劳。

2. 避免过度焦虑和紧张，保持心情愉悦。

3. 饮食方面，避免高脂、高盐、高糖等不健康的食物，多吃蔬菜水果、粗粮等健康食品。

4. 如果您有高血压、糖尿病等基础疾病，需要按时服药，控制好血压和血糖。

最后，希望您能够及时就医，进行详细的检查和诊断，以便确定病因并进行治疗。同时，也希望您能够保持良好的生活习惯，预防和控制心脑血管疾病。如果您还有其他问题，可以随时向我咨询。",5
1,2,7,human,我曾经患有高血压，10年之前还得过脑梗，当时说不了话，左腿活动也不太不方便,8
1,2,7,model,"您好，高血压和脑梗是两种常见的疾病，需要及时治疗。对于您的情况，建议您定期进行血压和心脑血管方面的检查，以便及时发现和治疗任何问题。

同时，您提到曾经患有高血压和脑梗，需要注意以下几点：

1. 控制血压，避免血压过高。对于高血压患者，应定期测量血压，并根据医生的建议进行治疗。

2. 饮食方面，建议您避免高盐、高脂、高糖等不健康的食物，多吃蔬菜水果、粗粮等健康食品。

3. 合理运动，适当进行有氧运动，如散步、慢跑、游泳等，有助于降低血压和改善心脑血管疾病。

4. 如果您出现心慌、胸闷、头晕、视力模糊等症状，应及时就医，进行心脑血管方面的检查和诊断。

最后，希望您能够积极配合医生的治疗，保持良好的生活习惯，预防和控制心脑血管疾病。如果您还有其他问题，可以随时向我咨询。",4
1,2,7,human,我一直在抽烟，差不多有50年，在15年前，我还做过肺结节手术,8
1,2,7,model,"吸烟是导致肺癌、心脑血管疾病等疾病的重要因素，对于您的健康非常不利。建议您尽量避免吸烟，如果已经无法戒烟，可以考虑使用戒烟药物，如尼古丁替代疗法、口香糖等。

另外，您提到曾经做过肺结节手术，建议您定期进行肺部检查，以便及时发现和治疗任何问题。

最后，希望您能够积极配合医生的治疗，保持良好的生活习惯，预防和控制心脑血管疾病。如果您还有其他问题，可以随时向我咨询。",1
1,2,7,human,我的心脏也不是特别好，心电图说我有永久性房颤,12
1,2,7,model,"永久性房颤是一种心律失常，会导致心跳不规律、心率过快，对心脏健康和功能有影响。对于您的情况，建议您积极治疗，以避免病情进一步恶化。

治疗永久性房颤的方法包括药物治疗、手术治疗和射频消融治疗等。药物治疗可以控制心率和心律，如抗心律失常药物、β受体阻滞剂等。手术治疗可以根治房颤，如心房射频消融术、心脏移植等。

同时，建议您注意以下几点：

1. 避免过度疲劳和紧张，保持心情愉悦。

2. 饮食方面，避免高脂、高盐、高糖等不健康的食物，多吃蔬菜水果、粗粮等健康食品。

3. 定期进行心电图、心电向量检查等心电生理学检查，以便及时发现和治疗任何问题。

4. 如果您出现心慌、胸闷、头晕、视力模糊等症状，应及时就医，进行心脑血管方面的检查和诊断。

最后，希望您能够积极配合医生的治疗，保持良好的生活习惯，预防和控制心脑血管疾病。如果您还有其他问题，可以随时向我咨询。",6
1,2,7,human,综合以上情况我想知道，我到底得了什么病？,11
1,2,7,model,"根据您提供的病史，您可能患有高血压和心房颤动。高血压是一种常见的心血管疾病，长期高血压会增加心脑血管疾病的风险。心房颤动是一种心律失常，会导致心跳不规律、心率过快，对心脏健康和功能有影响。

由于您提到您曾经患有脑梗，也可能存在心脑血管疾病的风险。但是，需要进一步了解您的病史和检查结果，才能确定您具体的诊断和治疗方案。建议您到正规医院进行全面的检查和诊断，以便确定病因和治疗方案。同时，您也需要注意保持良好的生活习惯，如戒烟、控制血压、定期进行心电生理学检查等，预防和控制心脑血管疾病。如果您有其他问题，可以随时向我咨询。",3
1,2,7,human,我想知道有没有必要做颅脑CT以及MRI检查？,14
1,2,7,model,"根据您所描述的情况，如果您曾经出现过脑梗，建议您进行颅脑CT或MRI检查，以便确定脑部是否存在异常。

颅脑CT检查是通过X射线技术对颅脑进行检查，可以检测脑部结构和组织是否有异常。颅脑MRI检查则是通过磁共振成像技术对颅脑进行检查，可以更精确地检测脑部结构和组织是否有异常。

如果您的医生认为有必要进行颅脑CT或MRI检查，会根据您的具体情况进行评估和安排。需要注意的是，颅脑CT和MRI检查是需要医生指导和操作的，不能自行进行，并且需要在专业医院进行。

总之，建议您到正规医院进行全面的检查和诊断，以便确定病因和治疗方案。同时，您也需要注意保持良好的生活习惯，如戒烟、控制血压、定期进行心电生理学检查等，预防和控制心脑血管疾病。如果您有其他问题，可以随时向我咨询。",4
1,2,7,human,我不想手术，也不想花大价钱做什么仪器植入，我就想通过一直吃药来缓解我的病，可以吗？,7
1,2,7,model,"如果您的病情比较轻，可以通过药物治疗来缓解症状和控制病情。根据您的病史，您可能需要进行抗高血压、抗凝、抗心律失常等治疗。

但是，药物治疗需要根据具体情况进行调整，药物的种类和剂量需要根据医生的建议进行选择。同时，药物治疗需要长期坚持，不能随意停药，否则会引起病情反复或加重。

因此，建议您到正规医院进行全面的检查和诊断，以便确定病因和治疗方案。根据医生的建议，选择合适的治疗方案，并且注意定期复查和随访，以控制病情和预防并发症的发生。

需要注意的是，药物治疗不能取代手术治疗，如果病情比较严重，需要手术治疗，那么手术治疗是必要的。同时，药物治疗也不能取代健康的生活方式和饮食习惯，需要综合治疗和管理。

最后，如果您有任何疑问或需要帮助，可以随时向医生咨询。",4
1,2,7,human,我想走医保报销我的治疗，可以吗？,9
1,2,7,model,"如果您已经参加医保，并且病情符合医保报销的条件，可以到医院的医保窗口办理报销手续。但是，需要注意的是，医保报销有一定的限制和条件，需要根据具体情况进行评估和判断。

例如，有些治疗项目和药物可能不在医保报销范围内，或者需要支付一部分费用后才能报销。此外，医保报销的额度也有限制，需要根据个人缴费情况和医保政策进行计算。

因此，建议您在医院的医保窗口咨询相关政策和报销流程，以便了解具体情况并办理相关手续。同时，也需要注意保持良好的医保缴纳和使用习惯，避免出现漏缴和滥用医保的情况。

最后，需要强调的是，医保报销是为减轻患者负担和保障医保制度的正常运行而设置的，但并不能代替治疗和预防，患者仍然需要积极配合医生进行治疗和管理。如果您还有其他问题，可以随时向医生咨询。",3
1,2,7,human,我和老伴生活在一起，住在女儿家，早睡早起，吃的也很好，还会定期爬山锻炼，但是我的年龄已经大了，女儿工作也很忙，不想拖累子女，所以想少花点钱，吃药尽量走医保报销,57
1,2,7,model,"您和老伴生活在一起，而且女儿工作也很忙，确实需要考虑子女的负担。但是，作为老年人，身体状况的复杂性和变化可能更大，因此需要加强自我管理和监测，以预防和控制心脑血管疾病等疾病的发生和发展。

首先，建议您到医院进行全面的检查和诊断，以便了解您的身体状况和病情，并根据医生的建议进行治疗和管理。对于高血压和心房颤动等心脑血管疾病，需要积极进行药物治疗，定期进行心电生理学检查，并采取健康的生活方式，如戒烟、控制血压、定期进行运动等。

其次，建议您关注自己的饮食和营养，保持营养均衡，避免过度饮食和摄入高盐、高脂、高糖等不健康的食物。

最后，如果您的病情比较严重，需要手术治疗，建议您到正规医院进行治疗。但是，如果病情比较轻，可以通过药物治疗来缓解症状和控制病情，那么可以考虑采取药物治疗。

总之，心脑血管疾病需要进行积极的治疗和管理，并且需要进行定期检查和监测。同时，也需要加强自我管理和健康的生活方式，以便预防和控制疾病的发生和发展。如果您有任何疑问或需要帮助，可以随时向医生咨询。",5
1,2,7,human,谢谢，那么你建议我接下来怎么做,21
1,2,7,model,"如果您已经确诊为高血压和心房颤动等心脑血管疾病，建议您积极进行药物治疗，控制血压和心律，并采取健康的生活方式，如戒烟、控制饮食、适量运动等。同时，需要定期到医院进行检查和监测，以了解病情的变化和治疗效果。

如果您的病情比较轻，可以通过药物治疗来缓解症状和控制病情，那么可以考虑采取药物治疗。但是，药物治疗需要根据医生的建议进行选择和调整，药物的种类和剂量需要根据具体情况进行选择。

如果您的病情比较严重，需要手术治疗，建议您到正规医院进行治疗。手术治疗可以有效地控制病情，避免病情进一步恶化，并提高生活质量。

最后，建议您保持良好的心态和情绪，积极面对疾病，与医生密切合作，进行全面的治疗和管理，以便更好地控制病情和预防并发症的发生。如果您有任何疑问或需要帮助，可以随时向医生咨询。",4
1,2,7,human,谢谢,12
1,2,7,model,您不用客气，我很高兴能够帮助您。如果您还有其他问题或需要帮助，请随时向我提问，我会尽力为您解答和提供帮助。祝您身体健康！,0
