﻿2,3,14,human,你好，我是一名33岁的女性，我在最近曾经晕倒过两次，间隔3个月，还总是恶心，失眠，我总是容易紧张和焦虑。,25
2,3,14,model,你好，我是你的医生。感谢您与我分享您的症状。您说您曾经晕倒过两次，可以告诉我更多关于这些晕倒的细节吗？您是否感到头晕或失去意识？您是否有任何其他不寻常的感觉或症状？,0
2,3,14,human,我的两次晕倒均头部没有受伤，第一次在发作前，头晕，眼前发黑，不知道后面发生了什么，第二次发作，我有预感到，提前坐下了避免摔倒，眼前持续发黑大约半分钟，这次没有意识丧失,32
2,3,14,model,好的，谢谢您的描述。您是否曾经在晕倒前感到恶心或呕吐？您是否注意到任何特定的触发因素，如运动或饮食？,-1
2,3,14,human,我在晕倒前感觉到头晕，没有触发因素,84
2,3,14,model,听起来不寻常。您是否有过类似这些症状的家族史？您是否服用任何药物或有任何饮食上的限制？,-1
2,3,14,human,我没有家族病史，我在晚上总是难以入睡，感到紧张和焦虑，偶尔会服用助眠药物，思诺思,49
2,3,14,model,好的，谢谢您提供的信息。我建议您进行一些检查以进一步了解您的症状。您需要进行血压、血糖、甲状腺和心电图检查。此外，我们还需要进行一些血液检查，包括血常规、随机血糖、肝功能、甲状腺功能和电解质。您觉得这样安排合理吗？,0
2,3,14,human,好的，此外我的消化系统也不是很好，我有慢性胃炎，经常胃胀气，还有点轻度贫血,22
2,3,14,model,好的，这些信息也会对我们的诊断和治疗计划产生影响。我建议您在检查前避免服用任何药物，包括助眠药物思诺思。对于您的慢性胃炎，我建议您避免吃辛辣、油腻和刺激性食物，多吃易消化的食物，如米粥、面条、蒸蔬菜等。对于轻度贫血，您需要增加摄入含铁和维生素B12的食物，如红肉、鸡肉、鱼类、豆类等。在检查和治疗期间，您需要保持良好的饮食和睡眠习惯，避免过度紧张和焦虑。根据您的症状，我怀疑您可能患有癫痫或低血糖。我们需要进一步的检查来确定诊断。如果确诊，我们将为您开具适当的药物治疗方案。最后，我祝您早日康复。,1
2,3,14,human,我的精神压力很大，不仅工作上压力很大，我的工作前景非常糟糕，而且我还有家庭的压力，我有两个孩子，一个7岁读小学1年级，一个2岁，虽然老人也会帮忙带孩子，但是夜里是我一个人照顾孩子，我经常感觉自己睡眠不够,15
2,3,14,model,非常理解您的压力和困难。除了进行检查和治疗，我们还需要关注您的精神健康。我建议您寻求心理咨询或心理治疗，以帮助您处理工作和家庭压力，减轻焦虑和紧张情绪。此外，您可以尝试一些放松技巧，如深呼吸、冥想、瑜伽等，以帮助您缓解压力和焦虑。对于您的慢性胃炎和轻度贫血，我建议您遵循医生的建议，避免吃辛辣、油腻和刺激性食物，多吃易消化的食物，如米粥、面条、蒸蔬菜等。对于您的孩子，您可以寻求家长的帮助或请保姆来帮助照顾他们，以减轻您的负担。最后，我祝愿您早日康复，身心健康。,1
2,3,14,human,综上所述，我想知道我得了什么病，希望尽快得到治疗，我想知道我前两次晕厥的原因,29
2,3,14,model,"根据您的症状和检查结果，我们怀疑您可能患有癫痫或低血糖。癫痫是一种神经系统疾病，会导致突然的、反复的、不可控制的身体运动、感觉、行为或意识障碍。低血糖是一种血糖水平过低的疾病，会导致头晕、恶心、出汗、乏力等症状。我们需要进一步的检查来确定诊断。

对于治疗，如果您的确诊为癫痫，我们将为您开具适当的药物治疗方案，以控制癫痫发作。如果您的确诊为低血糖，我们将为您制定适当的饮食和药物治疗计划，以恢复血糖水平。

在治疗期间，您需要按照医生的建议进行药物治疗，并定期进行检查和复查。此外，您需要注意饮食和生活习惯，保持良好的作息规律，避免过度劳累和精神压力。

最后，我祝愿您早日康复，健康快乐！",1
2,3,14,human,好的，谢谢,44
2,3,14,model,不客气，祝您一切顺利！,-1
