﻿4,2,28,human,你好，我是一个29岁的女性孕妇，我最近有晕厥、心脏不适等情况出现。,9
4,2,28,model,"你好，作为一名医生，我可以帮你解答关于晕厥和心脏不适的问题。

首先，晕厥可能由多种原因引起，包括低血糖、低血压、药物不良反应、心脏疾病等。你提到最近出现晕厥的情况，建议你尽快到医院进行详细的检查，包括血压、血糖、心电图等检查，以确定具体病因。

其次，心脏不适也可能由多种原因引起，包括心脏疾病、高血压、贫血、甲状腺疾病等。建议你进行心电图、血常规等检查，以确定具体病因。

最后，对于孕妇来说，要特别注意孕期保健，包括饮食、运动、休息等方面的注意事项。建议你保持良好的生活习惯，避免过度劳累和情绪波动，定期进行产前检查，以确保孕期健康。

希望我的回答能够帮助到你，如果你还有其他问题，欢迎随时向我咨询。祝你和宝宝健康！",3
4,2,28,human,我的晕厥是发生在21周，晕厥2次后到急诊就诊，第一次是在在家中发作，间隔一个月发生第二次，在和家人的饭后散步时，突然感觉心跳加速而且头晕，2秒钟有眼前发黑，家人将我扶坐到路边有所缓解。,11
4,2,28,model,"根据你提供的信息，你的晕厥可能与低血糖、低血压、心脏疾病等有关。建议你进行血压、血糖、心电图等检查，以确定具体病因。

此外，孕妇在孕期中，特别是孕晚期，需要特别注意饮食和休息，避免过度劳累和情绪波动。建议你保持规律的饮食和睡眠，适当进行轻度运动，避免剧烈运动和过度疲劳。

如果你的晕厥情况严重，或者出现意识障碍、呼吸困难等严重症状，建议你立即到医院就诊，并告知医生你的孕期情况，以便医生进行合理的处理和治疗。

总之，孕期晕厥需要引起足够的重视，建议你及时就医，并严格按照医生的建议进行治疗和护理。祝你和宝宝健康！",2
4,2,28,human,我的心脏问题，第一次晕厥时，感觉自己心跳非常快，还有心悸和恶心，去往医院检查，进行常规化验和心电图检查，显示正常，胎儿监控也正常，只是让我多休息，没有特殊处理。第二次晕厥时，心慌不止，前往急诊科，心电图提示：室上性心动过速。心脏超声未见异常。,8
4,2,28,model,"根据你的描述，两次晕厥可能与心律失常有关。建议你进行心电图、心肌酶谱、甲状腺功能等检查，以确定病因。

对于孕期晕厥，建议你保持规律的饮食和睡眠，避免过度劳累和情绪波动。同时，孕期心脏问题需要引起足够的重视，建议你定期进行产前检查，以便及时发现和处理问题。

如果你的晕厥情况严重，或者出现意识障碍、呼吸困难等严重症状，建议你立即到医院就诊，并告知医生你的孕期情况，以便医生进行合理的处理和治疗。

总之，孕期晕厥需要引起足够的重视，建议你及时就医，并严格按照医生的建议进行治疗和护理。祝你和宝宝健康！",2
4,2,28,human,目前，我已经确诊室上性心动过速，需要进一步心脏电生理检查并射频消融治疗，但是我害怕X射线会对孩子有影响,6
4,2,28,model,"您好，室上性心动过速是一种常见的心律失常，需要进一步检查和治疗。射频消融治疗是一种有效的治疗方法，它可以减少心律失常的发作次数，提高生活质量。

关于X射线对胎儿的影响，现代医学研究表明，孕妇接受的X射线剂量通常不会对胎儿产生不良影响。但是，对于孕妇来说，任何形式的辐射都可能对胎儿产生潜在的影响，因此，在进行治疗前，医生会根据您的孕周和具体情况，权衡利弊，制定出最合适的治疗方案。

一般来说，在进行射频消融治疗前，医生会进行详细的评估和准备，确保治疗的安全性和有效性。如果您对治疗方案有任何疑虑或担忧，可以与医生进行沟通和交流，以便更好地理解治疗的必要性和风险，并采取相应的措施。

最后，祝您和宝宝一切顺利，早日康复！",4
4,2,28,human,我之前还有过妊娠高血压病史以及2次早孕流产,15
4,2,28,model,"妊娠高血压是一种常见的妊娠并发症，它是指孕妇在怀孕期间出现高血压的情况。妊娠高血压可能会导致孕妇出现头痛、视力模糊、腹痛、水肿等症状，严重时可能会导致胎儿宫内发育迟缓、死胎、子痫前期等并发症。

对于您来说，妊娠高血压病史和早孕流产可能会增加您患孕期并发症的风险。建议您定期进行产前检查，包括血压、尿常规、心电图等检查，以及孕期监测，以便及时发现和处理问题。

此外，孕期中，饮食、运动、休息等方面的注意事项也非常重要。建议您保持规律的饮食和睡眠，适当进行轻度运动，避免剧烈运动和过度疲劳。同时，保持心情愉快，避免情绪波动，对于孕期健康也非常重要。

最后，如果您出现任何不适或疑虑，建议您及时就医，并告知医生您的孕期情况，以便医生进行合理的处理和治疗。祝您和宝宝健康！",4
4,2,28,human,我十分担心我的病会对孩子造成不好的影响，我想想问一下是这样吗？,3
4,2,28,model,"妊娠高血压和早孕流产可能会增加您患孕期并发症的风险，包括妊娠期高血压、子痫前期、胎盘剥离等。但是，具体情况需要根据您的病情和孕期情况来判断，因此建议您及时就医，并告知医生您的病史和孕期情况，以便医生进行综合评估和制定治疗方案。

对于孕期并发症，及时发现和治疗可以有效减少并发症的风险，保障母婴健康。同时，孕期注意饮食、休息、运动、情绪调节等，也能够预防和减少孕期并发症的发生。

总之，孕期并发症是一种常见问题，需要引起足够的重视。如果您有任何不适或疑虑，建议您及时就医，并告知医生您的孕期情况，以便医生进行综合评估和制定治疗方案。祝您和宝宝健康！",3
4,2,28,human,如果我继续进行后续检查，这些检查的辐射是否会对胎儿不利？,21
4,2,28,model,"一般来说，进行后续检查不会对胎儿产生不良影响。但是，对于孕期检查，辐射的剂量和频率需要控制在安全范围内，以避免对胎儿产生影响。

射频消融治疗是一种非侵入性治疗方法，其辐射剂量相对较低，一般不会对胎儿产生不良影响。但是，对于X光检查和CT检查等辐射检查，辐射剂量较高，可能会对胎儿产生一定的影响。

因此，在进行检查之前，医生会根据您的孕周和具体情况，权衡利弊，制定出最合适的检查方案，并严格控制辐射剂量。同时，在进行检查后，医生也会进行详细的评估和监测，以确保胎儿的正常发育和安全。

总之，在孕期进行检查需要格外小心，医生会根据您的情况进行综合评估和制定最合适的检查方案，并严格控制辐射剂量，以确保胎儿的安全。同时，在检查后，您需要密切关注胎儿的生长和发育情况，及时就医并告知医生您的孕期情况。祝您和宝宝健康！",4
4,2,28,human,心脏电生理检查以及进一步射频消融治疗对孕妇的风险有多大啊？,5
4,2,28,model,"心脏电生理检查是通过植入电极进行检查，以了解心脏的电生理情况。在孕期进行心脏电生理检查的风险相对较低，但在进行检查前，需要评估您和胎儿的身体状况，以确定是否适合进行该检查。

进一步的射频消融治疗是一种有效的治疗方法，可以减少心律失常的发作次数，提高生活质量。在孕期进行射频消融治疗的风险相对较低，但需要严格控制射频能量和射频波的强度，以避免对胎儿产生不良影响。

总的来说，在孕期进行检查和治疗需要谨慎，需要进行综合评估和权衡利弊。在进行检查和治疗前，您需要告知医生您的孕期情况，以便医生进行合理的处理和治疗。同时，在进行治疗后，您也需要密切关注胎儿的生长和发育情况，及时就医并告知医生您的孕期情况，以便医生进行及时的处理和监测。

总之，在孕期进行检查和治疗需要特别小心，需要综合评估和权衡利弊，以确保胎儿的健康和安全。同时，在治疗后，您也需要密切关注胎儿的生长和发育情况，及时就医并告知医生您的孕期情况。祝您和宝宝健康！",6
4,2,28,human,"对于我的情况，是否有一些保守治疗的方案呢？


我对于这些检查对胎儿的影响非常焦虑",15
4,2,28,model,"对于您的情况，有一些保守治疗的方案可以尝试，这些方案包括：

1. 药物治疗：药物治疗可以缓解心律失常的症状，如β受体阻滞剂、钙通道阻滞剂、胺碘酮等药物。

2. 心理治疗：心理治疗可以帮助您缓解焦虑和压力，如认知行为疗法、放松疗法、瑜伽等。

3. 改变生活方式：改变生活方式可以减少心律失常的发作次数，如戒烟、戒酒、保持适当的体重、增加运动等。

4. 改变饮食习惯：改变饮食习惯可以减少心律失常的发作次数，如减少咖啡因、酒精、烟草等刺激性食物的摄入。

5. 手术治疗：对于一些严重的病情，手术治疗是可行的，如射频消融治疗、心律调节器植入等。

需要注意的是，不同的治疗方案对不同的人可能有不同的效果，因此在选择治疗方案时，需要根据您的具体情况和医生的建议进行权衡和选择。同时，在治疗过程中，需要密切关注胎儿的生长和发育情况，及时就医并告知医生您的孕期情况，以便医生进行合理的处理和治疗。

总之，在孕期心律失常的治疗中，保守治疗是一种可行的方案，但需要根据具体情况进行选择。同时，需要密切关注胎儿的生长和发育情况，及时就医并告知医生您的孕期情况，以便医生进行合理的处理和治疗。祝您和宝宝健康！",7
