﻿3,3,24,human,你好，我是一名56岁的男性，我最近有晕厥，抽搐以及心脏问题,7
3,3,24,model,您好，请问您最近有没有出现其他症状？,-1
3,3,24,human,我在一个月前突发心前区疼痛，被确诊为急性心肌梗塞，植入支架3枚，在心内科住过2周院,12
3,3,24,model,感谢您提供这些信息。您最近的心电图和心脏超声检查报告还没有出来吧？,-1
3,3,24,human,我的120监护心电图显示：Ⅱ、Ⅲ、avF导联ST段压低，短阵室颤。到达急诊后的心电图及心肌酶检测提示：陈旧心肌梗塞，快速心律失常，室颤。,109
3,3,24,model,我理解了您的情况，这些心电图和酶的异常表明您的心脏功能有显著下降。您最近的心脏超声检查报告是否显示了您左心室的射血分数？,-1
3,3,24,human,没有,4
3,3,24,model,根据您的症状和之前的诊断，您可能患有心衰。心衰是一种心脏疾病，心脏无法将足够的血液泵出身体，导致疲劳、呼吸困难、水肿等症状。您的晕厥和抽搐可能与心衰有关。治疗方案包括药物治疗和生活方式改变。药物治疗包括利尿剂、ACE抑制剂、β受体阻滞剂等。生活方式改变包括减少盐的摄入、戒烟、控制体重等。您需要定期进行心脏超声检查和心电图检查，以监测病情的变化。祝您早日康复。,0
3,3,24,human,"我患有高血压，糖尿病，还有20年的吸烟史

我的高血压在使用平素络活喜降压药治疗中

我的糖尿病也在用胰岛素治疗中

现在我还会每天大约抽10支烟
、",12
3,3,24,model,"尊敬的患者，根据您提供的信息，您患有高血压、糖尿病和吸烟史。高血压和糖尿病是常见的慢性疾病，需要长期的治疗和管理。吸烟是导致多种疾病的主要原因之一，对身体健康有很大的危害。

针对您的情况，建议您采取以下措施来改善您的健康状况：

1. 高血压治疗：您目前正在使用平素络活喜降压药治疗，建议您按照医生的建议继续服用，并定期测量血压，以便调整剂量。此外，您还可以采取一些生活方式改变，如减少盐的摄入、增加运动量、戒烟等，以帮助控制血压。

2. 糖尿病治疗：您正在使用胰岛素治疗，建议您按照医生的建议继续使用胰岛素，并定期检查血糖水平。此外，您还可以采取一些生活方式改变，如控制饮食、增加运动量、戒烟等，以帮助控制血糖。

3. 吸烟戒烟：您每天大约抽10支烟，这是非常危险的。吸烟会导致多种疾病，包括肺癌、心脑血管疾病等。建议您尽快戒烟，可以寻求医生的帮助，使用一些戒烟药物或者采取其他戒烟方法。

最后，建议您定期进行体检，以便及时发现和治疗任何潜在的健康问题。祝您早日康复！",3
3,3,24,human,我的晕厥是在家中站里时会突然倒下并失去知觉，有抽搐，头部被磕破，胸部偶尔还会有不适,14
3,3,24,model,"您好，根据您的描述，您可能患有心衰。心衰是一种心脏疾病，心脏无法将足够的血液泵出身体，导致疲劳、呼吸困难、水肿等症状。晕厥和抽搐可能是由于心衰引起的。头部被磕破和胸部不适可能与之前的急性心肌梗塞有关。建议您尽快到医院进行详细的检查和诊断，以确定病因和治疗方案。

在治疗方面，您可能需要使用利尿剂、ACE抑制剂、β受体阻滞剂等药物来控制症状。此外，您还需要进行生活方式改变，如减少盐的摄入、戒烟、控制体重等。定期进行心脏超声检查和心电图检查，以监测病情的变化。如果需要，您还可以进行心脏移植手术治疗。

希望我的建议能对您有所帮助，祝您早日康复。如果您还有其他问题或需要进一步的帮助，请随时与我联系。",2
3,3,24,human,我的抽搐会让我丧失意识，在120送医途中，有2次抽搐发作，并且有意识丧失，持续2秒后才恢复,3
3,3,24,model,"您好，根据您的描述，您可能患有癫痫。癫痫是一种神经系统疾病，会导致突然发作的抽搐和意识丧失。在120送医途中，您的抽搐发作和意识丧失可能是由于癫痫发作引起的。建议您尽快到医院进行详细的检查和诊断，以确定病因和治疗方案。

治疗方面，您可能需要使用抗癫痫药物来控制癫痫发作。药物的选择和剂量应根据您的具体情况进行调整。此外，您还需要注意休息和饮食，避免过度疲劳和饮食不规律等因素引起的癫痫发作。

建议您定期进行脑电图检查，以监测病情的变化。同时，您还需要注意安全，避免发生意外事故。

如果您有任何疑问或需要进一步的帮助，请随时与医生联系。祝您早日康复！",1
3,3,24,human,我在进行阿司匹林和氯吡格累双重抗血小板治疗中,9
3,3,24,model,"您好，根据您提供的信息，您正在进行阿司匹林和氯吡格雷双重抗血小板治疗。这两种药物都是常用的抗凝药物，用于预防心脑血管疾病相关的血栓形成。但是，它们也有一些常见的副作用，如胃肠道出血和贫血等。

如果您出现了胃肠道出血或贫血等症状，建议您及时咨询医生，并根据医生的建议进行调整或更换药物。有些患者可能需要加大抗凝剂量，有些患者可能需要减少药物剂量，有些患者可能需要停药或更换其他药物。

此外，您还需要注意饮食和生活习惯，避免过度劳累和剧烈运动，以免增加出血的风险。同时，您还需要定期复查血常规和凝血功能，以便及时调整治疗方案。

最后，如果您有任何疑问或需要进一步的帮助，请随时与医生联系。祝您健康！",2
3,3,24,human,目前我的医生建议我住院治疗并植入心率转复除颤器，我想知道ICD植入有哪些优点与缺点？它的电池寿命如何？价格如何？,4
3,3,24,model,"植入式心律转复除颤器（ICD）是一种可以检测并及时干预心脏突发性心律失常的医疗设备。ICD植入的优点包括：

1.预防心律失常引发的突发性心脏骤停和严重心律失常，降低猝死风险；

2.设备体积小巧，植入手术风险低；

3.可以根据个人情况进行个性化调整，以适应不同类型的心律失常。

ICD植入也有一些缺点：

1.ICD植入需要定期监测心脏电活动，可能会给患者带来一定的不便和心理压力；

2.ICD植入后，患者可能需要终身服用抗心律失常药物，以维持心脏的稳定；

3.部分患者可能会出现不必要的报警，造成不必要的心理困扰。

关于ICD电池寿命，一般来说，电池寿命在5年至10年左右，具体寿命还要根据患者使用情况、电池类型、使用环境等因素来决定。

关于ICD的价格，价格因型号和医院等因素而异，一般ICD的价格在3000元至5000元左右。您可以咨询当地医院或医生，了解ICD植入的具体情况和费用。同时，您还可以了解其他治疗方式和药品的费用，综合考虑，做出适合自己的决策。",4
3,3,24,human,作为IT企业家我的工作压力很大，每天工作18小时，连续一个月没有休息时间，平时都是独居，生活及其不规律日常饮食有些油腻、高脂,17
3,3,24,model,"非常感谢您的反馈。根据您的描述，您的身体状况可能受到工作压力的影响，并且可能存在一些不良的生活习惯。建议您尽快改变这些不良习惯，以改善身体状况。

首先，建议您每天保证充足的睡眠时间，睡眠不足会导致身体状况恶化。其次，您需要注意饮食的均衡，适量摄入蛋白质、碳水化合物、脂肪等各种营养素，同时减少油腻、高脂食物的摄入。此外，适量的运动可以帮助您缓解工作压力，建议您每天坚持30分钟的运动。最后，请注意心理健康，尽量减少工作压力，保持积极向上的心态。

如果您需要更多的建议和帮助，请咨询专业医生。祝您身体健康！",1
3,3,24,human,我想知道是否有更全面室颤的治疗方案，以及有没有可以保守治疗的可能性方案？,9
3,3,24,model,"对于室颤的治疗，主要包括电除颤和药物干预两种方法。电除颤是目前最有效、最常用的治疗方法，可以通过电击恢复心脏的正常节律。药物干预主要是指使用抗心律失常药物，如胺碘酮、普罗帕酮等，来控制室颤的发作。

对于一些特殊情况，如患者身体状况较差、不能接受电除颤或者药物治疗无效等，可能需要考虑手术治疗。手术治疗主要包括心脏起搏器植入和心脏手术等。心脏起搏器植入可以通过调节心脏的电活动来治疗室颤，而心脏手术则可以修复心脏结构和功能，从而减少室颤的发作。

除了上述治疗方法，保守治疗也是可能的。保守治疗包括改善生活方式、控制心脏病基础病因、避免诱发因素等。例如，减少咖啡因、酒精等刺激物质的摄入，保持良好的心理状态，避免过度疲劳等。

总之，对于室颤的治疗，应根据患者的具体情况选择合适的治疗方法。如果您或您身边的人出现了室颤的症状，请及时就医，接受专业医生的诊断和治疗。",3
