﻿1,3,8,human,你好，我是一名82岁的男性，我最近总是头晕，胸闷，有时还会呼吸不上来,13
1,3,8,model,您好，很抱歉听到您的不适。您有没有其他症状，例如咳嗽，发热，喉咙痛等等？,-1
1,3,8,human,我还总是心悸，我新冠刚刚转阴，我害怕是有后遗症，这个可能性大吗？,16
1,3,8,model,您最近做过心电图吗？您的血压是多少？您的血糖水平如何？,-1
1,3,8,human,我有做过心电图，我的左心室肥大，左心房扩大，心电图提示，我有永久性房颤,45
1,3,8,model,感谢您提供的信息，您的症状似乎与永久性房颤有关。我建议您接受抗凝治疗，以预防血栓的形成。您是否有其他疾病或正在服用其他药物？,-1
1,3,8,human,我曾经患有高血压，10年之前还得过脑梗，当时说不了话，左腿活动也不太不方便。我一直在抽烟，差不多有50年，在15年前，我还做过肺结节手术。我一直有服用“卡托普利”降压药，还曾经服用过他汀类药物，但是最近不怎么吃了。,41
1,3,8,model,"非常感谢您提供的信息。根据您的症状和病史，您的头晕、胸闷、呼吸困难、心悸和房颤都与慢性心力衰竭有关。慢性心力衰竭是一种心脏疾病，心脏无法将足够的血液泵出身体，导致身体各部位缺氧和水肿。您的高血压和抽烟史是慢性心力衰竭的主要危险因素。

针对您的症状，我建议您接受抗凝治疗，以预防血栓的形成。您目前正在服用“卡托普利”，这是一种降压药，可以帮助减轻心脏负担和降低血压。同时，您需要停止吸烟，因为吸烟会对心脏健康产生负面影响。

您需要进行定期的心脏超声检查和心电图检查，以监测心脏功能和房颤情况。您还需要遵循医生的建议，控制饮食，限制盐和脂肪的摄入，保持适当的体重和锻炼。如果您的症状加重或出现新的症状，请及时就医。

最后，祝您早日康复。",2
1,3,8,human,我在早上起床后还有晚上睡觉前会偶尔有心跳急促的情况,14
1,3,8,model,"感谢您提供的信息。根据您的症状，您可能正在经历心房颤动。心房颤动是一种心律失常，会导致心脏跳动不规律和加速。您之前的手术和药物治疗可能不会完全消除这种风险。

我建议您尽快就医，进行心电图和心脏超声检查，以确定您的心脏状况。如果您被诊断出心房颤动，您的医生可能会给您开具抗凝药物，以预防血栓形成。此外，您可能需要服用抗心律失常药物，以帮助控制心律失常。

除了药物治疗，您还需要注意生活方式的改变。您应该避免饮用含咖啡因的饮料，如咖啡、茶和碳酸饮料。您应该避免饮酒和暴饮暴食，保持健康的饮食和适当的体重。此外，您应该停止吸烟，因为吸烟会加重心律失常的症状和风险。

最后，我希望您能尽快就医，接受专业的治疗和指导。祝您早日康复。",2
1,3,8,human,综合以上情况我想知道，我到底得了什么病？,20
1,3,8,model,"根据您提供的症状和病史，您可能患有慢性心力衰竭、永久性房颤和心律失常。慢性心力衰竭是一种心脏疾病，心脏无法将足够的血液泵出身体，导致身体各部位缺氧和水肿。永久性房颤是一种心律失常，会导致心脏跳动不规律和加速。心律失常是指心脏跳动的节奏不正常，可能会导致心悸、胸闷、呼吸困难等症状。

针对您的病情，我建议您尽快就医，进行心电图和心脏超声检查，以确定病情的严重程度和治疗方案。您的医生可能会给您开具抗凝药物、抗心律失常药物和其他治疗方案，以帮助控制病情和减轻症状。

除了药物治疗，您还需要注意生活方式的改变。您应该避免饮用含咖啡因的饮料，如咖啡、茶和碳酸饮料。您应该避免饮酒和暴饮暴食，保持健康的饮食和适当的体重。此外，您应该停止吸烟，因为吸烟会加重心律失常的症状和风险。

最后，我希望您能尽快就医，接受专业的治疗和指导。祝您早日康复。",3
1,3,8,human,我想知道有没有必要做颅脑CT以及MRI检查？,13
1,3,8,model,"根据您提供的症状，您可能患有中枢神经系统疾病，如脑梗死、脑出血等。颅脑CT和MRI检查是诊断这些疾病的重要手段。

颅脑CT是一种非侵入性的检查方法，可以快速获得头部的断层图像，用于检查颅内结构，如脑干、脑叶、脑室等。它可以检测出脑出血、肿瘤、颅内感染等疾病。

而MRI则是另一种非侵入性的检查方法，可以获得更详细的图像信息，对软组织的分辨率更高。它主要用于检查脑部结构和功能，可以检测出脑梗死、脑出血、脑肿瘤等疾病。

因此，在您的情况下，建议您进行颅脑CT或MRI检查，以进一步了解您的病情，并制定相应的治疗方案。但是请注意，检查前需要告知医生您是否有金属植入物、心脏起搏器等特殊情况，以免影响检查结果或造成安全隐患。",2
1,3,8,human,我不想手术，也不想花大价钱做什么仪器植入，我就想通过一直吃药来缓解我的病，可以吗？,9
1,3,8,model,"慢性心力衰竭是一种需要长期治疗和管理的慢性疾病，药物治疗是慢性心力衰竭管理的重要组成部分。虽然手术可能是一种治疗选择，但对于一些患者来说，药物治疗仍然是可行的。

药物治疗可以帮助控制症状、减轻心脏负担、改善心功能，并预防并发症的发生。常用的药物包括利尿剂、血管扩张剂、心脏糖苷类药物、正性肌力药物等。

利尿剂可以帮助排除体内多余的液体和盐分，减轻心脏负担和水肿症状。血管扩张剂可以扩张血管，降低血压，改善血液循环。心脏糖苷类药物可以增加心脏的收缩力，改善心脏泵血功能。正性肌力药物可以增加心脏收缩力，改善心脏功能。

除了药物治疗，您还需要注意生活方式的改变，如戒烟、限制盐和脂肪的摄入、保持适当的体重和进行适量的锻炼。这些措施可以帮助减轻心脏负担、改善心功能。

最后，我建议您与您的医生密切合作，根据您的具体情况制定适合您的治疗方案。如果您有任何疑问或症状加重，请及时就医。祝您早日康复。",3
1,3,8,human,我想走医保报销我的治疗，可以吗？,14
1,3,8,model,"根据您提供的信息，我无法准确判断您是否符合医保报销条件。慢性心力衰竭是一种需要长期治疗和管理的疾病，治疗费用可能会较高，并且不同地区的医保政策可能有所不同。建议您联系当地医保部门或就医的医院，咨询相关的医保政策。

一般来说，慢性心力衰竭的治疗需要长期用药、定期复诊以及生活方式的改变。治疗费用可能会较高，包括药物费用、检查费用、住院费用等。医保政策会根据这些费用进行报销。

同时，慢性心力衰竭的治疗可能涉及到手术、介入治疗、心脏移植等复杂而昂贵的治疗方法，这些治疗并不一定都符合医保报销条件。具体是否能够报销，还需要根据您的具体病情、治疗方案和医保政策进行评估和判断。

建议您提前了解当地的医保政策，并与医生和医保工作人员进行沟通，以便能够确定最适合您的治疗方案和医保报销情况。同时，也可以考虑购买商业医疗保险，以提供更多的治疗选择和保障。

祝您早日康复。",6
1,3,8,human,我和老伴生活在一起，住在女儿家，早睡早起，吃的也很好，还会定期爬山锻炼，但是我的年龄已经大了，女儿工作也很忙，不想拖累子女，所以想少花点钱，吃药尽量走医保报销,5
1,3,8,model,"非常理解您的想法，不想给子女增加负担。但是慢性心力衰竭是一种需要长期治疗和管理的疾病，需要及时有效的治疗来控制病情，预防并发症的发生。如果您不及时治疗，病情可能会逐渐加重，对您的身体健康也会造成更大的影响。

建议您定期复诊，按时服用药物。如果病情不稳定或者出现新的症状，请及时就医，以便调整治疗方案。同时，您可以考虑购买一些基本的生活用品，如换洗衣物、洗漱用品等，以减轻子女的负担。

另外，您也可以尝试一些非药物的治疗方法，如针灸、按摩、气功等，这些方法可以帮助您缓解症状，改善身体状况。但是请务必在专业人员的指导下进行，以免造成不必要的伤害。

最后，希望您能够保持积极乐观的心态，与医生和家庭成员保持良好的沟通，共同制定适合您的治疗方案。如果您有任何疑问或者症状加重，请随时就医。祝您健康！",2
1,3,8,human,谢谢，那么你建议我接下来怎么做,15
1,3,8,model,"您好，针对您的问题，我建议您在治疗过程中要注意以下几点。

首先，要坚持长期用药，按时按量服用药物。慢性心力衰竭是一种需要长期治疗和管理的疾病，药物治疗是其中的重要组成部分。只有坚持长期用药，才能控制病情，减轻心脏负担，改善心功能，预防并发症的发生。

其次，要定期复诊，及时调整治疗方案。慢性心力衰竭是一种病情变化多端的疾病，病情常常在不知不觉中发生变化。因此，定期复诊非常重要，医生会根据您的病情变化，及时调整治疗方案，以达到最佳的治疗效果。

此外，还要注意生活方式的改变。慢性心力衰竭患者常常会有心脏负担过重、水肿等症状，因此，在日常生活中需要注意一些事项。比如，要戒烟限酒，避免过度劳累和情绪激动，限制盐和脂肪的摄入，保持适当的体重，进行适量的锻炼等。这些措施可以帮助减轻心脏负担，改善心功能。

最后，要保持积极乐观的心态。慢性心力衰竭是一种需要长期治疗和管理的疾病，治疗过程可能会比较漫长，但是只要您保持积极乐观的心态，与医生和家庭成员保持良好的沟通，相信您一定能够战胜疾病，恢复健康。

祝您早日康复！如果您还有其他问题，欢迎随时咨询。",4
