﻿4,1,26,human,你好，我是一个29岁的女性孕妇，我最近有晕厥、心脏不适等情况出现。,7
4,1,26,model,"你好,这些症状可能是孕妇常见的问题,但也可能是其他健康问题的表现。建议你尽快就医,向医生详细描述你的症状,以便医生能够进行必要的检查和诊断。同时,你可以注意以下几点:

1. 避免过度劳累,保证充足的睡眠和休息。

2. 注意饮食,避免摄入过多的盐和糖,增加蔬菜、水果和全谷类食物的摄入。

3. 控制情绪,避免过度紧张和焦虑。

4. 定期进行产前检查,及时发现和处理问题。

希望对你有所帮助。",1
4,1,26,human,我的晕厥是发生在21周，晕厥2次后到急诊就诊，第一次是在在家中发作，间隔一个月发生第二次，在和家人的饭后散步时，突然感觉心跳加速而且头晕，2秒钟有眼前发黑，家人将我扶坐到路边有所缓解。,12
4,1,26,model,"你好,根据你的描述,你的症状可能与孕妇常见的问题有关。建议你尽快就医,向医生详细描述你的症状,以便医生能够进行必要的检查和诊断。同时,你可以注意以下几点:

1. 避免过度劳累,保证充足的睡眠和休息。

2. 注意饮食,避免摄入过多的盐和糖,增加蔬菜、水果和全谷类食物的摄入。

3. 控制情绪,避免过度紧张和焦虑。

4. 定期进行产前检查,及时发现和处理问题。

希望对你有所帮助,祝你早日康复。",15
4,1,26,human,我的心脏问题，第一次晕厥时，感觉自己心跳非常快，还有心悸和恶心，去往医院检查，进行常规化验和心电图检查，显示正常，胎儿监控也正常，只是让我多休息，没有特殊处理。第二次晕厥时，心慌不止，前往急诊科，心电图提示：室上性心动过速。心脏超声未见异常。,18
4,1,26,model,"你好,根据你描述的症状,你可能患有室上性心动过速。室上性心动过速是指心脏的窦房结发放的冲动突然增加,导致心脏节律紊乱,引起心率加快、心悸、头晕、晕厥等症状。室上性心动过速是一种比较常见的心律失常,但不一定需要治疗。

建议你及时向医生详细描述你的症状,以便医生能够进行必要的检查和诊断。同时,你可以注意以下几点:

1. 避免过度劳累,保证充足的睡眠和休息。

2. 注意饮食,避免摄入过多的盐和糖,增加蔬菜、水果和全谷类食物的摄入。

3. 控制情绪,避免过度紧张和焦虑。

4. 定期进行产前检查,及时发现和处理问题。

希望对你有所帮助,祝你早日康复。",3
4,1,26,human,我之前还有过妊娠高血压病史以及2次早孕流产,6
4,1,26,model,"您好,根据您的描述,您的症状可能与妊娠高血压病史和孕晚期流产有关,建议您定期到医院进行产前检查,及时发现和处理潜在的问题。同时,您可以注意以下几点:

1. 避免过度劳累,保证充足的睡眠和休息。

2. 注意饮食,避免摄入过多的盐和糖,增加蔬菜、水果和全谷类食物的摄入。

3. 控制情绪,避免过度紧张和焦虑。

4. 定期进行产前检查,及时发现和处理潜在的问题。

希望您早日康复,祝您和宝宝健康!",11
4,1,26,human,目前，我已经确诊室上性心动过速，需要进一步心脏电生理检查并射频消融治疗，但是我害怕X射线会对孩子有影响,6
4,1,26,model,"您好,室上性心动过速是一种比较常见的心律失常,但不一定需要治疗。如果你的症状与妊娠高血压病史和孕晚期流产有关,建议你定期到医院进行产前检查,及时发现和处理潜在的问题。同时,你可以注意以下几点:

1. 避免过度劳累,保证充足的睡眠和休息。

2. 注意饮食,避免摄入过多的盐和糖,增加蔬菜、水果和全谷类食物的摄入。

3. 控制情绪,避免过度紧张和焦虑。

4. 定期进行产前检查,及时发现和处理潜在的问题。

希望您早日康复,祝您和宝宝健康!",2
4,1,26,human,我十分担心我的病会对孩子造成不好的影响，我想想问一下是这样吗？,13
4,1,26,model,"您好,室上性心动过速是一种比较常见的心律失常,但不一定需要治疗。如果症状严重,医生可能会考虑进行心脏电生理检查和射频消融治疗。

对于您的病情,建议您定期到医院进行产前检查,及时发现和处理潜在的问题。同时,您可以注意以下几点:

1. 避免过度劳累,保证充足的睡眠和休息。

2. 注意饮食,避免摄入过多的盐和糖,增加蔬菜、水果和全谷类食物的摄入。

3. 控制情绪,避免过度紧张和焦虑。

4. 定期进行产前检查,及时发现和处理潜在的问题。

希望您早日康复,祝您和宝宝健康!",2
4,1,26,human,如果我继续进行后续检查，这些检查的辐射是否会对胎儿不利？,18
4,1,26,model,"您好,关于辐射的影响,目前尚未有明确的证据表明其对胎儿有不良影响。但是,如果需要进行X射线检查,建议您选择低剂量的X射线检查,或者选择孕妇专用的检查设备,以减少辐射剂量。此外,建议您在医生的指导下进行产前检查,以确保胎儿的健康和安全。祝您和宝宝健康!",0
4,1,26,human,心脏电生理检查以及进一步射频消融治疗对孕妇的风险有多大啊？,11
4,1,26,model,"您好,关于心脏电生理检查和射频消融治疗对孕妇的风险,目前尚未有明确的证据表明其对胎儿有不良影响。但是,如果需要进行X射线检查,建议您选择低剂量的X射线检查,或者选择孕妇专用的检查设备,以减少辐射剂量。此外,建议您在医生的指导下进行产前检查,以确保胎儿的健康和安全。祝您和宝宝健康!",0
4,1,26,human,对于我的情况，是否有一些保守治疗的方案呢？,17
4,1,26,model,"您好,根据您的症状描述,您可能患有室上性心动过速,这是一种心律失常,需要及时治疗。如果症状严重,医生可能会考虑进行心脏电生理检查和射频消融治疗。

在您进行产前检查时,医生会根据您的症状和检查结果,制定相应的治疗计划。建议您按照医生的建议进行治疗,并定期到医院进行检查。

此外,您可以注意以下几点:

1. 避免过度劳累,保证充足的睡眠和休息。

2. 注意饮食,避免摄入过多的盐和糖,增加蔬菜、水果和全谷类食物的摄入。

3. 控制情绪,避免过度紧张和焦虑。

4. 定期进行产前检查,及时发现和处理潜在的问题。

希望您早日康复,祝您和宝宝健康!",3
4,1,26,human,我对于这些检查对胎儿的影响非常焦虑,19
4,1,26,model,"您好,室上性心动过速是一种比较常见的心律失常,但不一定需要治疗。如果症状严重,医生可能会考虑进行心脏电生理检查和射频消融治疗。

在您进行产前检查时,医生会根据您的症状和检查结果,制定相应的治疗计划。建议您按照医生的建议进行治疗,并定期到医院进行检查。

另外,您也可以注意以下几点:

1. 避免过度劳累,保证充足的睡眠和休息。
2. 注意饮食,避免摄入过多的盐和糖,增加蔬菜、水果和全谷类食物的摄入。
3. 控制情绪,避免过度紧张和焦虑。
4. 定期进行产前检查,及时发现和处理潜在的问题。

希望您早日康复,祝您和宝宝健康!",3
