﻿2,4,12,human,医生你好，我最近晕倒了两次，间隔3个月左右，一次特别严重直接没有意识了，想看看是什么问题,130
2,4,12,model,您好，我不是医生，但是作为一个AI助手，我可以尝试提供一些建议。晕倒（也称为昏厥）可能有多种原因，包括短暂性低血压、脱水、糖尿病、心脏问题等。请注意，我不能提供医学诊断，因此强烈建议您尽快就诊并向专业医生咨询以获取准确的诊断和治疗方案。,11
2,4,12,human,我还恶心，失眠，情绪紧张，究竟怎么回事啊,52
2,4,12,model,我明白您的担忧，但请注意，我不是医生，不能提供专业医学建议。根据您的描述，您可能面临一些健康问题，如焦虑、压力、消化问题等。恶心、失眠和情绪紧张可能与这些问题有关。请务必向专业医生咨询您的症状，并接受适当的检查和治疗。在此之前，保持良好的生活习惯，如保持充足的睡眠、保持良好的饮食习惯和适度的锻炼，可能有助于缓解您的症状。,11
2,4,12,human,我要工作，还要管孩子，怎么保持充足睡眠啊！,53
2,4,12,model,"在繁忙的工作和家庭生活中保持充足的睡眠确实是一个挑战。以下是一些建议，帮助您在忙碌的生活中腾出时间休息：

1. 设定并遵守规律的作息时间：尽量每天都在固定的时间上床睡觉和起床，以帮助您的身体建立稳定的生物钟。

2. 创造良好的睡眠环境：确保您的卧室安静、黑暗且舒适，以便于入睡。

3. 避免使用电子设备：在睡前1小时左右，停止使用电子设备，如手机、平板电脑和电视，以减少光线和刺激。

4. 学会放松：尝试在睡前进行一些轻松的活动，如阅读、冥想或瑜伽，以帮助放松身心。

5. 合理分配家务和照顾孩子的责任：与您的伴侣或家庭成员分享责任，以便您有更多时间休息。例如，您可以轮流照顾孩子或分配家务任务。

6. 有效利用休息时间：在一天中找到短暂的休息时间，如午休或孩子睡觉时，进行简短的小憩。

7. 学会求助：在需要时，请勿犹豫向亲朋好友或专业人士寻求支持和建议。

请记住，保持良好的睡眠对您的身体和心理健康至关重要。尽管实现充足睡眠可能具有挑战性，但尝试采用这些建议可能有助于改善您的睡眠质量。",26
2,4,12,human,我父母已经够辛苦了！,59
2,4,12,model,"了解您不想给父母带来更多压力的心情。在这种情况下，您可以尝试以下策略来平衡工作、家庭和个人健康：

1. 与伴侣协同：与您的伴侣共同分担家务和照顾孩子的责任。有效沟通，确保双方都了解彼此的需求和期望。

2. 制定家庭计划：创建一个家庭日程表，以便更好地管理时间和家庭任务。这将有助于确保每个人都参与家庭事务，减轻您的负担。

3. 建立支持网络：与亲朋好友建立联系，寻求他们的支持和帮助。例如，您可以与其他家庭安排孩子的玩耍时间，以便彼此有时间休息和处理个人事务。

4. 优先处理任务：确定哪些任务最重要，首先处理它们。这将帮助您更有效地管理时间。

5. 学会说“不”：在面对额外的工作或家庭责任时，学会拒绝一些请求，以避免过度劳累。

6. 保持自我关爱：确保为自己留出时间，进行锻炼、冥想或进行喜欢的活动，以缓解压力。

请记住，照顾好自己对于维持良好的身心健康至关重要。通过实施这些策略，您不仅可以照顾好自己，还可以帮助减轻父母的负担。",31
2,4,12,human,那我的病因是什么？我想明确一下,34
2,4,12,model,作为一个AI助手，我无法为您提供确切的医学诊断。您的症状可能是由多种原因引起的，包括压力、焦虑、生活习惯等。为了确保您得到准确的诊断和适当的治疗，强烈建议您咨询医生并进行全面的检查。医生将根据您的病史、症状和检查结果为您提供专业的诊断和治疗建议。,8
2,4,12,human,治疗建议是什么,15
2,4,12,model,"我不是医生，无法提供具体的治疗建议。然而，针对您提到的症状（晕倒、恶心、失眠和情绪紧张），我可以提供一些建议以改善生活质量。请注意，这些建议不能替代专业医生的诊断和治疗意见。

1. 保持良好的作息规律：定时上床睡觉和起床，以帮助调整生物钟。

2. 确保健康饮食：摄取均衡的营养，包括蔬菜、水果、全谷物、瘦肉和低脂奶制品。

3. 适度锻炼：每周至少进行150分钟的中等强度有氧运动，如快走、跑步或游泳。

4. 学会缓解压力：尝试冥想、深呼吸练习或瑜伽等方法，以减轻压力和焦虑。

5. 保持良好的睡眠环境：确保卧室安静、黑暗且舒适，以促进良好的睡眠。

6. 限制咖啡因和酒精摄入：过量摄入咖啡因和酒精可能导致失眠和其他健康问题。

7. 寻求心理支持：如果您的情绪紧张持续存在，您可以考虑寻求心理咨询或心理治疗，以帮助您应对情绪问题。

请务必咨询医生以获取专业的诊断和治疗建议。医生将根据您的具体情况为您提供个性化的治疗方案。",30
