﻿2,3,13,human,你好，我出现了两次i晕倒，头晕，恶心，失眠等问题,39
2,3,13,model,你好，能否告诉我更多关于你的症状？你最近是否有生活或工作上的压力？,-3
2,3,13,human,第一次晕倒是在开会，突然就两眼发黑，没有意识了，第二次因为有预感，发黑了半小时后就消失了，意识没有丧失，最近工作压力挺大的，家里还有两个小孩，睡眠经常不足,119
2,3,13,model,我了解了你的情况，你的症状可能与晕厥有关，这可能与你的生活方式、压力或身体健康有关。我建议你进行全面的身体检查，包括心脏、神经和内分泌等方面，以了解你的身体状况。此外，你可能需要进行一些常规检查，如血常规、心电图、头部CT等。,-2
2,3,13,human,跟我偶尔吃助眠类药物有关系吗,28
2,3,13,model,这些药物可能会导致一些副作用，如头晕、嗜睡、恶心等，但通常不会导致晕厥。因此，我建议你不要自行诊断或自行用药。,-2
2,3,13,human,我还有轻度的贫血，最近一次检查显示：9.0g/l,42
2,3,13,model,贫血也可能导致晕厥。你的血压和心率如何？,-3
2,3,13,human,还没有测，只是感觉心焦,42
2,3,13,model,我建议你进行一次血压和心率的检查，以了解你的身体状况。此外，你可能需要进行一些进一步的检查，如甲状腺功能检查、肝功能检查等，以了解你的身体状况。对于贫血，你需要补充一些铁剂和维生素B12等营养物质，同时改善你的饮食习惯，多吃一些富含铁质的食物，如瘦肉、蛋类、豆类等。此外，你还需要保持良好的生活习惯，如规律作息、适量运动、避免过度劳累等。如果你的症状持续存在，我建议你及时就医，以便及早诊断和治疗。最后，祝你早日康复。,0
2,3,13,human,那我的病因是什么呢？,25
2,3,13,model,根据你的症状和检查结果，你的病因可能是与心脏、神经或内分泌有关。具体的诊断需要进一步的检查和评估。我建议你进行更全面的身体检查，以便确定确切的诊断和治疗方案。,-2
2,3,13,human,好的，目前有什么治疗建议吗,29
2,3,13,model,在确定了确切的诊断之后，我们可以制定相应的治疗方案。对于晕厥的治疗，我们通常会采取药物治疗和非药物治疗相结合的方法。药物治疗包括使用β受体阻滞剂、钙通道阻滞剂、抗心律失常药物等，以控制心脏节律和血压。非药物治疗包括改变生活方式、饮食习惯、增加运动等，以提高身体的适应能力。此外，我们还建议你避免长时间站立或突然起床等动作，以减少晕厥的发生。最后，我建议你定期进行复查和随访，以确保治疗效果和身体健康。祝你早日康复。,-1
