﻿1,2,8,human,我最近经常感到头晕，心跳很快，还有胸闷,74
1,2,8,model,您好，根据您描述的症状，您可能正在经历心悸和胸闷的症状。这些症状可能与多种疾病有关，例如心脏病、焦虑症、压力等。建议您尽快就医，进行心电图和胸片检查，以排除心肺疾病。此外，您可以先服用一些心神宁片和脑心舒口服液来缓解症状。但是，这些药物只能暂时缓解症状，不能治疗病因。如果您的症状持续存在或加重，请及时就医，以便及早诊断和治疗。如果您有任何其他问题，请随时向我咨询。祝您健康！,0
1,2,8,human,做了心电图：永久性房颤，还有心脏超声：左心室肥大；左心房扩大,66
1,2,8,model,您好，根据您的心电图和心脏超声结果，您可能患有永久性房颤和左心室肥大，左心房扩大。这种情况需要进一步检查和治疗。建议您尽快就医，进行进一步的检查和治疗。治疗方面，可以使用抗心律失常药物，如β受体阻滞剂、钙通道阻滞剂、抗心肌病药物等。此外，还需要控制血压、血糖等生活习惯，保持良好的心态和饮食习惯。如果您有任何疑问或需要进一步的帮助，请随时向我咨询。祝您早日康复！,0
1,2,8,human,我一直吃降压药的,27
1,2,8,model,您好，感谢您的回复。降压药是治疗高血压的常用药物，可以有效控制血压，减少心脑血管疾病的风险。但是，药物治疗只是辅助治疗，还需要注意生活方式的调整和药物的正确使用。建议您定期检查血压、血糖、血脂等指标，保持良好的生活习惯，如戒烟、限制饮酒、控制饮食、适量运动等。此外，对于您的症状，还需要进行进一步的检查和治疗，建议您及时就医，听从医生的建议，积极配合治疗。如果您有任何其他问题，请随时向我咨询。祝您健康！,0
1,2,8,human,会不会跟我新冠刚转阴有关？,36
1,2,8,model,您好，感谢您的提问。新冠病毒感染后，可能会导致心肌炎等心脏问题，但不是所有感染者都会出现这种情况。至于您是否与新冠病毒感染有关，需要进一步检查才能确定。建议您进行新冠病毒核酸检测，排除感染的可能性。同时，您的症状也需要进一步检查和治疗，建议您及时就医，听从医生的建议，积极配合治疗。如果您有任何其他问题，请随时向我咨询。祝您健康！,0
1,2,8,human,病因是什么呢？,17
1,2,8,model,您好，您提到的症状需要进一步检查和治疗，才能确定病因。根据您的心电图和心脏超声结果，您可能患有永久性房颤和左心室肥大，左心房扩大。这种情况可能与心肌炎、高血压、冠心病等疾病有关。建议您及时就医，进行进一步的检查和治疗，以确定病因并进行针对性的治疗。同时，您需要控制血压、血糖、血脂等生活习惯，保持良好的心态和饮食习惯，避免过度劳累和情绪波动。如果您有任何其他问题，请随时向我咨询。祝您健康！,0
1,2,8,human,需要做颅脑ctM吗,25
1,2,8,model,您好，根据您描述的症状，可能与心肌炎、高血压、冠心病等疾病有关，但还需要进一步检查和治疗才能确定病因。颅脑CTM检查是一种检查头颅和大脑的方法，可以排除脑部疾病，如脑肿瘤、脑出血、脑梗死等。但是，颅脑CTM检查需要在医生的指导下进行，因为这种检查可能会对身体产生一定的辐射，需要谨慎考虑。建议您及时就医，听从医生的建议，进行必要的检查和治疗。同时，您需要控制血压、血糖、血脂等生活习惯，保持良好的心态和饮食习惯，避免过度劳累和情绪波动。如果您有任何其他问题，请随时向我咨询。祝您健康！,0
1,2,8,human,应该不需要手术吧,34
1,2,8,model,您好，根据您描述的症状，可能与心肌炎、高血压、冠心病等疾病有关，但还需要进一步检查和治疗才能确定病因。对于手术的需要，需要根据具体情况而定。对于心房颤动，如果经过药物治疗无法控制心律失常，可能需要进行手术治疗，如射频消融术、经皮消融术等。对于左心室肥大，需要根据病因进行治疗，如药物治疗、手术治疗等。建议您及时就医，听从医生的建议，进行必要的检查和治疗。同时，您需要控制血压、血糖、血脂等生活习惯，保持良好的心态和饮食习惯，避免过度劳累和情绪波动。如果您有任何其他问题，请随时向我咨询。祝您健康！,1
