﻿5,1,33,human,我孩子之前有晕倒、抽搐的症状，被诊断为血管迷走性晕厥，现在是在预后阶段，医生建议植入起搏器治疗,327
5,1,33,model,"血管迷走性晕厥是一种罕见的病症,它通常与神经系统有关。植入起搏器是一种治疗血管迷走性晕厥的方法,它可以通过调节心脏节律来缓解症状。

在治疗过程中,孩子需要接受一系列的检查和测试,以确定植入起搏器的治疗效果和安全性。因此,您应该与医生进行详细的讨论,了解治疗的风险和收益,并考虑治疗的必要性和可能的效果。

此外,孩子还需要接受药物治疗和其他支持性治疗,以帮助控制症状和预防晕厥的发生。在治疗期间,您应该密切关注孩子的症状和治疗效果,并按照医生的建议进行治疗和管理。",0
5,1,33,human,但是直系家属中没有类似的病症啊,34
5,1,33,model,"血管迷走性晕厥是一种常见的神经系统疾病,其病因与神经系统有关,可能与遗传、环境、药物等因素有关。血管迷走性晕厥的发病原因并不十分明确,因此无法确定直系亲属是否携带了这种基因,也无法明确是否存在遗传风险。

在孩子治疗期间,您需要密切监测孩子的症状和治疗效果,并遵循医生的建议进行治疗和管理。同时,您也需要接受药物治疗和其他支持性治疗,以帮助控制症状和预防晕厥的发生。

最后,我建议您与孩子的医生进行详细的讨论,了解治疗的风险和收益,并考虑治疗的必要性和可能的效果。同时,您也需要接受药物治疗和其他支持性治疗,以帮助控制症状和预防晕厥的发生。",0
5,1,33,human,与之前癫痫病有关吗？,41
5,1,33,model,"血管迷走性晕厥与癫痫的关系目前尚未完全明确。虽然癫痫可以导致晕厥,但血管迷走性晕厥并不是癫痫的特定症状。

对于血管迷走性晕厥的治疗,药物和其他支持性治疗可以帮助控制症状和预防晕厥的发生。但是,由于血管迷走性晕厥的病因尚不清楚,因此药物治疗和药物治疗的有效性和安全性都无法保证。

因此,在孩子治疗期间,您需要密切监测孩子的病情和治疗效果,并遵循医生的建议进行治疗和管理。同时,您也需要接受药物治疗和其他支持性治疗,以帮助控制症状和预防晕厥的发生。

最后,我建议您与孩子的医生进行详细的讨论,了解治疗的风险和收益,并考虑治疗的必要性和可能的效果。同时,您也需要接受药物治疗和其他支持性治疗,以帮助控制症状和预防晕厥的发生。",2
5,1,33,human,那植入起搏器是否能够完全恢复呢？,41
5,1,33,model,"植入起搏器是一种治疗血管迷走性晕厥的方法,它可以通过调节心脏节律来缓解症状。植入起搏器后,孩子的心脏节律恢复正常,心脏功能得以恢复,症状会得到控制和改善。但是,植入起搏器的治疗效果和安全性都需要在治疗过程中进行评估,因此,孩子需要接受定期的随访和检查,以确保治疗效果和安全性。

同时,孩子还需要接受药物治疗和其他支持性治疗,以帮助控制症状和预防晕厥的发生。药物治疗和其他支持性治疗可以帮助控制症状和预防晕厥的发生,但需要根据孩子的具体情况进行治疗和管理。",0
5,1,33,human,术后能做飞机吗？,23
5,1,33,model,"植入起搏器后,孩子的心脏功能得以恢复,症状会得到控制和改善。但是,植入起搏器后需要定期的随访和检查,以确保治疗效果和安全性。因此,孩子需要接受药物治疗和其他支持性治疗,以帮助控制症状和预防晕厥的发生。

此外,孩子还需要接受药物治疗和其他支持性治疗,以帮助控制症状和预防晕厥的发生。药物治疗和其他支持性治疗可以帮助控制症状和预防晕厥的发生,但需要根据孩子的具体情况进行治疗和管理。

最后,我建议您与医生进行详细的讨论,了解治疗的风险和收益,并考虑治疗的必要性和可能的效果。同时,您也需要接受药物治疗和其他支持性治疗,以帮助控制症状和预防晕厥的发生。",1
