﻿3,3,22,human,医生，我最近晕厥谁，抽搐，意识丧失,30
3,3,22,model,你好，能具体描述一下你的症状吗？,-3
3,3,22,human,120心点图显示，短阵室颤，陈旧心肌梗塞，室颤,77
3,3,22,model,你最近是否做过其他检查？,-3
3,3,22,human,之前植入了3枚支架,40
3,3,22,model,你最近是否经常出现心悸，气促等症状？,-3
3,3,22,human,是,21
3,3,22,model,根据你的症状和病史，你可能患有心律失常。建议你进行心电图检查和24小时动态心电图监测，以便更好地了解你的心律情况。同时，你需要进行心脏超声检查，以确定你的支架情况是否正常。治疗方面，你需要服用抗心律失常药物，如β受体阻滞剂或钙通道阻滞剂。此外，你需要注意休息和饮食，避免过度劳累和摄入过多的咖啡因等刺激性物质。请遵循医生的建议，定期进行检查和维护，以确保你的心脏健康。祝你早日康复！,-1
3,3,22,human,医生建议我植入icd，我想了解一下利弊，费用，寿命等问题,38
3,3,22,model,"植入ICD是目前预防致命性室性心动过速最有效的治疗方法之一，ICD能够检测到可能的心律失常，并及时向心脏输送电击以保护患者心脏不受损害。ICD的优点在于能有效预防猝死，减少患者的痛苦和危险，并且不需要手术风险，不需要住院，不影响日常生活。

关于费用和寿命，ICD的寿命通常在10年以上，但费用因不同医院而异。一般来说，ICD的费用约在5000到10000元之间。

当然，ICD只是一种预防手段，并不能保证绝对不会发生室性心动过速。因此，即使植入ICD，患者仍然需要定期复查和调整治疗方案，以确保ICD的正常工作。

请注意，ICD并不是适用于所有心脏疾病的治疗方法，只有医生根据患者的具体情况才能确定是否需要植入ICD。如果您对ICD有任何疑问，建议您咨询医生的意见。",0
3,3,22,human,给我一个更加全面的室颤治疗方案，我还是想保守治疗,40
3,3,22,model,"尊敬的患者，对于室颤的治疗，保守治疗是一种常见的选择，但并不意味着完全没有治疗措施。除了ICD和消融手术，还有其他一些治疗方案可以考虑。

首先，药物治疗是一种常见的治疗方法，可以通过抗心律失常药物来控制心律失常。例如，β受体阻滞剂和钙通道阻滞剂等药物可以减少心律失常的发生频率和严重程度。此外，抗心律失常药物还可以用于预防室颤发作。

其次，心脏起搏器也是一种治疗心律失常的方法。心脏起搏器可以通过给心脏输送电脉冲来恢复正常心律。对于一些特殊类型的室颤，如快速型室颤，心脏起搏器可以起到有效的治疗作用。

另外，心脏复律除颤器（CRT）是一种可以同时纠正心律失常和改善心脏功能的治疗方法。CRT可以通过电刺激和药物来控制心律失常，并同时改善心脏功能。对于一些合并心衰的室颤患者，CRT可以起到更好的治疗效果。

最后，对于一些不适合手术或药物治疗的患者，可考虑射频消融手术。射频消融手术可以通过高频电流烧灼心脏组织来消除心律失常源，从而恢复正常心律。

综上所述，对于室颤的治疗，保守治疗是一种选择，但并不是唯一的治疗方法。您应该根据自己的具体情况，与医生进行详细的讨论和评估，以确定最适合您的治疗方案。祝您早日康复！",3
3,3,22,human,我有高血压，糖尿病，跟这次晕倒抽搐有什么关系吗,53
3,3,22,model,您好，根据您的描述，您同时患有高血压和糖尿病，这两种疾病之间存在相互影响和加重的作用。晕倒抽搐可能与您的心脏病有关，建议您及时到医院进行详细检查，以明确病因并进行针对性治疗。同时，您的高血压和糖尿病也需要得到有效的控制，以预防并发症的发生。建议您遵循医生的治疗方案，定期检查血压、血糖和心脏功能，保持良好的生活习惯，如戒烟限酒、合理饮食、适量运动等，以帮助控制病情。如果您有任何疑问或需要进一步的帮助，请随时咨询医生。祝您早日康复！,0
