﻿5,3,40,human,我的孩子最近出现了晕倒，抽搐等症状，起初我们太粗心了，没有很重视，最近一次孩子出现了抽搐和大小便失禁,82
5,3,40,model,看起来你的孩子情况不太好，请问你孩子多大了？,-3
5,3,40,human,6,5
5,3,40,model,孩子晕倒、抽搐，大小便失禁，这些症状听起来很严重，请问这些症状持续多久了？,-3
5,3,40,human,一个月内，分别在玩耍，低头拿东西过程中出现,33
5,3,40,model,感谢你的回答，这些症状非常严重，可能是因为孩子的中枢神经系统受到了损害。请问孩子有没有其他不适？,-3
5,3,40,human,被诊断为血管迷走性晕厥,40
5,3,40,model,非常抱歉听到这个消息。血管迷走性晕厥是一种常见的疾病，通常会导致血压下降和头晕。但是，孩子出现晕厥和抽搐的情况，需要进一步检查以确定原因。我建议您带孩子去医院进行全面检查，包括神经系统检查、脑电图、头部CT等。这些检查可以帮助我们确定孩子的病因，从而制定更有效的治疗方案。同时，建议您注意孩子的饮食和休息，避免过度疲劳和刺激，以帮助孩子恢复健康。如果孩子需要药物治疗，我们会根据具体情况开具适当的药物，如苯妥英钠、卡马西平等。最后，祝愿您的孩子早日康复。,0
5,3,40,human,在预后阶段，医生建议植入起搏器治疗,25
5,3,40,model,根据您孩子的病情，医生建议植入起搏器治疗。起搏器是一种可以调节心脏节律的医疗器械，当心脏出现节律障碍时，起搏器可以通过电信号来调整心脏的节律，从而维持正常的血液循环和供氧供血。起搏器植入手术是一种常见的治疗方法，可以有效地控制孩子的症状，并提高孩子的生命质量。在手术后，孩子需要定期进行起搏器检查和维护，以确保起搏器的正常运行。我们建议您积极配合医生的治疗和护理，定期带孩子去医院进行复诊和检查，以确保孩子的健康和安全。如果您还有其他问题或疑虑，可以随时向医生咨询。祝您和您的孩子健康快乐！,0
5,3,40,human,有没有可能完全恢复呢？,20
5,3,40,model,"对于小儿难治性癫痫而言，完全恢复的可能性是非常小的。但是，我们可以通过合理的治疗和管理，来控制孩子的症状，提高他们的生活质量。对于小儿难治性癫痫而言，治疗的目标是减少癫痫发作的频率和严重程度，同时最大限度地减少发作对孩子日常生活的影响。

治疗小儿难治性癫痫的方法包括药物治疗和手术治疗。药物治疗是最常见的治疗方法，通过使用抗癫痫药物来减少癫痫发作的频率和严重程度。手术治疗是一种更为激烈的治疗方法，适用于药物治疗无效或无法耐受的患者。手术治疗可以通过切除大脑中引起癫痫发作的异常区域，或者通过植入起搏器来调节心脏的节律，从而减少癫痫发作的次数。

除了药物治疗和手术治疗，我们还可以通过其他辅助治疗手段来帮助孩子控制症状。这些手段包括癫痫发作时的安全措施，如固定孩子的安全带，防止孩子受伤；规律的作息时间，避免过度疲劳和刺激；以及合理的饮食和营养，以维持孩子的身体健康。

需要注意的是，治疗小儿难治性癫痫是一个长期的过程，需要家长和医生的共同努力。在治疗过程中，家长需要密切关注孩子的症状和治疗效果，及时与医生沟通，以便调整治疗方案。同时，孩子也需要保持良好的生活习惯和心态，积极配合治疗，以提高治疗效果。

最后，祝愿您的孩子早日康复，恢复健康！如果您还有其他问题，可以随时向我咨询。",2
5,3,40,human,迷走性昏厥与癫痫病有关？,43
5,3,40,model,是的，迷走性昏厥与癫痫病是有一定关系的。迷走性昏厥是由于心脏的神经调节出现问题导致的，而癫痫病则是一种脑部神经元异常放电导致的慢性疾病。在一些病例中，迷走性昏厥可能是癫痫的一种前兆，或者是癫痫发作的一部分。此外，有些癫痫患者也可能同时伴有迷走性昏厥的症状。因此，对于有迷走性昏厥史的癫痫患者，我们需要进行更加细致的诊断和治疗，以便更好地控制癫痫的发作。如果您还有其他问题，可以继续向我提问。,0
5,3,40,human,我孩子是早产儿，还轻微贫血，哎,30
5,3,40,model,您好，了解到您孩子是早产儿，还存在轻微贫血的情况。早产儿的身体发育尚未完全成熟，需要特别注意保健和治疗。建议您带孩子到医院进行详细的检查和评估，以确定孩子的身体状况和发育情况。同时，早产儿的免疫力较低，容易感染，建议您注意保持室内空气清新，避免孩子接触病毒和细菌。在饮食方面，建议您给孩子提供充足的营养，包括蛋白质、维生素、矿物质等，以帮助孩子健康成长。此外，定期进行体检和疫苗接种，以预防感染和其他疾病的发生。如果您有任何疑问或需要进一步的帮助，请随时咨询医生。祝愿您的孩子健康成长！,0
5,3,40,human,起搏器术后还能坐飞机吗？,40
5,3,40,model,您好，起搏器植入手术后，建议避免剧烈运动和长时间的坐立。关于是否可以坐飞机，需要根据起搏器的类型和您个人的情况来决定。有些起搏器可以通过心脏的超声检查，而有些起搏器则需要通过心电图才能诊断。因此，建议您先咨询您的主治医生，了解您植入的起搏器类型，以及是否可以坐飞机。如果您需要长时间坐飞机，建议您在飞行前咨询医生，以便得到更详细的建议和指导。同时，起搏器植入手术后需要注意保持起搏器的正常运行，避免剧烈运动和长时间的坐立，以及定期进行起搏器检查和维护。祝您健康！,0
