﻿5,2,36,human,我孩子之前有晕倒、抽搐的症状，被诊断为血管迷走性晕厥，现在是在预后阶段，医生建议植入起搏器治疗，有什么需要注意的吗,24
5,2,36,model,您好，对于血管迷走性晕厥，植入起搏器治疗是一种有效的治疗方法。在手术前，您需要进行全面的身体检查，包括心电图、胸部X光、血液检查等，以确保手术的安全性和有效性。手术后，您需要定期进行起搏器的检查和调整，以确保其正常工作。此外，您还需要注意避免过度疲劳、过度运动、情绪波动等可能导致晕厥的因素。如果您有任何疑问或需要进一步的帮助，请随时咨询您的医生。祝您早日康复！,0
5,2,36,human,他是早产儿，有癫痫病，其他的病与他现在这个病有联系吗,65
5,2,36,model,您好，早产儿患上癫痫是比较常见的，可能与早产儿的大脑发育不完全有关。关于血管迷走性晕厥和癫痫之间的关系，目前尚不完全清楚。但是，一些研究表明，癫痫患者更容易出现晕厥和昏迷等症状。因此，对于您孩子的治疗和管理，建议您与医生密切合作，定期进行检查和评估，以确保病情得到控制和管理。同时，您还可以采取一些生活方式上的改变，如避免过度疲劳、保持充足的睡眠、避免过度运动等，以减少病情的发作和加重。如果您有任何疑问或需要进一步的帮助，请随时咨询您的医生。祝您孩子早日康复！,0
5,2,36,human,血压也比比较低,28
5,2,36,model,血压过低可能会导致晕厥和昏迷等症状。对于您孩子的情况，建议您定期测量血压，并根据医生的建议进行治疗。同时，避免过度疲劳、保持充足的睡眠、避免过度运动等，也有助于提高血压。如果您有任何疑问或需要进一步的帮助，请随时咨询您的医生。祝您孩子早日康复！,-1
5,2,36,human,还有轻微贫血,12
5,2,36,model,贫血可能会导致晕厥和昏迷等症状。对于您孩子的情况，建议您定期进行贫血的检查和治疗，以确保病情得到控制和管理。此外，您还可以采取一些生活方式上的改变，如增加富含铁质的食物摄入、保持充足的睡眠、避免过度疲劳等，以帮助纠正贫血。如果您有任何疑问或需要进一步的帮助，请随时咨询您的医生。祝您孩子早日康复！,-1
5,2,36,human,起搏器植入后是不是就完全恢复了呢,25
5,2,36,model,起搏器植入后，大部分病人的病情可以得到有效控制和管理。然而，对于一些患者，病情可能会复发或者变得更加严重。因此，对于病情的治疗和管理，需要根据病人的具体情况进行个体化的制定和实施。同时，患者需要定期进行起搏器的检查和调整，以确保其正常工作。因此，起搏器植入后并不是完全恢复了，需要患者和医生密切合作，定期进行检查和治疗，以维持病情的稳定和预防病情的复发。如果您有任何疑问或需要进一步的帮助，请随时咨询您的医生。祝您孩子早日康复！,0
5,2,36,human,可以坐飞机吗,18
5,2,36,model,一般来说，如果您的孩子的病情得到有效控制和管理，并且医生认为他/她可以安全乘坐飞机，那么他/她可以乘坐飞机。但是，在乘坐飞机之前，您需要确保您孩子的病情得到充分的控制和管理，并且医生已经同意您孩子乘坐飞机。此外，您还需要注意一些注意事项，如避免过度疲劳、保持充足的睡眠、避免过度运动等，以减少病情的发作和加重。如果您有任何疑问或需要进一步的帮助，请咨询您的医生。祝您孩子早日康复！,0
