﻿5,1,38,human,我的孩子在一个月内分别在玩耍、低头拿东西等过程中出现恶心，头晕，面色苍白等症状，然后晕倒，还有抽搐 大小便失禁,161
5,1,38,model,"这些症状可能是由于孩子在玩耍或做动作时造成的头部或身体受伤引起的。建议您立即带孩子就医,让医生进行全面的身体检查和诊断,以确定孩子的病因和治疗方案。同时,为了避免类似情况再次发生,建议孩子在玩耍和做动作时,注意安全,避免孩子摔倒或受伤。",-1
5,1,38,human,被诊断为血管迷走性晕厥,27
5,1,38,model,"血管迷走性晕厥是一种短暂的脑血流量减少引起的症状,通常表现为突然晕倒、头晕、恶心、呕吐、意识丧失、抽搐等。该症状通常在儿童时期发生,但也可能发生在成年人身上。血管迷走性晕厥是由于血管突然收缩或扩张导致的脑部血流量减少,从而引起脑部缺氧。

治疗血管迷走性晕厥的方法包括:

1. 迅速就医,让医生进行全面的身体检查和诊断,以确定孩子的病因和治疗方案。

2. 避免孩子做危险的动作,如低头拿东西等。

3. 给孩子提供安全的环境,如安全帽、手套等,以保护孩子的头部和身体。

4. 给孩子进行药物治疗,以缓解症状和控制发作。

5. 定期复查,以便及时发现和治疗任何可能的并发症。

总之,血管迷走性晕厥是一种需要及时治疗的疾病,如果您的孩子出现了类似的症状,请及时就医。",2
5,1,38,human,医生目前建议植入起搏器治疗，但是我很担心,53
5,1,38,model,"起搏器是一种微创手术,可以通过刺激大脑电信号,促进脑血流量的增加,从而改善血管迷走性晕厥的症状。但是,起搏器的治疗效果因人而异,需要根据孩子的具体情况和症状来决定是否需要植入起搏器。因此,建议您在医生的指导下进行手术治疗。

此外,孩子的护理也非常重要,家长需要密切关注孩子的病情变化,及时就医,避免再次发生类似的情况。同时,家长也可以加强孩子的营养和生活习惯,帮助孩子提高免疫力,预防疾病的发生。",0
5,1,38,human,目前在预后阶段了，有什么需要注意的吗,42
5,1,38,model,"预后阶段是指孩子的病情稳定后,孩子能够正常学习和生活。在预后阶段,家长需要密切关注孩子的病情变化,及时发现和治疗任何可能的并发症,避免再次发生类似的情况。同时,家长也需要加强孩子的营养和生活习惯,帮助孩子提高免疫力,预防疾病的发生。",-1
5,1,38,human,可能完全恢复吗？,16
5,1,38,model,"预后阶段是指孩子的病情稳定后,孩子能够正常学习和生活。在预后阶段,家长需要密切关注孩子的病情变化,及时发现和治疗任何可能的并发症,避免再次发生类似的情况。同时,家长也需要加强孩子的营养和生活习惯,帮助孩子提高免疫力,预防疾病的发生。",-1
5,1,38,human,能坐飞机吗？,14
5,1,38,model,"起搏器是一种微创手术,可以通过刺激大脑电信号,促进脑血流量的增加,从而改善血管迷走性晕厥的症状。但是,起搏器治疗的治疗效果因人而异,需要根据孩子的具体情况和症状来决定是否需要植入起搏器。同时,起搏器的治疗效果也受到其他因素的影响,如年龄、病情严重程度等。因此,建议您在医生的指导下进行手术治疗,并注意术后的护理和康复。

关于坐飞机,一般来说,如果孩子的生命体征稳定,没有明显的呼吸困难、呼吸急促、晕厥等症状,那么是可以坐飞机的。但是,在坐飞机前,建议您先咨询医生的意见,以确保孩子的安全。此外,坐飞机时也需要注意以下几点:

1. 避免孩子过度疲劳,尤其是避免孩子做危险的动作,如低头拿东西等。

2. 给孩子提供安全的环境,如安全帽、手套等,以保护孩子的头部和身体。

3. 给孩子提供适当的饮食和生活习惯,帮助孩子提高免疫力,预防疾病的发生。

最后,建议您在医生的指导下进行手术治疗和康复治疗,以便孩子能够恢复正常学习和生活。",3
5,1,38,human,我孩子的直系亲属都没有这种病啊，孩子怎么会？哎,72
5,1,38,model,"血管迷走性晕厥是一种比较常见的疾病,但是病因比较复杂,需要进行全面的检查和诊断,才能确定具体的病因和治疗方案。如果孩子的症状比较明显,建议您及时就医,听从医生的建议进行治疗。

对于孩子的预防,家长需要加强孩子的营养和生活习惯,增强免疫力,帮助孩子提高免疫力,预防疾病的发生。此外,家长也可以加强孩子的营养和生活习惯,帮助孩子增强免疫力,预防疾病的发生。

最后,建议您在医生的指导下进行手术治疗和康复治疗,以便孩子能够恢复正常学习和生活。同时,家长也需要加强孩子的营养和生活习惯,帮助孩子提高免疫力,预防疾病的发生。",0
