﻿5,3,39,human,我的孩子之前出现了晕倒抽搐等症状，刚开始也怪我们没有足够重视，最后一次晕倒出现抽搐及大小便失禁的情况,103
5,3,39,model,您好，很抱歉听到您孩子的不适，请问还有其他症状吗？,-3
5,3,39,human,做了心电图，被诊断为什么血管迷走性晕厥，并且发作时心电图伴有长间歇,78
5,3,39,model,了解了，血管迷走性晕厥是一种比较常见的情况，在发作时可能会出现心律失常等症状。请问您孩子现在的年龄是多少？,-3
5,3,39,human,6,8
5,3,39,model,好的，请问您孩子现在的情况如何？是否有任何不适？,-3
5,3,39,human,他是早产儿，有癫痫病史，从小血压就底，还有轻微贫血，不怎么敢让他运动,71
5,3,39,model,非常感谢您提供的详细信息。根据您提供的病史和症状，我建议您带孩子去医院进一步检查。考虑到他的早产和癫痫病史，以及晕厥和抽搐等症状，我们可能需要对他的情况进行更详细的评估。,-2
5,3,39,human,目前在预后阶段，建议植入心脏起搏器,34
5,3,39,model,非常抱歉听到这个消息。根据您提供的信息，您的孩子可能患有先天性心脏病和低血压，这可能导致晕厥和抽搐等症状。心脏起搏器是一种可以帮助控制心律的设备，对于一些心脏病患者来说是必要的。但是，在决定是否植入心脏起搏器之前，我们需要进一步评估您孩子的病情和身体状况。建议您尽快带孩子去医院进行进一步检查和诊断。同时，建议您注意孩子的饮食和生活习惯，保持良好的生活方式，以帮助控制病情。祝您孩子早日康复。,-1
5,3,39,human,植入后有可能完全恢复吗？,32
5,3,39,model,植入心脏起搏器后，大部分患者可以完全恢复。但是，恢复的时间因人而异，具体取决于患者的身体状况和治疗效果。在植入心脏起搏器后，患者需要定期进行检查和维护，以确保起搏器正常工作，并避免出现并发症。同时，患者也需要注意避免过度劳累和感染等情况，以避免起搏器出现故障或影响治疗效果。建议您带孩子去医院进行进一步检查和咨询，以了解更多关于心脏起搏器的信息，并制定适当的治疗计划。祝您孩子早日康复。,-1
5,3,39,human,可以乘坐飞机吗？,21
5,3,39,model,"根据您提供的信息，我了解到您的孩子曾经出现过晕厥和抽搐等症状，并且心电图显示是血管迷走性晕厥。晕厥和抽搐等症状在一定程度上与低血压有关，因此建议在孩子晕厥和抽搐发作后至少等待4个小时再考虑乘机。

此外，由于您的孩子有癫痫病史和早产情况，建议您在乘机前咨询专业医生的意见。医生可以根据孩子的具体情况，给出更加详细和个性化的建议。

如果您决定乘机，建议您在飞行中注意观察孩子的症状，避免过度劳累和长时间站立。同时，带上孩子的药物和医疗用品，以备不时之需。

最后，祝愿您的孩子早日康复，健康快乐成长。",0
5,3,39,human,我孩子的命怎么这么苦啊，家里也没有人有类似的病,45
5,3,39,model,"非常抱歉听到您孩子的病情，但是请不要过度自责。血管迷走性晕厥是一种常见的疾病，但是每个人的病情可能会有所不同。在治疗方面，植入心脏起搏器是一种有效的治疗方法，可以帮助控制心律和预防晕厥和抽搐等症状。但是，治疗方案需要根据您孩子的具体情况进行评估和制定。

建议您尽快带孩子去医院进行进一步检查和诊断，以便确定最佳的治疗方案。同时，建议您关注孩子的饮食和生活习惯，保持良好的生活方式，以帮助控制病情。如果您有任何疑问或需要进一步的帮助，请随时与医生联系。祝您孩子早日康复。",0
