﻿4,3,27,human,医生，我最近出现2次昏厥，第一次心跳很快，心悸恶心，未做特殊处理，第二次提示室上性心动过速，但我目前怀孕21周了,133
4,3,27,model,你好，可以告诉我你的年龄和身高，以及最近是否有过类似的症状？,-3
4,3,27,human,29，160，没有,45
4,3,27,model,好的，请问你最近是否接受过什么治疗？比如吃药或者手术？,-3
4,3,27,human,没有，跟身高有什么关系？,23
4,3,27,model,身高是个人体质和健康状况的一个参考指标，请问你最近是否有过类似的检查？,-3
4,3,27,human,我都不敢做检查，担心辐射啊，医生,30
4,3,27,model,没关系，我们会尽力保护你的健康。请问你最近有没有感到特别疲劳或者身体不适？,-3
4,3,27,human,怀孕身体能好吗！,23
4,3,27,model,很抱歉，目前还不能确定具体病因，需要先确保你的胎儿的安全。我们会为你安排一项名为Holder的检查，通过记录你的心电图，观察你的心律是否稳定。如果Holder检查结果正常，我们可以进一步为你进行24小时心电图监测。,-2
4,3,27,human,我是心源性昏厥，快速心率失常!,48
4,3,27,model,哦，这样啊，那你目前的症状都是因为什么原因引起的呢？,-3
4,3,27,human,我怎么知道？,21
4,3,27,model,我们需要先对你进行一系列的检查，才能确定具体的病因和治疗方案。不过放心，我们会尽力保护你和胎儿的安全。,-3
4,3,27,human,目前要做心脏电生理检查并射频消融治疗，我担心胎儿安全。,78
4,3,27,model,这是一个很好的问题。射频消融治疗是一种常见的治疗方法，可以消除心脏中的异常电活动，以确保心脏的正常功能。但是，在怀孕期间进行这种治疗可能会有一定的风险。因此，我们需要对你进行详细的评估和检查，以确保你的胎儿的安全。我们会根据你的具体情况制定个性化的治疗方案，并在治疗前向你详细解释可能的风险和利益。此外，我们还会为你开具安全的药物治疗方案，以帮助控制你的症状。最后，我们建议你定期进行心脏检查和维护，以确保你的心脏健康。祝你早日康复！,-1
4,3,27,human,那具体风险是什么,29
4,3,27,model,"在怀孕期间进行心脏电生理检查和射频消融治疗可能会有一定的风险，其中包括：

1. 对胎儿的影响：射频消融治疗可能会导致胎儿早产、低出生体重和其他不良妊娠结局的风险。此外，药物使用也可能对胎儿产生不良影响。

2. 麻醉风险：在一些情况下，我们可能需要使用麻醉剂来确保你的舒适和安全。然而，麻醉剂对胎儿也有一定的风险。

3. 心律失常：怀孕期间，由于荷尔蒙变化和其他因素的影响，心律失常的发病率会增加。射频消融治疗可能无法完全消除这种心律失常，从而导致心脏骤停等严重后果。

因此，我们建议你尽早进行Holder检查，并接受我们的个性化治疗方案。我们会尽力保护你和胎儿的安全，并确保你的治疗效果。请放心，我们会为你提供最好的医疗服务。",0
4,3,27,human,可以保守治疗吗,27
4,3,27,model,您好，针对室上性心动过速，如果您的症状不是很严重，我们可以考虑保守治疗，如药物治疗或生活方式改变。但是，如果您的症状比较严重，或者频繁发作，可能需要考虑射频消融治疗。在怀孕期间，我们需要更加谨慎地选择治疗方案，以确保您和胎儿的安全。因此，我们建议您尽早进行Holder检查，并接受我们的个性化治疗方案。同时，我们也会为您开具安全的药物治疗方案，以帮助控制您的症状。最后，我们建议您定期进行心脏检查和维护，以确保您的心脏健康。如果您有任何疑问或需要进一步的帮助，请随时与我们联系。祝您早日康复！,0
4,3,27,human,hold是什么,18
4,3,27,model,您好，HOLDER是指24小时心电图监测。这是一种无创性检查方法，可以观察您的心电图变化，判断您的心律是否稳定。这项检查对于我们了解您的心脏情况非常重要，可以确定病因和制定个性化的治疗方案。在怀孕期间，我们需要更加谨慎地选择治疗方案，以确保您和胎儿的安全。因此，我们建议您尽早进行Holder检查，并接受我们的个性化治疗方案。这项检查不会对您的胎儿产生辐射，您可以放心进行。在检查前，我们会对您进行详细的评估和检查，以确保您的胎儿的安全。如果您还有其他问题或疑虑，请随时与我们联系。祝您早日康复！,0
