﻿5,2,37,human,我孩子之前有晕倒、抽搐及大小便失禁的症状,36
5,2,37,model,您好，根据您描述的症状，孩子可能存在癫痫的可能性。癫痫是一种神经系统疾病，常见的症状包括晕倒、抽搐、大小便失禁等。建议您带孩子去医院进行详细的检查和诊断，以确定病因和治疗方案。治疗癫痫的方法包括药物治疗和手术治疗，具体的治疗方案需要根据孩子的具体情况来确定。同时，家长也需要注意孩子的生活习惯和饮食，避免过度疲劳和精神刺激，以减少癫痫的发作。如果您还有其他问题或疑虑，可以随时向医生咨询。祝您和孩子健康！,0
5,2,37,human,之前有癫痫病史,18
5,2,37,model,如果孩子之前有癫痫病史，那么建议您带孩子去医院进行详细的检查和诊断，以确定病因和治疗方案。治疗癫痫的方法包括药物治疗和手术治疗，具体的治疗方案需要根据孩子的具体情况来确定。同时，家长也需要注意孩子的生活习惯和饮食，避免过度疲劳和精神刺激，以减少癫痫的发作。如果您还有其他问题或疑虑，可以随时向医生咨询。祝您和孩子健康！,-1
5,2,37,human,但被诊断为血管迷走性晕厥，现在是在预后阶段，医生建议植入起搏器,16
5,2,37,model,如果孩子被诊断为血管迷走性晕厥，并且已经进入预后阶段，医生建议植入起搏器，这是因为血管迷走性晕厥是一种比较严重的疾病，如果不及时治疗，可能会对孩子的生命造成威胁。起搏器是一种有效的治疗方法，可以帮助调节心律，减少晕厥的发生。在植入起搏器后，孩子需要定期进行检查和维护，以确保治疗的有效性和安全性。同时，家长也需要密切关注孩子的病情，遵守医生的治疗建议，积极配合治疗，帮助孩子尽快康复。如果您还有其他问题或疑虑，可以随时向医生咨询。祝您和孩子健康！,0
5,2,37,human,有什么长期健康管理的建议吗,32
5,2,37,model,"如果孩子已经植入了起搏器，那么在日常生活中，需要注意以下几点：

1. 定期进行起搏器检查和维护，以确保起搏器的正常工作。

2. 避免过度劳累和过度运动，避免剧烈运动和长时间站立，以减少晕厥的发生。

3. 避免过度紧张和焦虑，保持心情愉悦和放松，以减少晕厥的发生。

4. 遵循医生的治疗方案，按时服药，不要自行更改或停药。

5. 定期进行心电图检查，以及血压和体重的测量，以了解孩子的健康状况。

6. 如果出现晕厥、心悸、胸痛等症状，应及时就医，以便及时处理。

7. 注意营养均衡，避免过度饮食和暴饮暴食，保持健康的生活方式。

总之，对于孩子植入起搏器后的健康管理，需要家长和孩子共同努力，遵守医生的治疗方案，注意生活中的细节，以保证治疗的有效性和安全性。如果您还有其他问题或疑虑，可以随时向医生咨询。祝您和孩子健康！",3
5,2,37,human,但是我和他爸爸都没有这个病啊，这孩子命真苦,32
5,2,37,model,"孩子虽然有血管迷走性晕厥的病史，但是孩子不是遗传性疾病，而是由于其他原因引起的，例如药物、代谢紊乱、脑部疾病等。所以，即使您的父亲和丈夫没有这种病史，孩子仍然可能患上这种疾病。

不过，即使孩子患有血管迷走性晕厥，只要及时接受治疗和管理，通常可以得到有效的控制和治疗。同时，孩子的生活和饮食习惯也需要养成良好的习惯，避免过度疲劳和精神刺激，以减少晕厥的发生。

如果孩子需要植入起搏器，您的父亲和丈夫可以帮助孩子进行心理和情感支持，让孩子感受到家人和医生的关爱和支持，有助于孩子更好地适应和治疗。

总之，孩子的命并不是很苦，只要及时接受治疗和管理，并养成良好的生活习惯，就可以减少病情的危害，并获得健康和幸福的生活。如果您还有其他问题或疑虑，可以随时向医生咨询。祝您和孩子健康！",2
5,2,37,human,他还早产，命怎么不苦呢！,93
5,2,37,model,"早产的孩子比足月儿更容易面临健康问题，因为早产儿的免疫力和抵抗力相对较弱，容易感染和出现其他健康问题。但是，孩子的早产并不是导致他命苦的原因，而是因为早产对孩子身体的发育和成长造成了一定的影响。

如果孩子需要接受治疗和管理，特别是对于血管迷走性晕厥的治疗，那么您可以向医生咨询相关信息和建议，并积极配合治疗，以帮助孩子尽早康复和恢复健康。

此外，您可以鼓励孩子养成良好的生活习惯，如规律的作息时间、良好的饮食习惯、适当的运动和锻炼等，以促进孩子的健康成长。

总之，孩子的早产并不是导致他命苦的原因，而是需要您和孩子共同努力，养成良好的生活习惯和健康的生活方式，以及积极治疗和管理，以帮助孩子尽早康复和恢复健康。如果您还有其他问题或疑虑，可以随时向医生咨询。祝您和孩子健康！",2
5,2,37,human,那什么叫命苦,36
5,2,37,model,"关于命苦的概念，它指的是一个人面临着很大的困难和痛苦，以及身体和心理上的痛苦，导致生活和健康状况不佳，甚至可能影响到他们的一生。

对于孩子而言，由于早产和血管迷走性晕厥等病史，可能会面临一些健康和身体上的问题，这些问题可能导致孩子的生活和健康状况不佳，但并不一定就代表着孩子的命苦。

孩子的命是否苦，取决于他所处的具体环境和条件，以及个人的健康和生活方式等多种因素。重要的是，您需要积极关注孩子的健康状况，积极治疗和管理孩子遇到的健康问题，培养孩子养成健康的生活习惯和心理素质，帮助孩子积极面对生活中的挑战和困难，让孩子能够健康、快乐、幸福地成长。

总之，孩子的命是否苦，取决于他所处的具体环境和条件，以及个人的健康和生活方式等多种因素。作为家长，您需要积极关注孩子的健康状况，培养孩子养成健康的生活习惯和心理素质，帮助孩子积极面对生活中的挑战和困难，让孩子能够健康、快乐、幸福地成长。如果您还有其他问题或疑虑，可以随时向医生咨询。祝您和孩子健康！",3
5,2,37,human,起搏器植入后能坐飞机吗，想出去带他走走,61
5,2,37,model,"起搏器植入后，可以坐飞机，但需要在飞行前向医生咨询并获得医生的建议。一般来说，起搏器植入后，孩子需要避免过度运动和剧烈活动，以免影响起搏器的正常工作。

如果孩子需要乘坐飞机，建议您在飞行前向医生咨询并获得医生的建议，以便了解孩子在飞行中的注意事项。在飞行前，孩子需要进行身体检查，确保身体状况良好，并且需要遵循医生的建议，如避免过度运动和剧烈活动等。

此外，在飞行中，孩子需要保持镇静和放松，避免过度焦虑和紧张，以免影响起搏器的正常工作。如果孩子感到不适或出现晕厥等不适症状，应及时就医，以便及时处理。

总之，起搏器植入后可以坐飞机，但需要遵循医生的建议，并且需要在飞行前进行身体检查，避免过度运动和剧烈活动，保持镇静和放松，以确保起搏器的正常工作和孩子的安全。如果您还有其他问题或疑虑，可以随时向医生咨询。祝您和孩子健康！",3
