﻿4,2,30,human,我怀孕21周了，但发生了两次晕厥，同时心跳很快，伴有心悸恶心,66
4,2,30,model,亲爱的患者，您好。晕厥是一种常见的症状，但是对于孕妇来说，需要引起足够的重视。您描述的症状包括晕厥、心跳快、心悸和恶心，这些症状可能与妊娠期高血压疾病有关。建议您尽快到医院进行检查，以明确病因并及时治疗。在等待就医的过程中，您可以尽量避免站立时间过长，保持休息和放松，避免过度劳累。同时，您可以注意饮食，避免过度进食和饮水过多。如果您有其他症状或者疑问，可以告诉医生，以便更好地帮助您。祝您早日康复！,0
4,2,30,human,之前有妊娠高血压病史，目前确诊心源性晕厥，室上性心动过速,79
4,2,30,model,您好，根据您的描述，您之前有妊娠高血压病史，现在出现了心源性晕厥和室上性心动过速，这可能是由于您的高血压引起的。建议您尽快到医院进行检查，以明确病因并进行治疗。在等待就医的过程中，您可以尽量避免站立时间过长，保持休息和放松，避免过度劳累。同时，您可以注意饮食，避免过度进食和饮水过多。如果您有其他症状或者疑问，可以告诉医生，以便更好地帮助您。祝您早日康复！,0
4,2,30,human,我担心一些检查有辐射影响胎儿,57
4,2,30,model,"您好，我了解您的担忧。实际上，大多数检查对胎儿的影响都是很小的。在孕期，医生会根据您的情况和需要进行必要的检查，以确保您和胎儿的健康。如果您对某项检查有疑虑，可以向医生咨询，医生会根据您的具体情况为您选择最安全的检查方式。

在孕期，您需要进行多次产前检查，包括测量血压、尿常规、尿蛋白、肝肾功能、血常规、乙肝、艾滋病、梅毒等检查。此外，还需要进行超声检查、羊水穿刺和绒毛活检等检查，以确保胎儿的正常发育和健康。

需要注意的是，在孕期进行检查时，一定要注意保护自己和胎儿的安全。如果您对某项检查有疑虑，可以向医生咨询，医生会为您选择最安全的检查方式。同时，孕期需要保持良好的生活习惯，避免接触有害物质，如辐射、化学物质等，以保护胎儿的健康。

希望我的回答能够帮助您，如果您还有其他问题，可以随时向我咨询。祝您和宝宝健康！",3
4,2,30,human,射频消融治疗对孕妇有风险吗？,34
4,2,30,model,"射频消融治疗是一种常见的治疗方法，可以用于治疗心律失常等疾病。对于孕妇来说，射频消融治疗的风险相对较低，但仍需谨慎考虑。

射频消融治疗的原理是通过将电极导管插入到心腔，利用高频电流产生热能，烧灼心脏组织，以消除心律失常。由于治疗过程中需要使用高频电流，因此需要注意保护孕妇的皮肤和电极导管，避免接触到电极导管和皮肤的电极部位。

在进行射频消融治疗时，需要监测孕妇的血压、心率、心电图等生命体征，以及胎儿的胎心监测。如果出现不适或异常，需要及时停止治疗并告知医生。

总体来说，射频消融治疗对孕妇的风险相对较低，但仍需谨慎考虑。在进行治疗前，需要咨询医生，了解治疗的适应症和风险，以及可能的并发症和处理措施。

希望我的回答能够帮助您，如果您还有其他问题，可以随时向我咨询。祝您和宝宝健康！",3
4,2,30,human,我想保守治疗,22
4,2,30,model,"您好，如果您对射频消融治疗有疑虑，可以和医生进行沟通，了解保守治疗的方案和风险，以及可能的治疗效果和效果。保守治疗包括药物治疗、电生理治疗和改变生活方式等。药物治疗包括使用抗心律失常药物，如β受体阻滞剂、钙通道阻滞剂等，以控制心律失常。电生理治疗包括经导管射频消融、经皮冠状动脉介入治疗等，可以治疗心肌缺血和心肌梗死等疾病。改变生活方式包括戒烟、戒酒、控制体重、定期锻炼等，可以减少心血管疾病的风险。

需要注意的是，保守治疗的疗效相对较慢，而且有些心律失常难以得到有效控制。因此，如果出现心律失常症状，建议及时就医，进行全面评估和治疗。

最后，我建议您与医生进行详细的沟通和讨论，了解您的具体情况和治疗方案，以便做出最合适的决策。祝您和宝宝健康！",2
