﻿2,3,11,human,医生你好，我是两个孩子的母亲，我最近发生了两次晕倒，第一次在办公室就突然两眼发黑，没有意识了，第二次有预感，蹲下来，没有意识丧失，医生我这是怎么了？,101
2,3,11,model,你好，很抱歉听到这个情况，可以告诉我你最近有没有感冒，头痛，视力模糊等症状？,-3
2,3,11,human,不清楚，但是失眠，情绪紧张，恶心，但是发作前没有恶心呕吐,68
2,3,11,model,好的，还有你的年龄是多少？你是否有家族病史？,-3
2,3,11,human,33；没有家族病,11
2,3,11,model,好的，根据你的症状，可能是因为心律不齐、贫血、低血糖、低血压等原因引起的晕厥。建议你进行一系列的检查，包括血常规、血糖、心电图等。如果需要的话，可以做头部CT检查。,-2
2,3,11,human,最近一次检查：轻度贫血：9.0g/L,60
2,3,11,model,好的，建议你在饮食上多注意一下，多吃一些富含铁质的食物，比如红枣、黑木耳、瘦肉等。同时，你可以服用铁剂来补充铁质。如果晕厥症状持续存在，建议你及时就医，进行进一步的检查和治疗。此外，你需要注意休息，避免过度疲劳，保持良好的生活习惯，避免过度情绪波动。祝你早日康复！,-1
2,3,11,human,我想明确一下病因是什么,39
2,3,11,model,好的，根据你的症状和检查结果，你的晕厥可能是由于贫血引起的。贫血是指血液中红细胞数量或质量不足，导致氧气供应不足，从而引起晕厥。建议你多摄入富含铁质的食物，如红肉、绿叶蔬菜、豆类等，同时可以考虑服用铁剂来补充铁质。此外，你还需要注意休息，避免过度疲劳，保持良好的生活习惯，如规律作息、适量运动等。如果症状加重或持续存在，建议你及时就医，进行进一步的检查和治疗。祝你早日康复！,-1
2,3,11,human,平时工作压力挺大的，还有两个小孩，睡眠不足，跟晕倒会有什么关联吗,56
2,3,11,model,尊敬的患者，您好。工作压力大、睡眠不足等因素可能会导致晕厥的发生，但并不能确定晕厥与这些因素直接相关。晕厥是一种常见的症状，可能由多种原因引起，包括心律不齐、贫血、低血糖、低血压等。建议您进行一系列的检查，包括血常规、血糖、心电图等，以确定晕厥的具体原因。同时，您需要注意休息，避免过度疲劳，保持良好的生活习惯，如规律作息、适量运动等。如果晕厥症状持续存在或加重，建议您及时就医，进行进一步的检查和治疗。祝您早日康复！,0
