﻿5,4,34,human,我孩子之前有晕倒、抽搐的症状，被诊断为血管迷走性晕厥，现在是在预后阶段，医生建议植入起搏器治疗,6
5,4,34,model,"血管迷走性晕厥（Vasovagal syncope）是一种常见的晕厥类型，病因主要与迷走神经系统过敏有关。患者在特定情况下，如长时间站立、情绪激动或剧烈咳嗽等，迷走神经反射过强，导致心率降低、血压下降，从而引发晕厥。

植入起搏器（pacemaker）是一种治疗心律失常的方法，通过传递电信号来调整心脏的搏动。对于血管迷走性晕厥患者，植入起搏器主要是用于治疗患者出现的心动过缓（bradycardia）症状。

然而，在考虑植入起搏器之前，还有其他非侵入性的治疗措施可以尝试：

1. 调整生活方式：保持充足的水分摄入，避免长时间站立，注意休息，保持情绪稳定等。
2. 药物治疗：如使用β受体拮抗剂，以减轻迷走神经过敏引发的症状。
3. 做翻滚试验（tilt table test），以评估患者的病情严重程度和治疗效果。

最后，请遵循医生的建议。如果药物治疗和生活方式调整无法缓解症状，或者病情严重，植入起搏器可能是一个有效的治疗选择。当然，患者需要充分了解植入起搏器的风险和禁忌，并与医生充分沟通，以决定是否进行这一治疗。",22
5,4,34,human,我孩子是早产儿，有癫痫病，血压也低，还有轻微贫血，这些状况与现在的病有关系吗,123
5,4,34,model,"我不是医生，但我可以为您提供一些一般性的信息。您孩子的病状可能是多种因素共同作用的结果。早产儿在生长发育过程中确实可能面临更多的健康问题，以下是关于您提到的几个病状之间可能存在的关联：

1. 癫痫：早产儿的神经系统发育可能不够完善，这可能增加患癫痫的风险。此外，癫痫发作时可能导致意识丧失、抽搐等症状。

2. 低血压：低血压可能与血管迷走性晕厥有关。在某些情况下，如迷走神经反射过强，可能导致血压下降，从而引发晕厥。

3. 贫血：轻微贫血可能对您孩子的病情产生一定影响。贫血会导致身体缺氧，可能使得血管迷走性晕厥的症状加重。但贫血一般不会直接导致癫痫发作。

虽然这些病状可能相互影响，但它们也可能是独立存在的。建议您咨询专业医生，以便对孩子的病情进行全面评估和针对性治疗。医生会根据孩子的具体情况，制定合适的治疗方案。在此过程中，请确保您的孩子得到充足的营养和关爱，以帮助他们度过这个困难时期。",22
5,4,34,human,我想来了解一下植入起搏器后孩子能完全恢复吗？,70
5,4,34,model,"植入起搏器可以帮助纠正心律失常，特别是心动过缓（bradycardia）等症状。然而，要判断孩子是否能完全恢复，还需要考虑其他因素，例如孩子的整体健康状况、其他潜在疾病以及起搏器的适应性。

起搏器对于一些血管迷走性晕厥患者来说，可能是有效的治疗方法，但并非所有患者都能在植入起搏器后完全恢复。此外，您提到孩子还存在其他病状，如癫痫、低血压和轻微贫血。这些病状也可能影响孩子的康复情况。

植入起搏器治疗血管迷走性晕厥的成功率因个体差异而异，因此不能保证孩子完全康复。最重要的是密切关注孩子的病情变化，并与医生保持良好沟通，以便对治疗方案进行调整。

建议您咨询专业医生以获取针对孩子具体状况的专业建议。医生将根据孩子的身体状况、病史和检查结果来评估植入起搏器的治疗效果和恢复预期。同时，也要关注孩子的其他病状，采取综合治疗措施以提高康复的可能性。",23
5,4,34,human,术后能乘坐飞机吗,32
5,4,34,model,"在植入起搏器手术后，患者通常需要一段时间的恢复。乘坐飞机这个问题，需要根据患者的具体康复情况和医生的建议来判断。

在手术恢复期间，患者应遵循医生的指导，注意休息和避免剧烈运动。手术后的前几周，患者可能需要避免使用患臂进行过度活动，以防止起搏器移位。

对于乘坐飞机的问题，建议您在术后咨询您的医生。医生会根据您孩子的恢复情况和手术后的检查结果来判断是否适合乘坐飞机。通常情况下，如果患者恢复良好，术后几周后就可以乘坐飞机。但具体时间需要医生评估后才能确定。

需要注意的是，起搏器患者在过安检时可能会触发金属探测器。因此，在乘坐飞机时，请携带相关医疗证明文件以便在安检时出示。另外，提前告知航空公司您孩子的情况，以便他们为您提供适当的协助和安排。

在飞行过程中，尽量保持舒适的姿势，避免长时间静止不动，以预防血栓形成。如有需要，可以向机组人员寻求帮助。",21
