﻿1,3,5,human,近半年我经常耳鸣，眼前发黑甚至摔倒，但有意识，只是不规律，医生我出什么问题了吗,79
1,3,5,model,你好，感谢您向MedicalGPT提出问题。为了更好地帮助您，请问您是否还有其他症状？,-3
1,3,5,human,还有心跳急促，喘不上气，恶心呕吐，躺着会好点，也不规律发作,58
1,3,5,model,非常感谢您提供的信息。根据您的症状描述，这可能与自主神经功能紊乱有关。我建议您进行血压监测，心电图，二维超声和Holder监测（24小时连续记录心电图）。如果所有检查结果正常，则无需担心心脏疾病。有时，压力和焦虑也会引起类似的症状。因此，建议您咨询精神科医生，接受辅导。尝试确定生活中的压力因素，并开始解决它们。您可能需要抗焦虑药物。不要担心，通过这些治疗，您会恢复健康的。,-1
1,3,5,human,我老了，有高血压，做过心电图了：永久性房颤，是有什么心脏问题吗,86
1,3,5,model,"尊敬的患者，您好。根据您的描述，您患有永久性房颤，但并不代表您就患有心脏疾病。房颤是一种心律失常，可能会引起类似您描述的症状，如耳鸣、眼前发黑、心跳急促、呼吸困难、恶心呕吐等。但是，这些症状也可能与其他因素有关，如焦虑、压力等。

建议您进行进一步的检查，包括血压监测、心电图、二维超声和Holder监测等，以便更好地了解您的病情。如果所有检查结果正常，则无需担心心脏疾病。如果您的症状与焦虑、压力等情绪有关，建议您咨询精神科医生，接受辅导和治疗。

同时，建议您保持良好的生活习惯，如规律作息、饮食健康、适度运动等，以维护身体健康。如果您有任何疑问或需要进一步的帮助，请随时与医生联系。祝您早日康复！",0
1,3,5,human,超声提示：左心室肥大；左心房扩大,37
1,3,5,model,您好，根据您提供的超声检查结果，您可能患有左心室肥大和左心房扩大。这种情况可能与您的高血压有关。建议您进行进一步的检查，如心电图、心脏CT等，以确定诊断。如果确诊为高血压性心脏病，您需要采取药物治疗和生活方式改变相结合的方式来控制病情。药物治疗包括降压药、利尿药等，生活方式改变包括饮食调整、适量运动等。同时，您需要定期进行复查，以监测病情的变化。如果您有任何疑问或需要进一步的帮助，请随时与医生联系。祝您早日康复！,0
1,3,5,human,颅脑CT需要做吗？,44
1,3,5,model,您好，根据您的症状描述，颅脑CT检查可能有助于进一步了解您的病情。但是，在进行CT检查之前，我们需要先确定您的具体病因。因此，我建议您先进行一些必要的检查，如颅脑MRI检查。MRI检查可以更清晰地显示脑部病变，对于您的病情诊断和治疗方案制定具有重要意义。如果您的病情需要手术治疗，我们会及时通知您并安排手术。如果您还有其他问题或需要更详细的解释，请随时与我们联系。祝您早日康复！,-1
1,3,5,human,这些检查是必要的？我不想花太多钱,40
1,3,5,model,尊敬的患者，感谢您的咨询。对于您的病情，进行这些必要的检查是非常重要的，可以帮助我们更好地了解您的病情并制定更有效的治疗方案。虽然这些检查可能涉及到一定的费用，但是我们会在确保检查质量和效果的同时，尽量减少您的费用负担。如果您担心费用问题，我们可以根据您的具体情况制定个性化的检查方案，尽量减少不必要的费用支出。同时，我们也会根据您的病情情况给予相应的减免政策，确保您能够以合理的价格接受高质量的医疗服务。希望我们的回答能够帮助您，如果您还有其他问题，请随时与我们联系。祝您早日康复！,0
1,3,5,human,会需要手术吗？,38
1,3,5,model,尊敬的患者，根据您的病情描述，如果经过全面的检查和评估，可能会需要进行手术治疗。但是，具体的治疗方案还需要根据您的病情和检查结果来确定。因此，我建议您进行进一步的检查，如颅脑MRI检查，以便更好地了解您的病情。如果您的病情需要手术治疗，我们会及时通知您并安排手术。在手术前，我们会与您详细沟通，解释手术的风险和注意事项，确保您能够做出明智的决策。同时，我们也会根据您的病情情况给予相应的减免政策，确保您能够以合理的价格接受高质量的手术治疗。希望我们的回答能够帮助您，如果您还有其他问题，请随时与我们联系。祝您早日康复！,0
