﻿5,2,35,human,我儿子最近一段时间经常晕倒，上次非常严重，晕倒后还抽搐，大小便失禁,7
5,2,35,model,"您好，听到您儿子最近晕倒的情况，我能理解您的担心。根据您的描述，晕倒后还出现抽搐和大小便失禁，这种情况需要尽快就医。这些症状可能与癫痫发作有关，需要进行进一步的检查和治疗。

建议您带儿子前往医院进行脑电图、头颅CT或磁共振、脑脊液检查等检查，以明确病因。如果检查结果显示有癫痫，医生会根据情况进行抗癫痫药物治疗。同时，您可以注意儿子的饮食和生活习惯，保持规律的生活作息，避免过度疲劳和精神紧张。

希望我的回答能对您有所帮助，如果您还有其他问题或疑虑，请随时向我咨询。祝您和您的儿子健康！",-2
5,2,35,human,他以前是有过癫痫病史的，最近去医院诊断出了血管迷走性晕厥,5
5,2,35,model,"您好，血管迷走性晕厥是一种常见的晕厥类型，通常不会导致癫痫发作。但是，如果血管迷走性晕厥与癫痫发作有关，医生可能会建议进行一些特殊的检查和治疗。

对于您儿子的情况，建议您带他前往医院进行详细的检查，以确定病因和治疗方案。医生可能会进行脑电图、头颅CT或磁共振、脑脊液检查等检查，以确定是否存在癫痫发作。同时，医生还可能会根据情况进行药物治疗，以控制癫痫发作的发作。

在治疗期间，建议您注意儿子的饮食和生活习惯，保持规律的生活作息，避免过度疲劳和精神紧张。如果出现任何症状或疑问，请及时向医生咨询。

希望我的回答能对您有所帮助，如果您还有其他问题或疑虑，请随时向我咨询。祝您和您的儿子健康！",-1
5,2,35,human,当时怀孕的时候我有高血糖，我儿子他是早产儿，他刚出生还得了严重的低蛋白血症,1
5,2,35,model,"您好，了解到您有高血糖和早产儿的情况，这对您和您的儿子来说都是比较特殊的情况。

关于血管迷走性晕厥，这是一种常见的晕厥类型，通常不会导致癫痫发作。但是，如果血管迷走性晕厥与癫痫发作有关，医生可能会建议进行一些特殊的检查和治疗。

对于您儿子的情况，由于他是早产儿，可能会存在一些生长发育上的问题。例如，低蛋白血症可能会导致免疫力下降，容易感染。因此，建议您带儿子到医院进行全面的检查，以确定他的生长发育情况和健康状况。

在治疗期间，建议您注意儿子的饮食和生活习惯，保持规律的生活作息，避免过度疲劳和精神紧张。同时，您可以根据医生的建议，进行相应的药物治疗，以控制他的生长发育和免疫力的提高。

希望我的回答能对您有所帮助，如果您还有其他问题或疑虑，请随时向我咨询。祝您和您的儿子健康！",0
5,2,35,human,从小体弱，血压低，轻微贫血,1
5,2,35,model,"您好，了解到您儿子从小体弱，血压低，轻微贫血的情况，这可能是由于营养不良、缺乏锻炼、睡眠不足等原因引起的。

对于血管迷走性晕厥，这是一种常见的晕厥类型，通常不会导致癫痫发作。但是，如果血管迷走性晕厥与癫痫发作有关，医生可能会建议进行一些特殊的检查和治疗。

对于您儿子的情况，由于他的贫血和血压低，建议您带他到医院进行全面的检查，以确定他的健康状况和治疗方案。医生可能会进行血常规、血生化、心电图、脑电图等检查，以确定他的贫血和血压低的原因，并进行相应的治疗。

在治疗期间，建议您注意儿子的饮食和生活习惯，保持规律的生活作息，避免过度疲劳和精神紧张。同时，您可以根据医生的建议，进行相应的药物治疗，以控制他的贫血和血压低。

希望我的回答能对您有所帮助，如果您还有其他问题或疑虑，请随时向我咨询。祝您和您的儿子健康！",0
5,2,35,human,医生建议起搏器植入进行治疗，请问如果进行起搏器植入术，我儿子的血管迷走性晕厥可以完全恢复吗？,7
5,2,35,model,"您好，对于血管迷走性晕厥的治疗，起搏器植入术是一种有效的治疗方法，可以控制和预防癫痫发作的发生。通过植入起搏器，可以调整心律，恢复正常心律，从而避免血管迷走性晕厥的发生。

需要注意的是，起搏器植入术需要在医生的指导下进行，手术过程需要严格的消毒和操作，以避免感染和其他并发症的发生。同时，手术后的康复和治疗也非常重要，需要患者积极配合医生的治疗和康复计划，以确保手术的成功和治疗的有效性。

总之，起搏器植入术是一种有效的治疗方法，可以控制和预防血管迷走性晕厥的发生。但是，手术后的康复和治疗也非常重要，需要患者积极配合医生的治疗和康复计划，以确保手术的成功和治疗的有效性。如果您还有其他问题或疑虑，请随时向医生咨询。",0
5,2,35,human,术后有什么注意事项吗？他在生活中需要注意什么？,11
5,2,35,model,"您好，术后需要患者积极配合医生的治疗和康复计划，以确保手术的成功和治疗的有效性。以下是一些术后需要注意的事项和日常生活中需要注意的事项：

1. 术后需要定期复诊，以确保起搏器的功能和患者的健康状况。

2. 在手术后的康复期间，需要避免剧烈运动和过度劳累，以避免对起搏器和心脏造成过大的负担。

3. 术后需要避免长时间站立或坐着，以防止下肢血栓形成。

4. 如果患者出现任何不适或症状，如胸痛、气促、心悸等，应及时向医生报告，以便及时处理。

5. 在日常生活中，患者需要保持健康的生活方式，如戒烟、限酒、保持适当的体重、定期进行体检等。

6. 如果患者需要服用药物，需要严格按照医生的建议进行用药，并定期复诊。

总之，术后需要患者积极配合医生的治疗和康复计划，以确保手术的成功和治疗的有效性。同时，患者需要保持健康的生活方式，以保持心脏和身体的健康。如果您还有其他问题或疑虑，请随时向医生咨询。",0
5,2,35,human,他的癫痫还有可能复发吗,1
5,2,35,model,"癫痫是一种复杂的疾病，患者在治疗过程中需要密切关注病情的变化，并积极进行治疗和康复。对于血管迷走性晕厥的患者，如果经过积极的治疗和康复，癫痫发作的频率和严重程度可以得到有效的控制。但是，癫痫仍然存在复发的可能性，因此患者需要继续进行治疗和观察，以避免病情复发。

具体而言，癫痫的复发可能与多种因素有关，如药物剂量不足、药物种类和用量不当、患者的生活方式和心理压力等。因此，患者需要根据医生的建议，进行科学的治疗和康复，同时注意调整自己的生活和心理状态，以减少癫痫的复发风险。

如果患者出现任何不适或症状，如癫痫发作、意识障碍、抽搐等，应及时向医生报告，以便及时处理。同时，患者需要定期进行检查和治疗，以确保病情得到控制和治疗的有效性。

总之，对于癫痫患者，需要密切关注病情的变化，积极进行治疗和康复，并遵循医生的建议进行科学的治疗和管理。如果您还有其他问题或疑虑，请随时向医生咨询。",0
5,2,35,human,他需不需要增加运动量？他平时没有运动的习惯,2
5,2,35,model,"对于血管迷走性晕厥的患者，如果病情得到有效控制和治疗，可以适当增加运动量。但是，患者需要根据医生的建议和指导进行运动，以避免过度疲劳和过度刺激。

一般来说，患者可以根据自己的身体状况和医生的建议，选择适合自己的运动方式和强度。适当的体育锻炼可以提高身体的免疫力和抗病能力，同时也可以减轻身体负担和心理压力，有助于改善身体状况和预防病情的复发。

需要注意的是，患者在进行运动时需要遵循科学的原则，避免过度疲劳和过度刺激，以避免对身体造成不良影响。如果患者在运动过程中出现任何不适或症状，如头晕、胸闷、心悸等，应立即停止运动，并及时向医生报告。

总之，对于血管迷走性晕厥的患者，适当增加运动量是有益的，但需要根据医生的建议和指导进行运动，以避免过度疲劳和过度刺激。患者需要根据自己的身体状况和医生的建议，选择适合自己的运动方式和强度。如果您还有其他问题或疑虑，请随时向医生咨询。",0
