﻿4,1,27,human,我是一个孕妇，最近突然晕倒了两次，心慌头晕，眼前发黑,9
4,1,27,model,"如果您突然晕倒两次,心慌头晕,眼前发黑,这可能是一种紧急情况,需要立即就医。建议您立即前往医院就诊,以便医生进行相关检查和治疗。在等待就医的过程中,您可以先保持平静,避免剧烈运动和过度劳累,同时注意呼吸和心跳情况,保持舒适。",-4
4,1,27,human,确诊了室上速，医生让我做射频消融，但是我怕有辐射对胎儿不好,17
4,1,27,model,"室上速是一种心律失常,如果症状严重,射频消融是一种有效的治疗方法。射频消融是一种较为安全的治疗手段,其辐射剂量较小,不会对胎儿产生影响。但是,手术前需要进行详细的评估和评估,以确定是否适合进行手术,以及手术前需要注意的事项。建议您与医生进行详细的咨询和讨论,以了解手术的风险和注意事项。同时,您也可以咨询医生关于手术的详细信息,以便更好地了解手术前后的注意事项。",-3
4,1,27,human,射频消融对胎儿有没有危害,4
4,1,27,model,"射频消融手术是一种安全有效的治疗室上速的方法,但是在进行手术前需要进行详细的评估和评估,以确定是否适合进行手术,以及手术前需要注意的事项。对于孕妇来说,手术可能会对胎儿造成一定的影响,但是具体的影响需要根据手术的具体情况来确定。因此,在进行手术前,建议您与医生进行详细的咨询和讨论,以了解手术的风险和注意事项。此外,您还可以咨询医生关于手术的详细信息,以便更好地了解手术前后的注意事项。",-3
4,1,27,human,我之前流产过两次，非常害怕这个宝宝也失去,0
4,1,27,model,"射频消融手术是一种安全有效的治疗室上速的方法,但是手术前需要进行详细的评估和评估,以确定是否适合进行手术,以及手术前需要注意的事项。对于孕妇来说,手术可能会对胎儿造成一定的影响,但是具体的影响需要根据手术的具体情况来确定。因此,在进行手术前,建议您与医生进行详细的咨询和讨论,以了解手术的风险和注意事项。此外,您还可以咨询医生关于手术的详细信息,以便更好地了解手术前后的注意事项。同时,您还可以咨询医生关于手术的详细信息,以便更好地了解手术前后的注意事项。",-3
4,1,27,human,电生理检查是什么,1
4,1,27,model,"电生理检查是进行心脏电生理检查的一种方法,用于评估心脏电活动和电生理异常情况。这种检查可以帮助医生了解心脏电活动的详细情况,以便更好地了解手术前后的注意事项和治疗效果。

在进行手术前,您需要与医生进行详细的咨询和讨论,以了解手术的风险和注意事项。此外,您还可以咨询医生关于手术的详细信息,以便更好地了解手术前后的注意事项。同时,您还可以咨询医生关于手术的详细信息,以便更好地了解手术前后的注意事项。

最后,建议您与医生进行详细的咨询和讨论,以了解手术的风险和注意事项。同时,您还可以咨询医生关于手术的详细信息,以便更好地了解手术前后的注意事项。",-2
4,1,27,human,我可不可以不做射频消融，有没有保守措施？,1
4,1,27,model,"射频消融是一种较为安全有效的治疗室上速的方法,但是手术前需要进行详细的评估和评估,以确定是否适合进行手术,以及手术前需要注意的事项。如果手术前需要进行详细的评估和评估,以确定是否适合进行手术,以及手术前需要注意的事项。此外,您还可以咨询医生关于手术的详细信息,以便更好地了解手术前后的注意事项。

如果您不进行射频消融,您需要避免剧烈运动和过度劳累,避免过度的精神紧张和焦虑,以及避免剧烈运动和过度劳累,以保护您的身体健康。此外,您可以咨询医生关于手术的详细信息,以便更好地了解手术前后的注意事项。",-2
4,1,27,human,我还有妊娠高血压，这个危险吗？,1
4,1,27,model,"妊娠高血压是一种妊娠期常见的疾病,如果治疗不当,可能会对孕妇和胎儿造成危害。因此,如果您正在妊娠高血压,需要及时就医,并遵循医生的建议进行治疗和管理。

射频消融是一种安全有效的治疗室上速的方法,但是手术前需要进行详细的评估和评估,以确定是否适合进行手术,以及手术前需要注意的事项。如果您不进行射频消融,您需要避免剧烈运动和过度劳累,避免剧烈运动和过度劳累,以保护您的身体健康。此外,您可以咨询医生关于手术的详细信息,以便更好地了解手术前后的注意事项。同时,您还可以咨询医生关于手术的详细信息,以便更好地了解手术前后的注意事项。

最后,建议您与医生进行详细的咨询和讨论,以了解手术的风险和注意事项。此外,您还可以咨询医生关于手术的详细信息,以便更好地了解手术前后的注意事项。",-1
4,1,27,human,我很焦虑，我身体好差，但是我好希望宝宝健康，这些疾病对宝宝有影响吗？,4
4,1,27,model,"妊娠高血压是一种妊娠期常见的疾病,如果治疗不当,可能会对孕妇和胎儿造成危害。因此,如果您正在妊娠高血压,需要及时就医,并遵循医生的建议进行治疗和管理。

射频消融是一种安全有效的治疗室上速的方法,但是手术前需要进行详细的评估和评估,以确定是否适合进行手术,以及手术前需要注意的事项。如果手术前需要进行详细的评估和评估,以确定是否适合进行手术,以及手术前需要注意的事项。此外,您还可以咨询医生关于手术的详细信息,以便更好地了解手术前后的注意事项。

总的来说,射频消融是一种安全有效的治疗室上速的方法,但是手术前需要进行详细的评估和评估,以确定是否适合进行手术,以及手术前需要注意的事项。此外,您还可以咨询医生关于手术的详细信息,以便更好地了解手术前后的注意事项。

最后,建议您与医生进行详细的咨询和讨论,以了解手术的风险和注意事项。此外,您还可以咨询医生关于手术的详细信息,以便更好地了解手术前后的注意事项。",0
