﻿2,3,12,human,医生，我最近总是晕倒，感觉眼前一黑，然后就没有意识了，这是怎么回事啊,8
2,3,12,model,你好，关于你的症状，可以告诉我一下你晕倒的频率是多少？还有你最近有没有出现过其他身体不适的症状？,-6
2,3,12,human,晕倒了两次，间隔三个月，最近失眠很严重，很焦虑，胃也经常胀气，不舒服,72
2,3,12,model,好的，这些信息对于我的诊断很有帮助，你最近有没有在服用什么药物？,-6
2,3,12,human,助眠药 思诺思,13
2,3,12,model,好的，我建议你做一些检查，例如血糖、电解质平衡、甲状腺激素以及心电图等。这些检查可以帮助我们确定你的症状的原因。同时，我建议你不要突然停止服用思诺思，我们可以逐渐减少剂量或者换一种药物。,-5
2,3,12,human,我思诺思不经常吃，只是偶尔实在睡不着才吃,24
2,3,12,model,好的，那么我们可以逐渐减少剂量，或者换一种药物。此外，你的晕倒症状可能与低血压有关，建议你在晕倒前先找个支撑物，比如桌子，保持直立姿势，避免跌倒。同时，你可以尝试一些放松身心的方法，比如深呼吸、瑜伽等。如果你的检查结果出来后还有其他问题，请及时联系我。祝你早日康复。,-4
2,3,12,human,哦对，我是有贫血的，最近一次检查血红蛋白9g/L,20
2,3,12,model,好的，你的贫血可能会导致晕倒症状。针对贫血，我们可以给你开一些铁剂和维生素B12的药物，以帮助提高你的血红蛋白水平。此外，你的失眠和焦虑可能会加重贫血症状，建议你采取一些放松身心的方法，比如听音乐、做瑜伽等。同时，你需要注意饮食，多摄入富含铁和维生素B12的食物，比如瘦肉、鸡蛋、豆类等。希望你能尽快康复。,-1
2,3,12,human,唉，可能跟我精神压力太大也有关系，工作真的是很焦虑，回家孩子又很闹腾，唉，心累，失眠，睡不好也睡不够,62
2,3,12,model,你好，听到你的情况我能理解你现在的焦虑和心累感。失眠和焦虑可能是由于精神压力过大所致。建议你先尝试一些放松身心的方法，比如规律作息、适当运动、冥想等。同时，你也可以尝试一些安神补脑的中药，如当归、酸枣仁、龙眼肉等。如果你的症状持续存在，建议你咨询专业医生，进行进一步的诊断和治疗。同时，你也可以考虑寻求心理咨询师的帮助，以帮助你缓解压力和焦虑。希望你早日恢复健康，恢复正常的睡眠和生活。如果你还有其他问题，请随时联系我。,-3
2,3,12,human,最主要的吧还是这个晕倒的问题，到底病因是什么，我要怎么治疗呀,21
2,3,12,model,您好，关于您的晕倒症状，根据您的描述和检查结果，可能与低血压、贫血等因素有关。同时，您也提到了精神压力大、焦虑等因素也可能导致晕倒症状的发生。建议您在医生的指导下，逐渐减少思诺思的剂量或更换其他药物，同时注意放松身心，避免突然停止思诺思带来的不良反应。此外，您也提到了贫血的问题，可以考虑使用铁剂和维生素B12来治疗贫血，以提高血红蛋白水平。针对病因，医生会根据您的具体情况制定相应的治疗方案。最后，建议您定期进行检查和维护，以保持身体健康。如果您还有其他问题，请随时向我咨询。祝您早日康复。,-3
2,3,12,human,感觉发作的时候没有意识，还是很危险的，我想尽快治疗，或者有没有什么预防的办法来保护自己,13
2,3,12,model,"您好，根据您的描述，您可能患有原发性高血压，也称为高血压病。高血压病是一种常见的慢性疾病，如果不及时治疗，可能会导致心脏病、脑卒中等严重后果。因此，建议您尽快到医院进行详细的检查和诊断，以确定病因和病情严重程度，并制定相应的治疗方案。

治疗高血压的方法包括药物治疗和非药物治疗。药物治疗主要是通过降压药物来控制血压，减少心血管并发症的风险。非药物治疗包括饮食调整、运动锻炼、戒烟限酒等，这些措施可以帮助降低血压，改善身体状况。

预防高血压的方法包括保持健康的生活方式，如均衡饮食、适量运动、避免过度劳累等。此外，定期进行体检，及早发现和治疗高血压等慢性疾病也非常重要。如果您已经被诊断为高血压，建议您按照医生的建议进行治疗和管理，以控制病情，减少发作的风险。

希望我的回答对您有所帮助，如果您还有其他问题或疑虑，请随时向我咨询。祝您早日康复。",-1
