﻿5,1,38,human,我儿子最近一段时间经常晕倒，上次非常严重，晕倒后还抽搐，大小便失禁,5
5,1,38,model,"这种情况可能是由多种原因引起的,包括神经系统疾病、心血管疾病、代谢性疾病、药物副作用等等。建议您立即带儿子去医院就诊,进行详细的身体检查和相关检查,以确定病因并得到及时治疗。在等待就医期间,可以给儿子提供舒适安静的环境,避免过度刺激,保持安静和舒适,以免加重症状。",-4
5,1,38,human,他以前是有过癫痫病史的，最近去医院诊断出了血管迷走性晕厥,4
5,1,38,model,"血管迷走性晕厥是一种由于心脏或脑部供血不足导致短暂的意识丧失和头晕的症状。这种疾病通常会在短暂的时间内自行恢复,但在某些情况下可能需要紧急治疗。

您已经带儿子去医院看过医生,已经进行了详细检查和诊断。建议您密切关注儿子的健康状况,遵循医生的建议进行治疗和护理。同时,尽量避免过度疲劳和过度刺激,保持良好的生活习惯和饮食习惯,以促进身体康复。",-4
5,1,38,human,当时怀孕的时候我有高血糖，我儿子他是早产儿，他刚出生还得了严重的低蛋白血症,3
5,1,38,model,"非常抱歉听到您儿子的病情,希望她能早日康复。同时,您可以和医生讨论您儿子的饮食习惯和生活方式,以确保他的身体状况稳定。此外,您可以关注儿子的情绪和心理健康,帮助他应对压力和焦虑,以便更好地应对疾病。",-5
5,1,38,human,从小体弱，血压低，轻微贫血,3
5,1,38,model,"非常抱歉听到您儿子的病情,希望她能够尽快康复。针对您的儿子的情况,建议您遵循医生的治疗方案和建议,同时注意饮食和生活方式,保持身体健康。此外,您可以和医生讨论饮食和生活方式,以确保儿子的身体健康和康复。同时,您也可以关注儿子的情绪和心理健康,帮助他应对压力和焦虑,以便更好地应对疾病。",-4
5,1,38,human,医生建议起搏器植入进行治疗，请问如果进行起搏器植入术，我儿子的血管迷走性晕厥可以完全恢复吗？,4
5,1,38,model,"起搏器植入术是一种有效的治疗方法,可以帮助控制血压和心率,减少晕厥的发生。但是,起搏器植入手术的成功率与多种因素有关,包括病情的严重程度、手术的难易程度、病人的年龄和身体状况等等。

对于您儿子的情况,起搏器植入手术是一种有效的治疗方法,可以帮助控制血压和心率,减少晕厥的发生。但是,起搏器植入手术也存在一定的风险和并发症,需要在医生的指导下进行。因此,建议您在手术前与医生充分沟通,了解手术的风险和效果,并仔细评估手术的可行性和安全性。

同时,您也需要注意儿子的饮食和生活方式,保持良好的生活习惯和饮食习惯,避免过度疲劳和过度刺激,保持良好的心理状态,以促进身体康复。",-1
5,1,38,human,术后有什么注意事项吗？他在生活中需要注意什么？还可以乘坐飞机吗？,72
5,1,38,model,"术后需要注意以下几点:

1. 术后需要遵循医生的建议,定期复查和调整治疗方案。

2. 饮食和生活方式需要改变,建议遵循医生的建议,避免过度饮食和过度锻炼,保持身体健康。

3. 避免过度劳累和过度刺激,保持良好的生活习惯和饮食习惯,以促进身体康复。

4. 乘坐飞机时,需要避免过度疲劳和过度刺激,保持良好的生活习惯和饮食习惯,以促进身体康复。

5. 术后需要遵守医生的建议,定期复查和调整治疗方案。

6. 如果出现异常情况,及时就医并进行治疗。",-2
5,1,38,human,他的癫痫还有可能复发吗,73
5,1,38,model,"癫痫是一种慢性疾病,其病因和治疗方案需要根据病情的具体情况进行制定。手术后,需要遵循医生的治疗方案和建议,定期进行复查和调整治疗方案,以控制病情和预防复发。

至于坐飞机,建议您与医生沟通,了解儿子是否需要乘坐飞机,以及如何避免过度疲劳和过度刺激,保持良好的生活习惯和饮食习惯,以促进身体健康。

最后,建议您密切关注儿子的身体状况,遵循医生的治疗方案和建议,并在必要时及时就医并进行治疗。",-3
5,1,38,human,他需不需要增加运动量？他平时没有运动的习惯,14
5,1,38,model,"您好,根据您提供的情况,您儿子的病情比较复杂,需要进行全面的检查和治疗。关于运动,建议您咨询医生的意见,根据医生的建议进行适当的运动,以促进身体健康。但是,运动应该适量,避免过度劳累和过度刺激,保持良好的生活习惯和饮食习惯,以促进身体健康。",-4
