﻿3,4,24,human,我前几天在家里站着突然间就晕倒抽搐，几秒钟之后又好了。,6
3,4,24,model,根据您的描述，这可能是一种症状，称为短暂性意识丧失（syncope）。它可能是由多种原因引起的，包括低血压，低血糖，脱水，心律不齐等。抽搐可能是因为意识丧失时，大脑没有足够的血液供应。在大多数情况下，短暂性意识丧失不是严重的健康问题，但有时它可能是一个更严重病状的信号。建议您咨询医生以获取针对您情况的专业意见。,8
3,4,24,human,我去医院的心电图显示室颤和陈旧性心肌梗死,9
3,4,24,model,"根据您提供的信息，心电图显示室颤和陈旧性心肌梗死可能解释了您的晕厥症状。室颤是一种严重的心律失常，心脏无法有效地泵血，可能导致意识丧失和生命危险。陈旧性心肌梗死是指心肌梗死发生在较长时间以前，可能导致心脏功能受损。

在这种情况下，您应该尽快寻求专业医生的建议。医生可能会进行进一步的检查，例如心脏超声，来评估您的心脏功能。治疗可能包括药物治疗、心脏复律器植入或其他手段，具体取决于您的病情。同时，改善生活习惯，如戒烟、控制体重、适当锻炼、降低胆固醇和血压，也有助于改善心脏健康。请务必遵循医生的建议，并定期进行随访检查。",12
3,4,24,human,我有高血压、糖尿病，以前心梗过，放了三个支架、还很喜欢抽烟,56
3,4,24,model,"您的病史表明您患有多种慢性病，这些病状可能加重您的心脏问题。为了改善您的整体健康状况和预防进一步的心脏问题，您需要密切关注以下方面：

1. 控制高血压：请遵循医生的建议，规律服用降压药物，并定期监测血压。减少食盐摄入、保持健康的体重、适当锻炼和限制饮酒也有助于降低血压。

2. 管理糖尿病：请按照医生的建议，监测血糖并服用降糖药物。建议您遵循健康的饮食计划，控制碳水化合物摄入，保持适当的运动，并定期进行糖尿病相关的检查。

3. 心脏支架护理：按照医生的建议，定期进行心脏检查。药物洗脱支架（DES）患者需要长期服用抗血小板药物，以降低支架内血栓形成的风险。

4. 戒烟：吸烟是心血管疾病的重要危险因素。强烈建议您戒烟，以降低心脏病复发和其他健康问题的风险。您可以寻求专业帮助，如药物治疗或心理咨询，以增加戒烟成功的机会。

5. 保持健康的生活方式：均衡饮食、适当锻炼、保持健康的体重、限制饮酒、管理压力等都有助于改善您的整体健康状况。

请务必定期与医生沟通，密切关注您的病情，并遵循医生的建议。",73
3,4,24,human,不知道晕倒和抽烟以及高血压糖尿病、心梗什么的有没有关系,31
3,4,24,model,"晕倒与您所提到的高血压、糖尿病、心梗和抽烟之间可能存在关联。以下是这些因素如何影响晕倒的简要说明：

1. 高血压：长期的高血压可能导致心脏负担增加和血管损伤，从而增加心脏病发作的风险。当心脏无法有效地输送血液到大脑时，可能会导致晕厥。

2. 糖尿病：长期的高血糖可能导致神经和血管损伤，影响心血管系统的功能。此外，低血糖（因胰岛素或口服降糖药物过度使用）也可能导致晕倒。

3. 心梗：心肌梗死可能导致心脏泵血功能受损，使大脑得不到足够的血液供应，从而导致晕厥。此外，心梗后可能出现心律失常，进一步增加晕厥的风险。

4. 抽烟：吸烟可能导致血管收缩、血压升高和心脏负担增加，从而加重心脏病的风险。吸烟还会导致动脉硬化，使血管变得僵硬且容易堵塞，影响血液流动，增加晕厥的风险。

由于这些因素可能相互作用，导致您的晕倒症状，因此管理这些慢性病并戒烟对改善您的健康状况至关重要。请务必遵循医生的建议并定期进行检查。",57
3,4,24,human,医生让我植入ICD，但是我不了解他的好处和缺点，可以解释一下吗,102
3,4,24,model,"植入式心脏除颤器（ICD）是一种用于治疗严重心律失常（如室颤和室性心动过速）的小型医疗设备。它可以监测心脏的电活动并在检测到异常心律时自动释放电击，以恢复正常心律。以下是植入ICD的一些优缺点：

优点：
1. 预防猝死：ICD可以在危急时刻迅速纠正危及生命的心律失常，从而降低因严重心律失常导致的猝死风险。
2. 实时监测：ICD可以持续监测您的心脏电活动，确保在出现异常心律时立即采取措施。
3. 改善生活质量：对于高危患者，ICD可以提供额外的安全保障，使您在日常生活中感到更自信和安心。

缺点：
1. 手术风险：植入ICD需要进行手术，可能存在感染、出血等并发症的风险。然而，这些风险通常较低，手术通常在局部麻醉下进行。
2. 设备故障：虽然罕见，但ICD可能出现故障，例如电池耗尽、导线断裂等，可能需要进行维修或更换。
3. 不适感与心理影响：部分患者可能会感到ICD的存在不适或担心设备可能带来的社交尴尬。心理咨询和支持可能有助于应对这些问题。
4. 不必要的治疗：ICD可能在非危及生命的心律失常时误释放电击，可能导致不适和焦虑。

在决定是否植入ICD时，请与您的医生充分讨论，以确保您了解自己的病情和治疗选择。如果您的医生建议植入ICD，他们可能认为这是最适合您的治疗方案，以降低您的心脏风险。在做决定时，请务必考虑您的健康需求和生活质量。",60
3,4,24,human,我这种情况能不能保守治疗？,16
3,4,24,model,"作为AI助手，我不能为您提供具体的医学建议。然而，在您的情况下，关于是否可以采用保守治疗，您应该咨询您的医生。您的医生最了解您的病史、症状和检查结果，他们可以为您提供针对您个人情况的专业建议。

请务必与您的医生充分沟通，了解您的治疗选择，并根据您的健康需求和生活质量来做出最佳决策。如果您对医生的建议有疑虑或需要更多意见，可以考虑寻求第二意见。",68
3,4,24,human,保守治疗的话是如何治疗呢？,4
3,4,24,model,"保守治疗通常指非手术和非侵入性的治疗方法。对于心脏病患者，保守治疗的目标是控制症状、降低心脏病发作的风险和改善生活质量。保守治疗可能包括以下几种方法：

1. 药物治疗：药物治疗可能包括降血压药、抗凝药、抗血小板药、利尿剂、胰岛素或降糖药、胆固醇降低药物等。这些药物可以帮助控制高血压、糖尿病和心血管疾病的症状及其并发症。

2. 生活方式改变：改善生活习惯对于降低心脏病的风险至关重要。建议保持健康的饮食、适当锻炼、戒烟、限制饮酒、控制体重、管理压力等。

3. 心脏康复：心脏康复是一个结合了运动、教育和心理支持的定制化计划，旨在帮助心脏病患者恢复健康并减少病情恶化的风险。

4. 定期检查和监测：定期进行心脏检查，如心电图、心脏超声等，以及监测血压、血糖和胆固醇等指标，有助于评估治疗效果并调整治疗方案。

然而，对于某些高危患者，如心律失常风险较高的患者，保守治疗可能不足以降低猝死风险。在这种情况下，医生可能会建议进行更积极的治疗，如植入心脏除颤器（ICD）。

请务必与您的医生充分讨论您的治疗选择，并遵循他们的建议。您的医生会根据您的病情、症状和检查结果来制定最适合您的治疗方案。",28
3,4,24,human,唉，还有我的生活方式也很不健康，工作压力太大了，每天吃的也比较油腻,4
3,4,24,model,"了解您的生活方式和工作压力可能对您的健康产生不利影响。为了改善您的心脏健康并降低心血管疾病的风险，建议您尝试调整生活习惯。以下是一些建议：

1. 健康饮食：尝试多吃蔬菜、水果、全谷物和低脂肪的蛋白质来源，如鱼、鸡肉和豆类。减少油腻、高盐、高糖和加工食品的摄入。保持饮食均衡和多样化。

2. 适当锻炼：根据您的健康状况和医生的建议，尝试进行适当的锻炼，如散步、游泳、瑜伽或其他低强度运动。一般建议每周进行至少150分钟的中等强度有氧运动。

3. 管理压力：尝试找到有效的压力缓解方法，如深呼吸、冥想、渐进性肌肉松弛等。保持良好的睡眠习惯，确保每晚获得足够的睡眠。您还可以考虑寻求心理咨询以应对工作和生活中的压力。

4. 戒烟限酒：戒烟对降低心脏病风险至关重要。限制饮酒也有助于控制血压和降低心脏病发作的风险。

5. 定期检查：与您的医生保持联系，定期进行健康检查和相关指标的监测，以评估您的健康状况并调整治疗方案。

改变生活方式可能需要时间和毅力，但这对您的整体健康状况将产生积极影响。请记住，您的医生和其他专业人士可以为您提供支持和指导。",78
