﻿1,2,1,human,我最近半年老是感觉耳朵里面嗡嗡的，眼前发黑，有时候还会站不稳摔倒,97
1,2,1,model,您好，根据您的描述，您最近半年感觉耳朵里面嗡嗡的，眼前发黑，有时候还会站不稳摔倒，这些症状可能与贫血有关。贫血是一种常见的疾病，主要表现为血液中红细胞数量或质量不足，导致氧气供应不足，从而引起一系列症状。建议您及时就医，进行相关检查，以明确诊断并进行治疗。治疗方案应根据贫血的类型和严重程度而定，可能包括补充铁剂、维生素B12、叶酸等营养素，以及输血等措施。同时，您也可以注意饮食，多摄入富含铁质的食物，如瘦肉、蛋类、豆类、绿叶蔬菜等。希望您早日康复。如果您还有其他问题，可以随时向我咨询。,-1
1,2,1,human,有时候还会胸闷心悸，喘不上来气，也不知道是不是感染了新冠之后的后遗症，医生这是怎么回事呀？,77
1,2,1,model,您好，根据您的描述，您可能存在贫血、感染和心血管系统问题。贫血是由于缺乏足够的红细胞或血红蛋白，导致氧气供应不足，从而引起头晕、乏力、心慌、胸闷等症状。感染后出现的心慌、胸闷、喘不上来气等症状，可能是由于机体免疫反应导致的。建议您及时就医，进行相关检查，以明确诊断并进行治疗。治疗方案应根据贫血、感染和心血管系统问题的具体情况而定，可能包括补充铁剂、维生素B12、叶酸等营养素，以及输血等措施。同时，您也可以注意饮食，多摄入富含铁质的食物，如瘦肉、蛋类、豆类、绿叶蔬菜等。希望您早日康复。如果您还有其他问题，可以随时向我咨询。,-1
1,2,1,human,我现在年纪大了，身体哪里都不行，上次检查出了永久性房颤，这个影响大吗,127
1,2,1,model,您好，永久性房颤是一种心律失常，会对心脏产生一定的影响。房颤时心房和心室不协调收缩，导致心脏每次泵血不足，从而引起心衰、心力衰竭等疾病。因此，如果您出现心慌、心悸、气短、乏力、晕厥等症状，建议您及时就医，进行相关检查，以明确诊断并进行治疗。治疗方案应根据具体情况而定，可能包括药物治疗、电复律、消融术等。同时，您也可以注意饮食，避免过度劳累，保持心情愉悦，有助于改善症状和预防并发症。希望您早日康复。如果您还有其他问题，可以随时向我咨询。,-2
1,2,1,human,之前还有过脑梗，怎么会脑梗呢，幸亏发现的早，我以后还会突发脑梗吗，要怎么预防呀,57
1,2,1,model,您好，脑梗是指脑部血管发生阻塞，导致脑部缺血、缺氧，从而引起脑部组织的损伤。脑梗的原因有很多，如高血压、高血脂、糖尿病、吸烟、饮酒等不良生活习惯，以及遗传因素等。由于您之前出现过脑梗，因此建议您平时注意控制血压、血脂、血糖等指标，保持健康的生活方式，如戒烟、戒酒，饮食健康等，以预防再次发生脑梗。同时，您也可以根据医生的建议，进行相关的预防性治疗，如抗凝、降压、降脂等。如果出现突发脑梗的症状，如突然出现肢体无力、语言不清、意识障碍等，应立即就医，进行紧急抢救。希望您能够保持健康，预防脑梗的发生。如果您还有其他问题，可以随时向我咨询。,-1
1,2,1,human,我都吸烟五十多年了，十几年前肺还长了个结节，切了，实在是戒不了啊,106
1,2,1,model,您好，吸烟是导致肺部疾病的主要原因之一，包括肺癌、肺部感染、肺气肿等。长期吸烟不仅会对肺部产生损害，还会对心血管系统、脑部等其他器官产生不良影响。由于您已经长期吸烟，建议您尽快戒烟，以降低患肺癌、心脑血管疾病等疾病的风险。戒烟的方法包括药物治疗、戒烟替代物、行为疗法等，您可以咨询医生，根据自身情况选择适合自己的方法。同时，建议您保持健康的生活方式，如饮食健康、适量运动、避免过度劳累等，以预防疾病的发生。希望您能够早日戒烟，保持健康。如果您还有其他问题，可以随时向我咨询。,-2
1,2,1,human,医生，我这老是头晕是什么原因啊？要不要做个什么检查，什么CT、MR的，需要吗？,77
1,2,1,model,您好，头晕是一个比较常见的症状，可能与多种疾病有关。常见的病因包括贫血、高血压、低血压、脑血管疾病、内耳疾病、心血管疾病等。由于头晕的原因较多，建议您到医院就诊，进行全面的检查，以明确病因。检查项目包括血常规、血压、血糖、心电图、头颅CT、头颅核磁共振等，根据病情可能需要进一步检查。如果您的头晕症状严重，可以考虑进行紧急检查。同时，建议您保持健康的生活方式，如饮食健康、适量运动、避免过度劳累等，以预防头晕的发生。希望您早日康复。如果您还有其他问题，可以随时向我咨询。,-2
1,2,1,human,必须要做CT和MR吗？贵不贵啊 能报销吗,27
1,2,1,model,您好，具体是否需要进行CT和MR检查，需要根据医生的诊断结果来决定。一般情况下，如果头晕症状持续或频繁发作，或者伴随其他症状，如头痛、恶心、呕吐、意识障碍等，就需要进行头颅CT或头颅核磁共振检查，以明确诊断。如果头晕症状较轻，没有伴随其他症状，可以先进行常规的血常规、血压、血糖、心电图等检查，如果需要进一步诊断，再根据医生的建议进行CT或MR检查。关于费用问题，不同的医院和检查项目收费不同，您可以咨询医院的收费标准。一般情况下，CT和MR检查是可以报销的，但具体报销政策需要根据您所在的医保政策来确定。希望我的回答能对您有所帮助。如果您还有其他问题，可以随时向我咨询。,-1
1,2,1,human,那有没有什么药物可以治疗我这个头晕耳鸣的毛病啊？,208
1,2,1,model,头晕和耳鸣是常见的症状，可能与多种疾病有关，例如脑血管疾病、内耳疾病、颈椎病等。对于头晕和耳鸣的治疗，需要根据病因进行针对性治疗。如果是由颈椎病引起的头晕和耳鸣，可以通过针灸、按摩、理疗等物理治疗方式缓解症状。如果是由脑血管疾病引起的头晕和耳鸣，需要进行药物治疗，如抗凝、降压、降脂等，以预防脑血管疾病的发生和发展。药物治疗需要根据病因和病情进行个体化选择，具体药物和剂量需要在医生的指导下使用。同时，建议您保持健康的生活方式，如饮食健康、适量运动、避免过度劳累等，以预防疾病的发生。最后，如果头晕和耳鸣的症状严重或频繁发作，建议您到医院就诊，进行全面的检查，以明确病因并进行治疗。希望我的回答对您有所帮助。如果您还有其他问题，可以随时向我咨询。,0
