﻿5,3,37,human,我儿子最近一段时间经常晕倒，上次非常严重，晕倒后还抽搐，大小便失禁,7
5,3,37,model,您好，请问您儿子晕倒的时候有没有出现其他症状，比如头晕、恶心、视力模糊等？,-6
5,3,37,human,会的，晕倒的时候恶心、头晕、大汗淋漓、面色苍白,41
5,3,37,model,感谢您的回答，请问您儿子最近有没有发生什么事情，比如受伤、感染等？,-6
5,3,37,human,最近倒是没什么，但是他是早产儿，刚出生的时候有过很严重的低蛋白血症，还有抽搐病史,39
5,3,37,model,根据您提供的症状和病史，您儿子可能患有癫痫。癫痫是一种神经系统疾病，会导致反复发作的抽搐、晕厥或意识丧失。低蛋白血症可能是由于早产引起的。建议您带儿子去医院进行全面检查，包括脑电图、血液检查等，以确诊病情。治疗方案包括药物治疗和生活方式改变，如规律作息、避免过度疲劳、避免饮酒等。同时，建议您定期带儿子进行复查，以监测病情和调整治疗方案。祝您儿子早日康复。,-4
5,3,37,human,他近去医院诊断出了血管迷走性晕厥,17
5,3,37,model,感谢您的回复。血管迷走性晕厥是一种常见的晕厥症状，通常由于血压突然下降引起。建议您带儿子去看专科医生，进行全面的身体检查，以确定病因。治疗方案包括药物治疗和生活方式改变，如避免长时间站立、适当运动、保持充足的水分和营养等。同时，建议您定期带儿子进行复查，以监测病情和调整治疗方案。祝您儿子早日康复。,-4
5,3,37,human,医生建议起搏器植入进行治疗，请问如果进行起搏器植入术，我儿子的血管迷走性晕厥可以,6
5,3,37,model,感谢您的提问。起搏器植入术是一种治疗血管迷走性晕厥的方法，可以帮助稳定血压，减少晕厥发作的频率和严重程度。但是，手术风险较高，需要仔细评估患者的病情和手术风险。建议您与专科医生进一步讨论，详细了解儿子的具体情况和手术方案。同时，建议您注意儿子的日常护理和生活习惯，避免过度疲劳和身体不适，保持良好的心理状态和健康的生活方式。祝您儿子早日康复。,-4
5,3,37,human,医生建议起搏器植入进行治疗，请问如果进行起搏器植入术，我儿子的血管迷走性晕厥可以完全恢复吗？,12
5,3,37,model,感谢您的提问。起搏器植入术是一种有效的治疗方法，可以帮助稳定血压，减少血管迷走性晕厥的发作频率和严重程度。对于一些患者来说，起搏器植入术可以完全恢复症状，但是对于另一些患者来说，症状可能仍然存在或者反复发作。因此，具体的治疗效果需要根据患者的具体情况和手术风险来评估。建议您与专科医生进一步讨论，详细了解儿子的具体情况和治疗方案。同时，建议您注意儿子的日常护理和生活习惯，避免过度疲劳和身体不适，保持良好的心理状态和健康的生活方式。祝您儿子早日康复。,-3
5,3,37,human,术后有什么注意事项吗？他在生活中需要注意什么？还可以乘坐飞机吗？,5
5,3,37,model,"术后需要注意以下几点：

1. 术后护理：手术后需要定期复查，以确保起搏器的正常运行。同时，需要注意起搏器的电池寿命，及时更换。此外，需要避免碰撞和摔落，以免损坏起搏器。

2. 饮食：术后需要注意饮食，避免过度饮酒和吃辛辣刺激性食物，以免刺激心脏。

3. 运动：术后需要避免剧烈运动和过度劳累，以免影响心脏的恢复和稳定。

4. 情绪：术后需要保持良好的心态，避免情绪波动和压力过大，以免影响心脏的健康。

至于乘坐飞机，建议您在手术后咨询专科医生的意见。一般来说，手术后的患者需要根据自身情况来判断是否能够乘坐飞机。如果您的儿子有心脏病史或病情较为严重，建议避免长时间的空中旅行，以免影响心脏的恢复和稳定。具体是否可以乘坐飞机，需要根据患者的具体情况和手术效果来评估。

最后，建议您与专科医生保持密切联系，定期复查，遵循医嘱，以确保儿子的心脏健康。祝愿儿子早日康复。",-1
5,3,37,human,他的癫痫还有可能复发吗,3
5,3,37,model,尊敬的患者，感谢您的咨询。癫痫是一种慢性疾病，需要长期的治疗和管理。虽然手术治疗可以减轻症状，但是复发的风险仍然存在。因此，建议您带儿子去医院进行全面的检查和评估，以确定病情的严重程度和治疗方案。同时，建议您遵循医生的建议，按时服药，定期复查，以监测病情和调整治疗方案。此外，您需要注意儿子的生活习惯和日常护理，避免过度疲劳和身体不适，保持良好的心态和健康的生活方式。如果您的儿子出现任何不适或症状加重，请及时就医。祝愿您的儿子早日康复。,-3
5,3,37,human,他需不需要增加运动量？他平时没有运动的习惯,4
5,3,37,model,"尊敬的患者，感谢您的咨询。对于血管迷走性晕厥的患者来说，增加运动量是非常有益的。适当的运动可以促进血液循环，提高心脏的耐力和功能，从而减少晕厥发作的频率和严重程度。建议您带儿子去户外运动，如慢跑、游泳、骑自行车等，但要避免过度劳累和剧烈运动，以免引起心脏过度负荷。此外，建议您在运动前适当热身，以减少肌肉疲劳和血管迷走性晕厥的发生。

另外，需要注意的是，血管迷走性晕厥是一种常见的症状，通常由于血压突然下降引起。因此，在运动过程中，建议您密切观察儿子的状况，如果出现头晕、恶心、视力模糊等症状，应立即停止运动，并休息一段时间。如果症状持续或加重，请及时就医。

最后，建议您与专科医生保持密切联系，定期复查，遵循医嘱，以确保儿子的心脏健康和症状的稳定。祝您儿子早日康复。",-1
