﻿3,2,20,human,我前几天在家里站着突然间就晕倒抽搐，几秒钟之后又好了,8
3,2,20,model,您好，根据您的描述，您可能患有癫痫。癫痫是一种神经系统疾病，需要进行正规的治疗。建议您尽快到医院进行详细的检查和诊断，以确定病因和病情。医生会根据您的病情制定个性化的治疗方案，包括药物治疗、手术治疗等。同时，您也需要注意休息，避免过度劳累和精神紧张，保持良好的心态和饮食习惯。如果您有任何疑问或需要进一步的帮助，请随时咨询医生。祝您早日康复！,-3
3,2,20,human,我去医院的心电图显示室颤和陈旧性心肌梗死,5
3,2,20,model,您好，根据您的心电图结果显示，您可能患有心肌梗死和室颤。心肌梗死是由于心肌缺血坏死所致，需要及时治疗。建议您尽快到医院进行进一步的检查和诊断，以确定病情的严重程度和治疗方案。治疗心肌梗死的药物包括抗血小板药物、抗凝药物、降脂药物等，需要根据个体情况进行选择和调整。同时，您也需要注意休息，避免过度劳累和精神紧张，保持良好的心态和饮食习惯。如果您有任何疑问或需要进一步的帮助，请随时咨询医生。祝您早日康复！,-2
3,2,20,human,我有高血压、糖尿病，以前心梗过，放了三个支架、还很喜欢抽烟,4
3,2,20,model,您好，根据您的情况，您可能存在高血压、糖尿病、心肌梗死等疾病，这些疾病都需要进行综合治疗。建议您尽量戒烟，控制血糖和血压，按医生的建议进行规范的药物治疗，定期进行心电图检查和心功能检查，以及遵医嘱进行心肌梗死支架治疗。同时，您还需要注意饮食和锻炼，保持良好的心态和积极的生活态度，避免过度劳累和精神紧张。如果您有任何疑问或需要进一步的帮助，请随时咨询医生。祝您健康！,-2
3,2,20,human,不知道晕倒和抽烟以及高血压糖尿病、心梗什么的有没有关系,45
3,2,20,model,您好，晕倒和抽烟以及高血压、糖尿病、心梗等疾病确实有一定的关系。抽烟会导致血管收缩，血压升高，增加心肌梗死和脑卒中的风险。同时，高血压和糖尿病也会增加心脑血管疾病的风险。因此，建议您尽量戒烟，控制血糖和血压，按医生的建议进行规范的药物治疗，定期进行心电图检查和心功能检查，以及遵医嘱进行心肌梗死支架治疗。同时，您还需要注意饮食和锻炼，保持良好的心态和积极的生活态度，避免过度劳累和精神紧张。如果您有任何疑问或需要进一步的帮助，请随时咨询医生。,-2
3,2,20,human,医生让我植入ICD，但是我不了解他的好处和缺点，可以解释一下吗,1
3,2,20,model,"ICD是一种心律治疗设备，它能够通过电击来恢复正常的心律，预防心脏病发作并减少死亡率。ICD有以下优点：

1. 预防心脏病发作：ICD能够在心脏电活动中捕获异常心律，并通过电击来恢复正常心律。

2. 减少死亡率：ICD可以有效地预防心脏病发作，减少心源性死亡率。

3. 治疗心房颤动：ICD可以治疗心房颤动，避免心脏病发作。

4. 治疗心肌梗死后综合症：ICD可以治疗心肌梗死后综合症，预防心脏病发作。

ICD的缺点：

1. 费用高昂：ICD的价格较为昂贵，需要支付高昂的费用。

2. 风险：ICD的使用存在一定的风险，如心律不齐、心律失常等。

3. 适应症：ICD的使用需要根据个体情况进行选择，不是所有的患者都适合使用ICD。

总之，ICD是一种有效的治疗心律失常和预防心脏病发作的设备，但需要根据个体情况进行选择和使用。如果您对ICD的使用有任何疑问，请咨询医生。同时，建议您注意控制高血压和糖尿病，保持良好的生活方式和饮食习惯，预防心脏病的发生。",1
3,2,20,human,我这种情况能不能保守治疗？,3
3,2,20,model,您好，根据您的情况，ICD并不是必须的治疗方案，因为您已经存在心肌梗死、高血压和糖尿病等疾病。对于心肌梗死，建议您采取综合治疗，包括抗血小板药物、抗凝药物、降脂药物等，以预防心脏病发作和减少死亡率。对于高血压和糖尿病，建议您进行规范的治疗，包括药物治疗、饮食控制和锻炼，以控制病情，预防并发症。同时，您还需要定期进行心电图检查和心功能检查，以及遵医嘱进行心肌梗死支架治疗。如果您的病情稳定，可以采取保守治疗。但是，具体治疗方案需要根据个体情况进行选择和调整，建议您咨询医生。祝您健康！,0
3,2,20,human,保守治疗的话是如何治疗呢？,1
3,2,20,model,"对于心肌梗死，保守治疗通常包括以下几个方面：

1. 抗血小板治疗：抗血小板药物可以预防血栓形成，预防心脏病发作和减少死亡率。常用的抗血小板药物包括阿司匹林、氯吡格雷等。

2. 抗凝治疗：抗凝药物可以预防血栓形成，预防心脏病发作和减少死亡率。常用的抗凝药物包括华法林、肝素等。

3. 降脂治疗：降脂药物可以控制血脂水平，预防心脏病发作和减少死亡率。常用的降脂药物包括他汀类药物等。

4. 控制血压和血糖：高血压和糖尿病是心肌梗死的重要危险因素，需要进行控制，以预防并发症和减少心肌梗死的发生。

5. 健康生活方式：戒烟、限制饮酒、保持健康的饮食习惯、适量运动、保持健康的心态等，可以预防心脏病的发生和减少心肌梗死的发生。

需要注意的是，具体的治疗方案需要根据个体情况进行选择和调整，建议您咨询医生，根据医生的建议进行治疗。同时，定期进行心电图检查和心功能检查，以及遵医嘱进行心肌梗死支架治疗，是预防心肌梗死和减少死亡率的重要措施。祝您健康！",1
3,2,20,human,唉，还有我的生活方式也很不健康，工作压力太大了，每天吃的也比较油腻,2
3,2,20,model,"对于您的情况，除了药物治疗外，生活方式的调整也非常重要。建议您采取以下措施：

1. 改善饮食习惯：减少高脂、高糖、高盐的食物摄入，增加蔬菜、水果、全谷类、低脂肪蛋白质等健康食品的摄入，有利于控制血脂、血糖和血压。

2. 增加运动量：适量进行有氧运动，如散步、慢跑、游泳、骑自行车等，可以改善心肺功能，降低心率和血压。

3. 减轻工作压力：过度的压力和疲劳会影响身体健康，建议您采取一些减压的方法，如适当的休息、放松、听音乐等。

4. 戒烟限酒：烟草和酒精对身体健康有很大的危害，建议您戒烟限酒，避免对心血管系统产生不良影响。

5. 定期进行体检：定期进行心电图、血脂、血糖、血压等体检，以及进行心肌梗死支架治疗，可以及早发现和治疗心血管疾病。

需要注意的是，生活方式的调整需要根据个体情况进行选择和调整，建议您咨询医生，根据医生的建议进行生活方式的调整和治疗。同时，保持良好的心态和积极的生活态度，避免过度劳累和精神紧张，有助于预防和治疗心血管疾病。祝您健康！",1
