﻿4,3,25,human,我是一个孕妇，最近突然晕倒了两次，心慌头晕，眼前发黑,135
4,3,25,model,您好，请问您最近有没有感觉到胸口疼痛或压迫感？,-6
4,3,25,human,没有,31
4,3,25,model,您最近有没有感冒或者发烧的症状？,-6
4,3,25,human,没有,6
4,3,25,model,您最近有没有在饮食或者生活方面做出改变？,-5
4,3,25,human,没有,2
4,3,25,model,好的，您之前有没有类似的症状出现过？,-6
4,3,25,human,第一次是在一月前晕倒，第二次就是前几天,31
4,3,25,model,好的，请您去医院做一下心电图和心脏超声检查，以便我们更好地了解您的情况。,-6
4,3,25,human,确诊了 室上速，医生让我做射频消融，但是我怕有辐射对胎儿不好,31
4,3,25,model,"室上速是一种心律失常，可能会导致心慌、头晕等症状。射频消融是一种有效的治疗方法，但是它并不会产生辐射，而是利用高频电能破坏异常的心脏组织，从而恢复心脏的正常节律。因此，您可以放心进行治疗。

在治疗前，您需要进行一些检查，如心电图和心脏超声检查，以确保您的安全。治疗后，您需要注意休息，避免过度劳累和情绪波动，同时按时服药，以保持心脏的正常功能。

此外，作为孕妇，您需要注意饮食和生活习惯，保持良好的心态和健康的生活方式，以促进胎儿的健康发育。如果您有任何疑问或需要进一步的帮助，请随时咨询医生。

最后，祝您早日康复，胎儿健康成长！",-3
4,3,25,human,射频消融对胎儿有没有危害,31
4,3,25,model,"孕妇进行射频消融治疗是安全的，对胎儿没有危害。射频消融通过高频电能破坏异常的心脏组织，从而恢复心脏的正常节律。这种治疗不会产生辐射，而是利用物理手段进行治疗，因此不会对胎儿产生影响。

在进行射频消融治疗前，医生会先对您进行一些必要的检查，如心电图和心脏超声检查，以确保您的安全。治疗后，您需要遵循医生的建议进行休息和调整生活习惯，以促进身体的恢复和胎儿的健康发育。

此外，作为孕妇，您还需要注意饮食和生活习惯，保持良好的心态和健康的生活方式，以预防心脏疾病的发生和恶化。定期进行产前检查，遵从医生的建议，及时就医，也是非常重要的。

最后，祝您和胎儿健康平安！如果您还有其他问题或需要进一步的帮助，请随时咨询医生。",-2
4,3,25,human,我之前流产过两次，非常害怕这个宝宝也失去,26
4,3,25,model,"亲爱的患者，很抱歉听到您之前流产过两次的消息。这确实是一个很困扰人的事情。但是，请不要过度担心，因为流产并不是您或宝宝的错。在自然流产过程中，有多种因素可能会导致胚胎或胎儿的死亡，例如染色体异常、子宫内膜问题、激素水平异常、子宫畸形等等。这些因素可能是不可控的，但是我们可以通过一些治疗措施来提高您和宝宝的生存几率。

建议您及时就医，进行全面的检查和评估。医生会根据您的具体情况制定个性化的治疗方案，以提高您和宝宝的生存几率。同时，您也需要注意生活习惯的调整，如避免吸烟、饮酒，保持健康的饮食和心态，避免过度劳累和精神压力等。

如果您有任何疑问或需要进一步的帮助，请随时向医生咨询。我们会尽力为您提供最好的医疗服务和支持。祝您和宝宝健康平安！",-2
4,3,25,human,电生理检查是什么？,49
4,3,25,model,您好，电生理检查是一种通过测量心脏电活动来评估心脏功能的检查方法。它可以帮助医生判断心脏是否存在异常，例如心律失常、心肌梗死等。常见的电生理检查包括心电图、多普勒超声心动图、心肺功能运动负荷试验等。其中，心电图是最常用的一种检查方法，它可以记录下心脏的电活动，帮助医生判断心脏是否存在异常。如果您需要进行电生理检查，建议您及时就医，医生会根据您的具体情况制定合适的检查方案。同时，检查前需要注意避免饮用含有咖啡因的饮料，如咖啡、茶、可乐等，以免影响检查结果。希望我的回答能对您有所帮助。,-3
4,3,25,human,我可不可以不做射频消融，有没有保守措施？,2
4,3,25,model,"对于室上速，射频消融是一种有效的治疗方法，但并不适用于所有的患者。对于一些患者来说，射频消融可能不是一个适合的选择，因为手术风险较高，对胎儿也有一定的影响。因此，我建议您与您的医生进行详细的讨论，并根据医生的建议来决定是否进行射频消融治疗。

此外，射频消融治疗是一种介入治疗方法，需要在医院进行。如果您担心手术风险或者胎儿的安全，可以与医生沟通，了解其他保守措施的可行性。例如，药物治疗是一种常见的保守方法，可以通过药物来控制心律失常的发作。但是需要注意的是，药物治疗可能会对胎儿产生一定的影响，因此需要在医生的指导下进行。

最后，我建议您保持良好的生活习惯，避免过度劳累和情绪波动，保持良好的饮食和心态，以促进身体的恢复和胎儿的健康发育。如果您有任何疑问或需要进一步的帮助，请随时咨询医生。祝您和宝宝健康！",-2
