﻿1,4,8,human,医生，我最近老是头晕耳鸣，眼前发黑，还有两次晕倒了,10
1,4,8,model,我不是医生，但是我可以提供一些建议。头晕、耳鸣和眼前发黑可能是由多种原因引起的，包括低血压、低血糖、贫血、耳部问题或者是心血管问题等。既然你还有晕倒的症状，这可能表明情况比较严重。在这种情况下，我建议您尽快去看医生，并进行详细检查以便找到病因并得到合适的治疗。在等待就诊期间，请注意保持充足的休息和适当的饮食。,8
1,4,8,human,我还经常会胸闷心悸，也不知道是不是新冠后遗症,26
1,4,8,model,"我不是医生，但我可以提供一些建议。胸闷和心悸可能有很多原因，包括心脏问题、焦虑、胃肠问题等。新冠肺炎确实有可能导致一些后遗症，但在得出结论之前，最好先去看医生。医生可以根据你的病史和症状来判断是否与新冠肺炎有关，并可能会为你安排进一步的检查，以找到病因并制定相应的治疗方案。

在看医生之前，保持充足的休息、保持良好的作息和饮食习惯可能会有所帮助。同时，如果你担心自己的症状与新冠肺炎有关，可以向医生询问相关检查。",8
1,4,8,human,我之前查过心脏，有房颤，这个影响大吗,19
1,4,8,model,"我不是医生，但我可以提供一些关于房颤的基本信息。房颤（也称为心房颤动）是一种常见的心律失常，指的是心房收缩不规律且速度过快。这可能导致心脏输送血液的效率降低，从而引发一系列症状，如心悸、疲劳、头晕等。

房颤的影响因人而异。一些人可能几乎没有症状，而另一些人可能会感到不适。房颤可能导致血栓形成，增加患者中风的风险。因此，医生通常会根据患者的年龄、病史和风险因素来评估治疗方案。这可能包括药物治疗、心脏导管消融术或其他方法。

请务必遵循医生的建议并定期进行检查。如果您的症状加重或出现新的症状，请及时就诊。",15
1,4,8,human,可以吃什么药物来治疗耳鸣和晕倒啊？,16
1,4,8,model,"我不是医生，但可以提供一些建议。在自行服用药物之前，最好先咨询医生。耳鸣和晕倒可能有很多原因，治疗方法因人而异。医生可以根据您的病史和症状开具合适的药物。以下是一些建议，但请在使用前先咨询医生：

1. 耳鸣：耳鸣可能由耳部感染、听力损伤或其他原因引起。对于耳部感染，医生可能会开抗生素；而听力损伤或其他原因导致的耳鸣，可以尝试利用音乐、白噪音等掩盖耳鸣。在某些情况下，医生可能会建议使用抗抑郁药或抗焦虑药。

2. 晕倒：晕倒可能与低血压、低血糖、贫血等多种因素有关。根据具体原因，医生可能会开具相应药物。例如，对于低血压，可能会开具扩张血管的药物；而对于贫血，可能会建议服用铁补剂或维生素B12。

请务必咨询医生并遵循医嘱，以确保您得到正确的诊断和治疗。",18
1,4,8,human,mr之类的检查一定要做吗？能走医保吗？年纪大了不想让子女负担太大,11
1,4,8,model,"是否需要进行核磁共振（MRI）等检查取决于您的症状、病史和医生的建议。医生会根据您的具体情况来决定是否需要进行这些检查。如果医生认为这些检查对诊断和治疗有帮助，那么接受检查是比较明智的选择。

关于医保问题，不同国家和地区的医保政策有所不同。在某些国家和地区，核磁共振检查可能会被医保部分或全部报销。具体情况取决于您所在地的医保政策和医疗保险条款。为了了解详细信息，您可以联系您的医保提供商或当地的医疗保险机构进行咨询。

请注意，您的健康是最重要的。如果您担心医疗费用，可以与医生和家人沟通，共同商议最合适的诊断和治疗方案。",12
1,4,8,human,戒不了烟啊，都吸了五十多年了，肺也给吸坏了，还动了手术,5
1,4,8,model,"戒烟确实是一个充满挑战的过程，尤其是对于长期吸烟的人。然而，戒烟对您的健康具有重要意义，尤其是在您已经进行过肺部手术的情况下。以下是一些建议，可以帮助您戒烟：

1. 制定戒烟计划：为自己设定一个明确的戒烟日期，并在此期间逐渐减少吸烟量。

2. 寻求支持：告诉家人、朋友和同事您的戒烟计划，并请求他们的支持和鼓励。您还可以参加戒烟支持团体，与其他正在戒烟的人分享经验和建议。

3. 药物治疗：请咨询医生，了解您是否适合使用戒烟药物，如尼古丁替代疗法（贴片、口香糖等）或其他处方药物（如安非他酮、凡莫特汀等）。

4. 替代方法：尝试使用电子烟或尼古丁吸入器，以减少对传统香烟的依赖。但请注意，这些产品并非完全无害，因此最好在医生的建议下使用。

5. 改变生活习惯：识别可能导致吸烟冲动的情境，如喝咖啡、饭后等。尝试改变这些习惯，以减少吸烟欲望。

6. 学会应对压力：研究一些放松技巧，如深呼吸、渐进性肌肉松弛、瑜伽、冥想等，以帮助应对戒烟过程中可能出现的压力。

戒烟是一个循序渐进的过程，可能需要时间和毅力。请保持耐心，并尝试不同的方法以找到最适合您的戒烟策略。在戒烟过程中，您的身体将逐渐恢复，对您的健康带来积极影响。",25
1,4,8,human,谢谢你鼓励，其他方面我倒是挺注重保养的，经常爬山，没事就早睡早起,30
1,4,8,model,"非常高兴看到您关注自己的健康并积极保养。保持积极的生活方式对于身心健康都非常重要。继续保持健康的生活习惯，如定期锻炼、保持良好的作息和饮食习惯等，对于预防疾病和提高生活质量都有很大帮助。

爬山是一项很好的锻炼方式，它可以提高心肺功能、增强肌肉力量、改善心情并减轻压力。早睡早起有助于维持良好的作息，从而保持高水平的精力和清晰的思维。

在戒烟过程中，请继续保持这些积极的生活习惯，它们将有助于减轻戒烟带来的压力和不适。祝您在戒烟和保持健康的道路上一切顺利！",16
1,4,8,human,可以吃什么药物来治疗耳鸣和晕倒啊？,237
1,4,8,model,"我不是医生，但可以为您提供一些建议。在自行服用药物之前，请务必咨询医生。耳鸣和晕倒可能有很多原因，因此治疗方法因人而异。以下是一些建议，但请在使用前先咨询医生：

1. 耳鸣：耳鸣可能由耳部感染、听力损伤或其他原因引起。对于耳部感染，医生可能会开抗生素；而听力损伤或其他原因导致的耳鸣，可以尝试利用音乐、白噪音等掩盖耳鸣。在某些情况下，医生可能会建议使用抗抑郁药或抗焦虑药。

2. 晕倒：晕倒可能与低血压、低血糖、贫血等多种因素有关。根据具体原因，医生可能会开具相应药物。例如，对于低血压，可能会开具扩张血管的药物；而对于贫血，可能会建议服用铁补剂或维生素B12。

请务必咨询医生并遵循医嘱，以确保您得到正确的诊断和治疗。",18
