﻿3,1,18,human,我前几天在家里站着突然间就晕倒抽搐，几秒钟之后又好了。,7
3,1,18,model,"这种情况可能是因为突然的体位变化引起的低血压。当你突然从坐位或卧位转换到站立或行走时,血液会流向下肢和头部,导致血压突然下降,引起头晕、抽搐等症状。这种情况通常不需要特殊治疗,只需要注意休息,保持身体的平衡和稳定,避免突然站起或转身。如果症状持续或加重,建议就医检查。",-4
3,1,18,human,我去医院的心电图显示室颤和陈旧性心肌梗死,32
3,1,18,model,"室颤是一种心律失常,通常发生在心脏的电信号上,导致心脏跳动不正常。陈旧性心肌梗死是指心脏有严重的损伤,导致心肌组织坏死。这两种情况都需要及时就医治疗,否则会对身体造成严重的伤害。建议您按照医生的建议进行治疗,同时注意休息,保持良好的生活习惯,避免过度劳累和情绪波动。",-4
3,1,18,human,我有高血压、糖尿病，以前心梗过，放了三个支架、还很喜欢抽烟,11
3,1,18,model,"抽烟是心脏病的危险因素之一,建议您尽量戒烟,保持健康的生活方式,控制高血压和糖尿病等慢性疾病,定期进行体检和治疗,以及遵循医生的建议进行治疗。同时,您也需要定期进行心电图、心脏彩超等检查,以便及时发现并治疗心脏病变。",-4
3,1,18,human,不知道晕倒和抽烟以及高血压糖尿病、心梗什么的有没有关系,6
3,1,18,model,"晕倒和抽烟以及高血压、糖尿病、心梗等慢性疾病有一定关系。抽烟会导致血管硬化,增加心脏病患病风险,而高血压和糖尿病等慢性疾病会导致心脏受损,加速心脏病的发展。此外,抽烟还会导致心脑血管疾病,如中风、心肌梗死等。建议您尽量避免吸烟和过度饮酒,保持健康的生活方式,定期进行体检和治疗,并遵循医生的建议进行治疗。",-4
3,1,18,human,医生让我植入ICD，但是我不了解他的好处和缺点，可以解释一下吗,4
3,1,18,model,"植入ICD是一种治疗慢性心律失常的方法,它可以通过植入电极来刺激心脏起搏器,以达到控制心律失常的效果。这种治疗方法通过电刺激来控制心脏的电信号,从而控制心律失常的发作。

在一般情况下,植入ICD可以有效控制心律失常的发作,减少心脏负担,减少心脏病的发病风险。此外,植入ICD还可以预防更严重的心律失常的发生,如房颤、室早等。

但是,植入ICD并不是所有病人都适用,需要根据具体情况进行评估和治疗。同时,植入ICD也存在一定的风险和并发症,如感染、出血等,需要慎重考虑。

建议您在咨询医生后,根据自己的实际情况和医生的建议,选择适合自己的治疗方法。同时,保持良好的生活习惯,定期进行体检和治疗,以及遵循医生的建议进行治疗,可以更好地控制病情,保护心脏健康。",-1
3,1,18,human,我这种情况能不能保守治疗？,1
3,1,18,model,"您的病情需要医生进行评估和治疗,因为您的症状需要经过专业医生的诊断和治疗。治疗方案应该根据您的具体情况而定,包括病情的严重程度、病因、治疗方案的选择等。因此,建议您咨询专业医生,进行详细的评估和治疗方案制定。同时,保持健康的生活方式,定期进行体检和治疗,以及遵循医生的建议进行治疗,可以帮助您更好地控制病情,保护心脏健康。",-4
3,1,18,human,保守治疗的话是如何治疗呢？,2
3,1,18,model,"保守治疗包括药物治疗、心理治疗、生活方式改变等。药物治疗包括抗心律失常、降压、抗心律失常等药物。生活方式改变包括戒烟、减轻体重、增加运动、控制饮食等。药物治疗需要根据病情和个体差异选择,因此建议您咨询专业医生进行详细的评估和治疗方案制定。此外,保持良好的生活习惯,定期进行体检和治疗,以及遵循医生的建议进行治疗,可以帮助您更好地控制病情,保护心脏健康。",-3
3,1,18,human,唉，还有我的生活方式也很不健康，工作压力太大了，每天吃的也比较油腻,57
3,1,18,model,"好的,祝您早日康复!",-6
