﻿1,1,3,human,医生，我最近老是头晕耳鸣，眼前发黑，还有两次晕倒了,62
1,1,3,model,"您好,您的症状可能与多种疾病有关,例如低血压、贫血、内耳疾病、高血压等。建议您尽快到医院进行详细的身体检查,以确定病因并得到有效的治疗。在等待就医的过程中,您可以注意休息,避免剧烈运动和过度劳累,保持充足的睡眠和饮食,避免吸烟和饮酒等不良习惯。",-4
1,1,3,human,要做什么检查啊？,13
1,1,3,model,"您好,建议您进行以下检查:

1. 血压测量:测量血压并记录。

2. 血常规检查:检查血液中的红细胞、白细胞、血小板等指标,以确定是否存在贫血、感染等情况。

3. 内耳功能检查:检查内耳是否有异常。

4. 内耳MRI检查:检查内耳是否有异常。

5. 心电图检查:检查心脏是否有异常。

6. 血压监测:测量血压并记录。

7. 血糖检查:检查血糖水平是否正常。

以上是常见的检查项目,具体需要检查哪些项目还需要根据您的具体情况和医生的建议来决定。",-2
1,1,3,human,mr一定要做吗？能走医保吗？年纪大了不想让子女负担太大,68
1,1,3,model,"您好,MRI检查是一种常用的检查方法,可以帮助医生确定病变的部位和程度。如果您的症状与内耳疾病有关,MRI检查可以帮助医生确定病情的程度和治疗方案。

至于医保报销的问题,具体要看您所在的医保政策和医院政策,建议您咨询您当地的医保部门或者医院的医保部门。

另外,如果您不想子女负担太大,您可以考虑在医生的指导下,通过药物治疗或者物理治疗等方式来缓解症状,同时注意饮食和休息,避免过度疲劳和剧烈运动。",-3
1,1,3,human,可以吃什么药物来治疗耳鸣和晕倒啊？,35
1,1,3,model,"耳鸣和晕倒的治疗需要根据具体的病因来确定,因此建议您先到医院进行详细的身体检查。如果医生确定您的病情需要药物治疗,您可以在医生的指导下选择合适的药物。一般来说,药物治疗需要根据病因来选择,例如低血压、贫血等需要补充血容量和营养,内耳疾病需要使用抗炎药物等。但是,药物治疗需要在医生的指导下进行,不能自行购买和使用药物。",-4
1,1,3,human,我还经常会胸闷心悸，也不知道是不是新冠后遗症,28
1,1,3,model,"您好,胸闷心悸可能是多种疾病引起的症状,例如心脏病、肺部疾病等,建议您尽快到医院进行全面的身体检查,以确定病因并得到有效的治疗。

关于MRI检查,如果您需要进行MRI检查,您可以咨询医生或医院的相关科室,具体需要进行哪些项目还需要根据您的具体情况和医生的建议来决定。

如果您有担心和疑虑,建议您尽快到医院进行详细的检查和诊断,以确定病因并得到有效的治疗。",-3
1,1,3,human,我之前查过心脏，有房颤，这个影响大吗,132
1,1,3,model,"房颤是一种心律失常,通常会导致心脏血液流量减少,引起心脏负担加重,可能导致胸闷、心悸等症状。建议您进行详细的心脏检查,以确定是否存在其他心脏问题。

在医生的指导下,您可以选择药物治疗、物理治疗、手术治疗等方式来缓解症状,同时注意饮食和休息,避免过度劳累和剧烈运动,以保护身体健康。",-4
1,1,3,human,我还老抽烟，肺也给抽坏了,135
1,1,3,model,"您好,抽烟会对身体健康造成很大的损害,建议您尽快戒烟,同时保持良好的生活习惯和饮食习惯,以保护身体健康。同时,定期进行体检也是非常重要的,可以及早发现和治疗潜在的健康问题。",-5
1,1,3,human,我倒是挺注重保养的，经常爬山，没事就早睡早起,38
1,1,3,model,"您好,感谢您对我的信任。根据您的症状描述,您需要尽快到医院进行全面的身体检查,以确定病因并得到有效的治疗。同时,建议您尽快戒烟,保持良好的生活习惯和饮食习惯,以保护身体健康。同时,定期进行体检也是非常重要的,可以及早发现和治疗潜在的健康问题。

在医生的指导下,您可以选择药物治疗、物理治疗、手术治疗等方式来缓解症状,同时注意饮食和休息,避免过度劳累和剧烈运动,以保护身体健康。

另外,您可以考虑在医生的指导下,进行药物治疗或者物理治疗等方式来缓解症状,同时注意饮食和休息,避免过度劳累和剧烈运动,以保护身体健康。

希望我的回答对您有所帮助,祝您早日康复!",-2
