﻿2,4,9,human,医生，我最近总是晕倒，感觉眼前一黑，然后就没有意识了，这是怎么回事啊,322
2,4,9,model,我不是医生，而是一个AI助手。根据您的描述，这可能是由多种原因导致的。晕倒（又称短暂性意识丧失）可能与血压下降、低血糖、心脏问题、贫血、脱水或其他生理问题有关。要弄清楚具体原因，建议您尽快咨询专业医生进行诊断和治疗。在此之前，请确保保持充足的水分摄入，饮食均衡，并避免突然站立。,10
2,4,9,human,要做什么检查吗？我想弄清楚原因,35
2,4,9,model,"我不是医生，但根据您的症状，以下是一些建议供您参考。要确诊病因，您可能需要进行一些检查。可能的检查包括：

1. 血压检查：了解您的血压水平。
2. 心电图（ECG或EKG）：检查心脏活动和排除心脏问题。
3. 血液检查：检查血糖水平、血红蛋白水平（贫血检查）和其他可能导致晕倒的因素。
4. 头颅影像检查（如CT或MRI）：以排除可能影响大脑的任何异常。
5. 倾斜试验：了解您在不同姿势下的血压变化，以确定是否为体位性低血压。
6. 需要时，医生可能会建议其他特定检查，以便找出晕倒的原因。

请咨询专业医生以获取针对您具体情况的诊断和检查建议。如果晕倒发生频繁，请尽快就诊。",14
2,4,9,human,哦对，我是有贫血的，最近一次检查血红蛋白9g/L,37
2,4,9,model,"贫血可能是导致您晕倒的原因之一。贫血是指血液中红细胞或血红蛋白水平低于正常范围，导致血液无法有效输送氧气到身体各部位。贫血有多种类型，最常见的是缺铁性贫血。根据您提供的信息，血红蛋白水平9g/L确实低于正常范围。

为了改善贫血，您可以尝试以下方法：

1. 增加含铁食物摄入：瘦肉、家禽、鱼类、豆类、绿叶蔬菜、干果、富含维生素C的水果等。
2. 服用铁补充剂：在医生的建议下服用。
3. 检查其他可能的原因：如果饮食调整和铁补充剂没有帮助，您可能需要进行进一步的检查，以排除其他可能导致贫血的病因。

请务必咨询医生，以获取针对您具体情况的诊断和治疗建议。同时，您可以密切关注自己的症状，如果晕倒或其他症状加重，请及时就诊。",28
2,4,9,human,唉，可能跟我精神压力太大也有关系，工作真的是很焦虑，回家孩子又很闹腾，唉，心累，失眠，睡不好也睡不够,79
2,4,9,model,"精神压力和焦虑可能会影响您的身体健康，包括加重贫血症状，导致晕倒。这里有一些建议，帮助您应对精神压力和改善睡眠：

1. 放松技巧：尝试深呼吸、渐进性肌肉松弛、冥想或瑜伽等方法，帮助您放松身心。
2. 保持规律作息：每天尽量在相同的时间上床睡觉和起床，即使在周末。
3. 创造良好的睡眠环境：确保卧室安静、黑暗、凉爽。尝试使用耳塞或眼罩来减少干扰。
4. 睡前避免过度刺激：避免在睡前一小时内使用电子设备，减少对蓝光的暴露。避免过度激动、紧张的活动。
5. 限制咖啡因和酒精摄入：尤其是在晚上。
6. 增加锻炼：定期进行有氧运动，如散步、跑步、游泳等，但避免在睡前2小时内锻炼。
7. 分担压力：与亲友交流，寻求支持，或考虑寻找专业心理咨询师的帮助。

请注意，这些建议并非针对您的个人情况，而是一般性建议。在尝试改变生活方式的同时，请咨询专业医生以获取更具体的建议。",47
2,4,9,human,有时候实在睡不着，也会吃助眠药,40
2,4,9,model,"在遇到严重失眠时，使用助眠药物可能会帮助您入睡。然而，请注意以下几点：

1. 咨询医生：在使用助眠药之前，请务必咨询医生，确保这些药物对您来说是安全的，并获取正确的剂量和使用建议。
2. 短期使用：长期使用助眠药可能导致依赖、耐受性增加和副作用。因此，请尽量将其作为短期解决方案，并寻求其他非药物治疗失眠的方法。
3. 遵循医嘱：确保按照医生的建议使用助眠药，避免过量或不按时服用。
4. 避免酒精：使用助眠药时，不要饮酒，因为酒精可能会增加药物的副作用。
5. 注意副作用：留意助眠药可能带来的副作用，如嗜睡、头晕、注意力不集中等。如果出现严重副作用，请立即停止使用并咨询医生。

请记住，助眠药物并非长期解决失眠的最佳方法。尝试采用生活方式调整和非药物疗法来改善睡眠质量，并在必要时寻求医生或心理治疗师的帮助。",47
2,4,9,human,我还很经常胃胀气，感觉胃胀的不行，很不舒服，之前查过有慢性胃炎,150
2,4,9,model,"慢性胃炎可能导致胃部不适和胀气。要减轻这些症状，您可以尝试以下方法：

1. 饮食调整：避免辛辣、油腻、过于甜腻的食物，以及过大的餐量。尝试分餐制，每天吃5-6顿较小的餐。
2. 慢慢咀嚼：吃饭时不要急躁，慢慢咀嚼食物，以减轻胃部负担。
3. 避免易产气食物：如豆类、洋葱、花椰菜等，因这些食物可能加重胀气症状。
4. 增加纤维摄入：食用高纤维食物，如全谷物、蔬菜、水果，有助于改善消化。
5. 避免碳酸饮料和吸烟：碳酸饮料和吸烟会增加胃部气体，加重胀气感。
6. 避免躺下吃东西：尽量在站立或坐立姿势下进食，避免躺下吃东西。
7. 锻炼：适量的运动有助于改善消化功能。

请注意，以上建议并非针对您个人的治疗方案。如果您的症状持续或加重，请及时就诊并咨询医生，以获得更具体的治疗建议。在进行任何饮食或生活方式调整之前，最好与医生讨论，以确保这些调整对您的健康有益。",24
2,4,9,human,最主要的吧还是这个晕倒的问题，到底病因是什么，我要怎么治疗呀,51
2,4,9,model,"晕倒可能由多种原因引起，包括贫血、低血压、心脏问题、低血糖、脱水等。要弄清楚具体原因，您需要咨询专业医生进行诊断。根据您之前提到的贫血问题，这可能是导致晕倒的原因之一。以下是一些建议，帮助您缓解晕倒症状：

1. 治疗贫血：调整饮食以增加含铁食物的摄入，如瘦肉、豆类、绿叶蔬菜等。在医生的建议下，可以服用铁补充剂。
2. 保持充足的水分摄入：确保每天喝足够的水，以预防脱水。
3. 避免突然站立：当您需要站立时，慢慢地改变姿势，以减少晕厥的风险。
4. 调整作息：保持规律的作息，保证充足的睡眠。
5. 减轻精神压力：尝试运动、冥想、瑜伽等方法，以减轻精神压力和焦虑。

请务必咨询医生，以获取针对您具体情况的诊断和治疗建议。在了解病因之前，尽量遵循上述建议，以减轻晕倒症状。如果晕倒发生频繁或者症状加重，请及时就诊。",50
2,4,9,human,感觉发作的时候没有意识，还是很危险的，我想尽快治疗,67
2,4,9,model,"了解您的担忧。在找到确切原因并开始治疗之前，请注意以下措施，以减轻晕厥发作时的风险：

1. 告知家人、朋友和同事：让身边的人了解您的晕倒状况，以便在发作时他们能提供帮助。
2. 预防跌倒：当您感到晕眩或即将晕倒时，请立即坐下或躺下。这样可以避免摔倒导致的受伤。
3. 避免高风险活动：在问题得到解决之前，避免参与可能因晕厥而导致危险的活动，如游泳、驾驶、攀岩等。
4. 遵循医生建议：密切关注您的症状，并按照医生的建议进行治疗。

请尽快预约专业医生就诊，以便找到晕倒的原因并开始治疗。在了解病因之前，尽量遵循上述安全措施，以减少晕倒带来的风险。祝您早日康复！",56
