﻿5,1,39,human,我儿子最近一段时间经常晕倒，上次非常严重，晕倒后还抽搐，大小便失禁,6
5,1,39,model,"您儿子的症状需要尽快就医,建议您立即带他去医院急诊或就医。晕倒和抽搐可能是多种疾病的表现,如癫痫、中风、心脏病、脑血管意外等。医生会进行相关检查和诊断,并给出相应的治疗方案。在等待就医期间,您可以先让您儿子保持安静,让他躺下,避免剧烈运动和过度劳累,保持通风良好的环境,避免刺激和惊吓,同时注意观察症状的变化。",-4
5,1,39,human,他以前是有过癫痫病史的，最近去医院诊断出了血管迷走性晕厥,1
5,1,39,model,"血管迷走性晕厥是一种比较常见的晕厥类型,它是指由于血管迷走神经过度兴奋导致血压下降,从而引起短暂性脑缺血发作。这种疾病通常出现在儿童或青少年,但也有可能在成年人中发生。

血管迷走性晕厥的主要症状是头晕、乏力、恶心、呕吐等,通常会在几分钟到几小时内自行缓解。如果您的儿子确诊为血管迷走性晕厥,建议您按照医生的建议进行治疗,并注意以下几点:

1. 避免剧烈运动和过度劳累,保持休息和睡眠。

2. 避免情绪激动和恐惧,保持心情舒畅。

3. 保持通风良好的环境,避免过度刺激和惊吓。

4. 避免饮酒和吸烟等不良习惯。

如果症状持续或加重,建议您立即就医。",-1
5,1,39,human,当时怀孕的时候我有高血糖，我儿子他是早产儿，他刚出生还得了严重的低蛋白血症,53
5,1,39,model,"非常抱歉听到您儿子的不适症状,希望您能够早日康复。如果您有其他问题,可以随时向我咨询。",-5
5,1,39,human,从小体弱，血压低，轻微贫血,6
5,1,39,model,"非常抱歉听到您儿子的不适,希望您能够尽快就医。对于您儿子的身体状况,我建议您遵循医生的建议,同时注意饮食和生活习惯,保持良好的心态和身体健康。祝愿您儿子早日康复。",-5
5,1,39,human,医生建议起搏器植入进行治疗，请问如果进行起搏器植入术，我儿子的血管迷走性晕厥可以完全恢复吗？,6
5,1,39,model,"起搏器植入手术是一种有效的治疗方法,可以改善血管迷走性晕厥的症状,但是具体能否完全恢复,还需要根据病情和治疗效果来决定。手术前需要进行全面的检查和评估,包括心电图、动态心电图、脑电图等检查,以确定病情的严重程度和治疗方案。手术后,需要坚持康复治疗和康复训练,以促进身体恢复和预防复发。同时,建议您遵循医生的治疗方案,保持良好的生活习惯,以促进病情的康复和预防复发。祝愿您儿子早日康复。",-3
5,1,39,human,术后有什么注意事项吗？他在生活中需要注意什么？还可以乘坐飞机吗？,18
5,1,39,model,"术后需要注意以下事项:
1. 避免剧烈运动和过度劳累,保持休息和睡眠,避免剧烈运动和过度劳累。
2. 避免情绪激动和恐惧,保持心情舒畅。
3. 保持通风良好的环境,避免过度刺激和惊吓。
4. 避免饮酒和吸烟等不良习惯,尽量避免饮酒和吸烟等不良习惯。
5. 饮食要清淡、健康,避免食用刺激性食物和饮料,如辛辣食物、咖啡、浓茶等。
6. 可以乘坐飞机,但需要避免过度疲劳和剧烈运动,避免剧烈运动和过度劳累。
7. 定期复查,及时发现病情变化,及时调整治疗方案。",-2
5,1,39,human,他的癫痫还有可能复发吗,140
5,1,39,model,"癫痫是一种神经系统疾病,如果治疗及时、有效,可以减少复发的可能性。但是,治疗期间需要密切关注病情的变化,同时遵循医生的建议,保持良好的生活习惯和心态,以促进病情的康复和预防复发。祝愿您儿子早日康复。",-5
5,1,39,human,他需不需要增加运动量？他平时没有运动的习惯,96
5,1,39,model,"癫痫是一种神经系统疾病,需要长期治疗和预防复发,建议您遵循医生的治疗方案,保持良好的生活习惯和心态,以促进病情的康复和预防复发。同时,建议您遵循医生的治疗方案,保持良好的生活习惯和心态,以促进病情的康复和预防复发。祝愿您儿子早日康复。",-4
