﻿4,3,32,human,我是一个孕妇，最近突然晕倒了两次，心慌头晕，眼前发黑,6
4,3,32,model,您好，很抱歉听到您最近的不适。能否告诉我您最近有没有出现其他症状？例如胸闷，气短，食欲不佳等？,-6
4,3,32,human,会心悸，但没有胸闷气短，最近很焦虑，担心对宝宝有影响,41
4,3,32,model,好的，谢谢您的回答。您是否曾前往医院进行过身体检查？,-6
4,3,32,human,确诊了室上速，医生让我做射频消融，但是我怕有辐射对胎儿不好,6
4,3,32,model,"明白了，射频消融是一种常见的治疗室上速的方法，但是对于孕妇来说，需要权衡利弊后再做决定。根据目前的研究，射频消融的辐射量非常小，不会对胎儿造成明显的影响。但是，如果您担心辐射对胎儿的影响，可以与医生进行沟通，寻找其他治疗方法。

此外，您晕倒的原因可能是由于孕妇室上速引起的。孕妇室上速是一种心律失常，通常在怀孕期间出现，会导致心慌、头晕等症状。治疗方法包括药物治疗和射频消融。

建议您尽快前往医院进行详细的身体检查，以确定病情的严重程度和治疗方案。同时，建议您保持良好的生活习惯，避免过度劳累、保持充足的睡眠和饮食均衡。祝您早日康复！",-3
4,3,32,human,我之前流产过两次，非常害怕这个宝宝也失去,14
4,3,32,model,非常理解您的担心。如果您的宝宝也出现了室上速，可能会导致心律失常，从而影响胎儿的发育和健康。建议您及时前往医院进行详细的身体检查，以确定宝宝的心脏状况。医生会根据检查结果制定相应的治疗方案，以确保宝宝的健康。同时，建议您保持良好的心态，积极面对生活和健康问题，相信医生和科技的进步，一定能够为您的宝宝提供最好的治疗方案。祝您和宝宝健康！,-1
4,3,32,human,电生理检查是什么,2
4,3,32,model,您好，电生理检查是一种用于检测心脏功能的检查方法。它可以通过记录心脏电活动来评估心脏的节律、传导和起搏功能，以及检查心脏和心脏周围组织的病变。电生理检查通常包括心电图、心脏电生理监测、心脏电生理诊断和心脏电生理治疗。这些检查和治疗都是无创的，不会对身体造成伤害。如果您需要进行电生理检查，建议您提前咨询医生，了解检查的具体内容和注意事项。同时，如果您有任何疑问或担忧，也可以随时向医生提出，他们会为您解答和帮助。希望我的回答能够帮到您，祝您身体健康！,-3
4,3,32,human,我可不可以不做射频消融，有没有保守措施？,5
4,3,32,model,"对于孕妇室上速，治疗方法包括药物治疗和射频消融。射频消融是一种常见的治疗方法，可以通过导管在心脏内部烧灼电极，切断异常的电路，从而治疗室上速。但是，对于孕妇来说，需要权衡利弊后再做决定。根据目前的研究，射频消融的辐射量非常小，不会对胎儿造成明显的影响。但是，如果您担心辐射对胎儿的影响，可以与医生进行沟通，寻找其他治疗方法。

此外，保守措施也可以用于孕妇室上速的治疗。保守措施包括药物治疗、心脏起搏器植入等。这些治疗方法不需要手术，可以通过药物或设备来控制心脏的节律，从而减少射频消融的风险。但是，治疗方法需要根据个体情况而定，建议您咨询专业医生，了解更多关于治疗方法的信息。

最后，建议您及时前往医院进行详细的身体检查，以确定病情的严重程度和治疗方案。同时，保持良好的生活习惯，避免过度劳累、保持充足的睡眠和饮食均衡。祝您早日康复！",-1
4,3,32,human,我还有妊娠高血压，这个危险吗？,1
4,3,32,model,"根据您提供的信息，您同时患有孕妇室上速和妊娠高血压。孕妇室上速是一种心律失常，可能会导致心慌、头晕等症状。妊娠高血压是指孕妇在妊娠期间出现的高血压，可能会导致头痛、视力模糊、蛋白尿等严重症状。这两种疾病之间存在一定的关联，但不一定会相互影响。

对于孕妇室上速，射频消融是一种常见的治疗方法，可以通过导管在心脏内部烧灼电极，切断异常的电路，从而治疗室上速。但是，射频消融可能会增加妊娠高血压的风险。因此，建议您在治疗方案上与医生进行详细的咨询和讨论，根据您的具体情况制定最适合您的治疗方案。

此外，妊娠高血压是指孕妇在妊娠期间出现的高血压，可能会对孕妇和胎儿的健康造成一定的影响。建议您及时就医，进行全面的身体检查和治疗，以控制血压并减少并发症的风险。同时，保持良好的生活习惯，如适当运动、饮食平衡、避免过度劳累等，也有助于控制血压和促进康复。

最后，祝您早日康复，健康快乐！",-1
4,3,32,human,我很焦虑，我身体好差，但是我好希望宝宝健康，这些疾病对宝宝有影响吗？,3
4,3,32,model,"我理解您的焦虑和身体状况不佳，但是疾病对宝宝的影响是一个复杂的问题，需要根据具体情况进行评估。

对于孕妇室上速，射频消融是一种常见的治疗方法，可以通过导管在心脏内部烧灼电极，切断异常的电路，从而治疗室上速。但是，射频消融可能会增加妊娠高血压的风险。因此，在治疗方案上与医生进行详细的咨询和讨论，根据您的具体情况制定最适合您的治疗方案。

对于妊娠高血压，及时就医、控制血压对于保护宝宝的健康非常重要。妊娠高血压可能会导致孕妇和胎儿的健康问题，如子痫前期、胎盘功能减退、新生儿窒息等。因此，建议您密切关注自己的身体状况，及时就医，遵循医生的治疗建议，控制血压，减少并发症的风险。

最后，我建议您及时前往医院进行详细的身体检查，以确定病情的严重程度和治疗方案。同时，保持良好的生活习惯，如适当运动、饮食平衡、避免过度劳累等，也有助于控制血压和促进康复。希望您的宝宝健康成长！",-1
