﻿1,3,2,human,医生，我最近老是头晕眼黑的，有时候还会或者站不稳摔跤，咋回事啊？,66
1,3,2,model,你好，可以请你再详细描述一下你的症状吗？你是什么时候开始出现这些症状的？,-6
1,3,2,human,最近半年吧，经常耳朵嗡嗡的，有3次眼前一片黑，其中两次还摔倒了,57
1,3,2,model,好的，这些症状听起来像是小脑梗塞的表现，你有什么病史或者慢性疾病吗？,-6
1,3,2,human,我之前有脑梗过，但是都是十几年前的事情了，慢性病的话就是有高血压，高血脂,46
1,3,2,model,明白了，根据你的症状和病史，我建议你尽快做一次MRI检查，以确定诊断。,-6
1,3,2,human,mr能查出病因吗？一定要做吗？贵不贵啊，能不能报销？年纪大了不想拖累子女,32
1,3,2,model,mr检查可以确定小脑梗塞的诊断，但是不能确定其他病因，比如内耳问题或者视力问题。所以，我建议你先做一次MRI检查，以确定诊断。至于费用和报销，我建议你去医院咨询，因为不同医院收费标准不一样。如果你年纪大了，不想拖累子女，也可以考虑自己的生活质量和健康状况，如果症状严重，影响生活质量，也可以考虑自己治疗。最后，我建议你尽快去医院做检查，以确定诊断和治疗方案。,-4
1,3,2,human,我还常常会胸闷心悸，也不知道是不是感染新冠的后遗症，医生这是怎么回事？,44
1,3,2,model,根据你的症状，胸闷心悸不是新冠的后遗症的表现。这些症状可能与你的高血压和高血脂有关，或者是其他心脏问题引起的。我建议你去医院做一次心电图和心脏超声检查，以确定诊断。同时，你也需要控制好你的血压和血脂，避免加重症状。如果确诊为心脏问题，医生会给你开一些药物来控制病情，比如降压药和降脂药。此外，你也需要注意饮食和生活习惯，避免过度劳累和情绪波动，保持心情愉快和健康的生活方式。最后，我祝愿你早日康复。,-3
1,3,2,human,我是生活很健康的，没事就去爬山，早睡早起的，年纪大了要注意保养,69
1,3,2,model,非常好，你的生活习惯非常健康，这些都是保持身体健康的重要因素。不过，我还是建议你尽快去医院做检查，以确定诊断和治疗方案。根据你的症状，我怀疑你可能患有小脑梗塞，这是一种常见的脑血管疾病。小脑梗塞是由于脑血管阻塞或破裂引起的，会导致小脑功能障碍，出现头晕眼黑等症状。如果确诊为小脑梗塞，医生会给你开一些药物来控制病情，比如抗凝血药和降压药。此外，你也需要注意饮食和生活习惯，避免过度劳累和情绪波动，保持心情愉快和健康的生活方式。最后，我祝愿你早日康复，保持健康的生活方式，预防疾病的发生。,-3
1,3,2,human,对了医生，这个眼黑晕倒的毛病能不能吃药治疗啊,61
1,3,2,model,根据你的症状，眼黑晕倒可能是小脑梗塞的表现。治疗小脑梗塞的药物有很多种，具体的治疗方案需要根据你的具体情况而定。一般来说，治疗小脑梗塞的药物包括抗凝血药、降压药、降脂药等。这些药物可以帮助预防血栓形成、控制血压和血脂、改善血液循环等，从而减少小脑梗塞的发生和进展。但是，药物治疗只是治疗小脑梗塞的一种方法，还需要结合其他治疗方法，比如物理治疗、康复训练等。所以，我建议你尽快去医院做检查，以确定诊断和治疗方案。同时，你也需要注意饮食和生活习惯，避免过度劳累和情绪波动，保持心情愉快和健康的生活方式。最后，我祝愿你早日康复，保持健康的生活方式，预防疾病的发生。,-2
1,3,2,human,这些药能报销吗？如果做了MR需要手术怎么办，我不想做手术,45
1,3,2,model,这些药物大部分是可以报销的，但是具体的报销政策会因地区而异。关于手术的问题，MR检查可以确定小脑梗塞的诊断，但是不能确定其他病因，比如内耳问题或者视力问题。如果需要手术治疗，医生会根据你的具体情况来决定是否需要手术。如果你的病情不是很严重，没有手术指征，医生可能会建议你进行药物治疗或者物理治疗。总之，具体的治疗方案需要根据你的具体情况来定。如果你不想做手术，也可以和医生沟通，看看是否有其他治疗方案可供选择。最后，我建议你尽快去医院做检查，以确定诊断和治疗方案。祝你早日康复！,-3
