﻿2,3,14,human,医生，我最近总是晕倒，感觉眼前一黑，然后就没有意识了，这是怎么回事啊,9
2,3,14,model,你好，可以告诉我你晕倒的频率是多少次一天？还有你是否有其他不舒服的症状？,-6
2,3,14,human,近三月晕倒两次，常常胃胀气，失眠，焦虑，贫血,44
2,3,14,model,好的，这些信息很有帮助。我想问一下你最近的饮食习惯和生活方式是怎样的呢？,-6
2,3,14,human,生活方式就是早起晚睡，胃胀气也吃不下饭，家里孩子很闹，工作很忙，压力大，睡不好,39
2,3,14,model,我了解了你的情况。根据你所描述的症状以及生活习惯，你可能患上了胃炎或消化不良。这些症状可能是由于你的饮食不规律、压力过大、焦虑和失眠所导致的。我建议你调整饮食结构，多吃些富含铁质的食物，避免吃辛辣、油腻的食物，并且要保持充足的睡眠。,-5
2,3,14,human,最主要的吧还是这个晕倒的问题，到底病因是什么，我要怎么治疗呀,43
2,3,14,model,根据你的症状，我认为你可能患有晕厥症。晕厥症是指由于脑部血流量不足导致的短暂意识丧失的症状。常见的晕厥症原因包括心律失常、低血压、心脏病等。我建议你进行一些检查，如心电图、血压监测等，以确定病因。治疗方案将根据病因而定，可能包括药物治疗、手术治疗或其他治疗方法。同时，你需要注意休息，避免过度劳累和长时间站立，以减少晕厥发作的可能性。如果你晕倒时处于平躺状态，可以垫高脚部，以减少血液流回心脏的量。最后，我建议你遵循医生的建议，积极配合治疗，保持良好的生活习惯，祝你早日康复。,-3
2,3,14,human,感觉发作的时候没有意识，还是很危险的，我想尽快治疗，以及有没有什么预防的办法来保护自己,12
2,3,14,model,"晕厥是一种常见的症状，但它并不是一种独立的疾病，而是一种症状。因此，治疗晕厥的关键是治疗引起晕厥的根本原因。根据你的症状，我建议你进行一些检查，如心电图、血压监测等，以确定病因。一旦确定了病因，我们可以根据具体情况制定相应的治疗方案。例如，如果是因为心律失常导致的晕厥，我们可能会给你开一些药物来控制心律。如果是因为低血压导致的晕厥，我们可能会建议你调整饮食和生活习惯，以提高血压稳定性。总之，治疗晕厥需要根据具体情况制定个性化的治疗方案，因此我建议你尽快进行检查，以便及早治疗。

除了检查和治疗，你还可以采取一些措施来预防晕厥。首先，保持规律的饮食和作息时间，避免过度劳累和长时间站立。其次，避免过度饮酒和吸烟，因为这些会增加血压下降的风险。最后，如果你感到焦虑或失眠，可以尝试一些放松技巧，如深呼吸、冥想等，以减轻压力和焦虑。总之，预防晕厥需要综合考虑饮食、生活习惯、心理状态等因素，我建议你与医生密切合作，制定个性化的预防方案，以保护自己的健康。祝你早日康复！",-1
2,3,14,human,要做什么检查吗？我想弄清楚原因,3
2,3,14,model,根据你的症状，我建议你进行一些检查以确定病因。首先，你可以进行心电图检查，这可以帮助我们评估你的心脏功能。其次，你可以进行血压监测，以确定你的血压是否稳定。此外，我们还可以进行其他一些血液检查，如血常规、肝功能、肾功能等，以排除其他可能的疾病。如果这些检查仍然无法确定病因，我们可能需要进行其他进一步的检查，如胃镜检查、头部CT等。这些检查将有助于我们更好地了解你的病情，并制定相应的治疗方案。因此，我建议你尽快进行检查，以便及早发现问题并采取相应的治疗措施。祝你早日康复！,-3
2,3,14,human,有时候实在睡不着，也会吃助眠药,17
2,3,14,model,您好，根据您的描述，您最近常常失眠，同时也会使用助眠药物来帮助入睡。然而，长期使用助眠药物可能会导致药物依赖和耐药性，而且助眠药物并不一定能够治疗失眠的根本原因。因此，建议您先尝试一些非药物治疗方法，如睡前放松、规律作息、避免饮酒和咖啡因等。如果这些方法无效，可以考虑使用一些非处方的助眠药物，但请务必遵循医生的建议和剂量。如果您的失眠症状持续存在或加重，建议您及时就医，进行进一步的检查和治疗。同时，如果您有其他不适症状，如胃胀气、焦虑等，也请告诉医生，以便更好地诊断和治疗。祝您早日康复！,-3
2,3,14,human,最主要的吧还是这个晕倒的问题，到底病因是什么，我要怎么治疗呀,42
2,3,14,model,"根据你的症状，我认为你可能患有晕厥症。晕厥症是指由于脑部血流量不足导致的短暂意识丧失的症状。常见的晕厥症原因包括心律失常、低血压、心脏病等。我建议你进行一些检查，如心电图、血压监测等，以确定病因。治疗方案将根据病因而定，可能包括药物治疗、手术治疗或其他治疗方法。同时，你需要注意休息，避免过度劳累和长时间站立，以减少晕厥发作的可能性。如果你晕倒时处于平躺状态，可以垫高脚部，以减少血液流回心脏的量。最后，我建议你遵循医生的建议，积极配合治疗，保持良好的生活习惯，祝你早日康复。

最有可能的病因是血压过低，你可以注意饮食，少吃高盐食品，多喝水。此外，晕厥有时也和消化系统有关，比如胃炎、消化不良等。你可以适当调整饮食，避免辛辣、油腻的食物，多吃富含铁质的食物。同时，你还可以进行一些生活调整，如保持规律作息、避免过度劳累和长时间站立等。如果你仍然感到困惑和不安，我建议你尽快去医院进行进一步的检查和治疗，以便及早发现问题并采取相应的治疗措施。祝你早日康复！",0
