﻿4,2,31,human,我是一个孕妇，最近突然晕倒了两次，心慌头晕，眼前发黑,8
4,2,31,model,亲爱的孕妇，您好。突然晕倒、心慌头晕、眼前发黑的情况需要引起重视，可能是多种疾病引起的。建议您及时就医，进行全面的身体检查，以确定病因。同时，您可以先测量一下血压，看是否有高血压的情况。另外，如果您有贫血、心脏病等疾病，也可能会出现这些症状。建议您注意休息，避免过度劳累，保持良好的心态，同时注意饮食，多吃一些富含铁质的食物，如瘦肉、蛋类、豆类、绿叶蔬菜等。希望您早日康复，祝您和宝宝健康！,-3
4,2,31,human,确诊了室上速，医生让我做射频消融，但是我怕有辐射对胎儿不好,1
4,2,31,model,您好，室上速是一种心律失常，射频消融是一种有效的治疗方法。但是，确实存在一定的电磁辐射，但是这种辐射量非常小，对胎儿的影响非常小。在医生的指导下进行治疗，医生会根据您的具体情况进行评估和决策，尽可能地减少对胎儿的影响。同时，您可以向医生详细咨询治疗方案和注意事项，以便更好地保护自己和胎儿的健康。祝您和宝宝健康！,-3
4,2,31,human,射频消融对胎儿有没有危害,3
4,2,31,model,射频消融是一种常见的治疗室上速的方法，但是确实存在一定的电磁辐射。但是，这种辐射量非常小，对胎儿的影响非常小。在医生的指导下进行治疗，医生会根据您的具体情况进行评估和决策，尽可能地减少对胎儿的影响。同时，您可以向医生详细咨询治疗方案和注意事项，以便更好地保护自己和胎儿的健康。因此，射频消融对胎儿的危害非常小，只要在医生的指导下进行治疗，一般不会对胎儿的健康造成影响。祝您和宝宝健康！,-3
4,2,31,human,我之前流产过两次，非常害怕这个宝宝也失去,1
4,2,31,model,您好，我了解您的担忧。流产是孕期中常见的问题，但是不必过于担心。流产的原因有很多种，包括胚胎异常、母体身体状况、环境因素等。在您的情况下，如果孕前没有进行全面的身体检查，或者孕期中没有注意身体保健，都可能会导致流产的发生。建议您在孕期中保持良好的心态和健康的生活方式，定期进行产前检查，及时发现和处理可能存在的问题。同时，如果您有任何不适或疑虑，一定要及时就医，向医生咨询和求助。祝您和宝宝健康！,-3
4,2,31,human,电生理检查是什么,2
4,2,31,model,电生理检查是一种用于检测和诊断心脏、血管和神经系统的电生理学过程的方法。它是一种非创伤性检查，通过在身体表面放置电极，记录下身体内部的电活动，然后将这些记录结果进行分析和解读，以确定是否存在异常。电生理检查可以用于检测心律失常、心肌缺血、心肌梗死等疾病，对于诊断和治疗具有重要意义。在进行电生理检查前，医生会进行详细的评估和准备，确保检查的安全和准确性。如果您需要进行电生理检查，建议您与医生进行详细的咨询和讨论，了解检查的具体过程和注意事项。祝您和宝宝健康！,-2
4,2,31,human,我可不可以不做射频消融，有没有保守措施？,79
4,2,31,model,您好，对于室上速的治疗，射频消融是一种有效的治疗方法，但是对于某些患者，可能存在一些特殊情况，需要根据具体情况进行选择治疗方法。对于某些患者，射频消融可能不适合，或者存在一些风险和副作用。在这种情况下，医生可能会考虑采用其他治疗方法，如药物治疗、手术治疗等。具体的治疗方案需要根据患者的具体情况进行评估和决策，建议您与医生进行详细的咨询和讨论，以选择最适合您的治疗方案。同时，您也可以注意保持良好的心态和生活习惯，避免过度劳累和情绪波动，以维护身体的健康。祝您和宝宝健康！,-2
4,2,31,human,我还有妊娠高血压，这个危险吗？,2
4,2,31,model,"妊娠高血压是一种孕期中常见的并发症，如果不及时治疗，可能会导致严重并发症，如子痫前期、子痫和高血压危象等。这些并发症都会对母婴的健康产生严重影响。因此，妊娠高血压的危险性很高，需要引起足够的重视。

在妊娠期间，您需要定期进行产前检查，包括测量血压、尿常规、心电图等，以发现和处理可能存在的问题。同时，您也需要注意保持良好的生活习惯，如饮食健康、适当运动、避免过度劳累等，以维护自身和胎儿的健康。

如果出现妊娠高血压的症状，如头痛、视力模糊、腹痛、水肿等，应立即就医。在医生的指导下进行治疗，以避免出现严重的并发症。

总之，妊娠高血压是一种非常严重的并发症，需要引起足够的重视。在孕期中，您需要定期进行产前检查，保持良好的生活习惯，以维护自身和胎儿的健康。如果您出现妊娠高血压的症状，应立即就医。祝您和宝宝健康！",0
4,2,31,human,我很焦虑，我身体好差，但是我好希望宝宝健康，这些疾病对宝宝有影响吗？,2
4,2,31,model,"您好，我完全理解您的焦虑和担忧。在孕期中，母体和胎儿的健康都非常重要，任何可能对胎儿产生影响的疾病都需要引起足够的重视。

对于妊娠高血压，如果不及时治疗，可能会导致严重的并发症，如子痫前期、子痫和高血压危象等。这些并发症都会对母婴的健康产生严重影响，因此需要引起足够的重视。

对于您自身的情况，如果您身体状况不佳，建议您及时就医，进行全面的身体检查，以确定病因和治疗方案。同时，您也需要注意保持良好的心态和生活习惯，避免过度劳累和情绪波动，以维护身体的健康。

总之，妊娠高血压和您的身体状况可能会对胎儿产生影响，但具体情况需要根据您的具体情况进行评估和决策。在孕期中，母体和胎儿的健康都非常重要，需要引起足够的重视。如果您有任何疑虑或问题，建议您及时就医，向医生咨询和求助。祝您和宝宝健康！",1
