﻿5,2,40,human,医生您好，我的孩子最近被诊断为儿童血管迷走性晕厥,3
5,2,40,model,"您好，血管迷走性晕厥是一种常见的神经系统疾病，通常发生在儿童和青少年身上。这种疾病的原因是由于脑血管舒缩功能障碍导致脑部供血不足，从而引起晕厥。如果孩子被诊断为血管迷走性晕厥，建议您采取以下措施：

1. 定期监测孩子的血压和心率，以确保在晕厥前和晕厥期间的血压和心率正常。

2. 鼓励孩子保持健康的生活方式，包括均衡饮食、适量的运动和充足的睡眠。

3. 如果孩子晕厥频繁或严重，建议及时就医，接受专业的治疗和药物治疗。

4. 如果孩子晕厥的诱因是特定的，如长时间站立、疲劳、情绪波动等，建议避免这些诱因，以减少晕厥的发生。

希望这些建议能够帮助您更好地管理孩子的血管迷走性晕厥。如果您有任何疑问或需要进一步的帮助，请随时咨询您的医生。",0
5,2,40,human,他已经住院了，医生推荐他植入起搏器,19
5,2,40,model,"如果孩子已经住院并被医生建议植入起搏器，那么这意味着孩子的情况比较严重，需要更加密切的监测和治疗。起搏器是一种医疗器械，它可以帮助心脏按照正常的心率节律跳动，从而预防心律失常和其他心脏问题。在孩子植入起搏器后，医生会根据孩子的具体情况制定相应的治疗计划，以确保起搏器的正常工作和孩子的健康。

在孩子植入起搏器后，需要定期进行检查和维护，以确保起搏器正常工作，并监测孩子的健康状况。此外，孩子需要注意保持健康的生活方式，包括均衡饮食、适量的运动和充足的睡眠，以帮助孩子恢复健康。

总之，植入起搏器是孩子治疗血管迷走性晕厥的一种有效方法。在孩子植入起搏器后，需要密切关注孩子的病情和治疗效果，并遵循医生的建议进行治疗和监测。如果您有任何疑问或需要进一步的帮助，请随时咨询您的医生。",0
5,2,40,human,但我担心他的身体能不能做手术,14
5,2,40,model,"手术是一种治疗手段，但需要考虑孩子的整体情况，包括身体状况、手术风险、手术后的恢复和康复等。在决定手术前，医生会进行全面的评估，以确保手术是适合孩子的最佳治疗方案。

对于血管迷走性晕厥，手术治疗的适应症比较严格，通常只有在其他治疗方法无法缓解症状或存在严重症状的情况下才会考虑手术治疗。手术的风险和恢复时间也需要考虑到孩子的整体情况。

因此，在决定是否进行手术治疗时，需要综合考虑孩子的整体情况和手术风险，并与医生进行详细的沟通和评估，以确定是否进行手术治疗。

希望我的回答能够帮助您了解手术治疗的适应症和风险，如果您有任何疑问或需要进一步的帮助，请随时咨询您的医生。",-1
5,2,40,human,他是早产儿，从小血压就低，而且也不运动,69
5,2,40,model,"早产儿的身体往往比足月儿更脆弱，容易出现一些健康问题，包括血压低、营养不良等。对于血管迷走性晕厥，早产儿的发病率比足月儿高，但并不是所有早产儿都会患上这种疾病。

对于孩子血压低的情况，需要加强孩子的饮食营养，保证孩子摄入足够的能量和营养物质，以维持正常的血压水平。此外，运动对孩子的健康也非常重要，适当的体育锻炼可以增强孩子的体质，提高免疫力，预防疾病的发生。

对于孩子是否运动，需要根据孩子的具体情况进行评估。如果孩子存在运动障碍或其他健康问题，需要咨询专业医生的建议，并进行适当的运动康复。

总之，早产儿的健康需要家长和医生共同关注和治疗，包括孩子的饮食营养、运动、身体状况等方面。如果您有任何疑问或需要进一步的帮助，请随时咨询您的医生。",0
5,2,40,human,他有癫痫史，我不知道这次手术会不会导致复发,39
5,2,40,model,"对于血管迷走性晕厥患者，癫痫是常见的并发症之一。手术治疗血管迷走性晕厥可以有效地缓解患者的症状，但是手术本身并不能保证不会复发癫痫。

在手术前，医生会评估孩子的癫痫病史和病情，并进行详细的神经系统检查，以确定手术是否适合孩子。手术过程中，需要严格控制麻醉药物的剂量和时间，以减少手术后的癫痫风险。

手术后，孩子需要进行密切的监测和治疗，以预防癫痫的发生。如果孩子出现癫痫，需要及时就医并进行治疗。

总之，手术治疗血管迷走性晕厥需要综合考虑孩子的整体情况和手术风险，并与医生进行详细的沟通和评估，以确定手术是否适合孩子。在手术后，需要密切监测和治疗，以预防癫痫的发生。如果您有任何疑问或需要进一步的帮助，请随时咨询您的医生。",0
5,2,40,human,他这种情况手术后能完全治好吗？,16
5,2,40,model,"手术治疗血管迷走性晕厥可以有效地缓解症状，但是手术本身不能保证完全治愈。手术治疗的效果和孩子的具体情况有关，包括病情的严重程度、手术的时机、手术方式和手术后的治疗等。

对于一些病情较轻的血管迷走性晕厥患者，手术治疗可以完全治愈。但是对于一些病情较重、病史较长或复发性较频繁的患者，手术治疗可能无法完全治愈，需要结合其他治疗手段，如药物治疗、物理治疗和康复训练等，以缓解症状和提高生活质量。

总之，手术治疗血管迷走性晕厥需要综合考虑孩子的整体情况和手术风险，并与医生进行详细的沟通和评估，以确定手术是否适合孩子。在手术后，需要密切监测和治疗，以预防病情复发。如果您有任何疑问或需要进一步的帮助，请随时咨询您的医生。",0
5,2,40,human,那还能坐飞机吗？,10
5,2,40,model,"手术治疗血管迷走性晕厥后，能否坐飞机取决于孩子的具体情况和医生的建议。对于一些病情较轻、手术后恢复良好的患者，坐飞机通常是安全的。但是对于病情较重、手术后恢复较差的患者，坐飞机可能会增加晕厥的风险，建议避免乘坐飞机。

在坐飞机前，建议孩子进行全面的身体检查，并咨询医生的意见。如果医生认为孩子可以坐飞机，建议在飞行前给孩子注射抗癫痫药物，以降低癫痫发作的风险。

总之，手术治疗血管迷走性晕厥后，能否坐飞机需要综合考虑孩子的具体情况和医生的建议。在坐飞机前，需要进行全面的身体检查和咨询医生的意见。如果医生认为孩子可以坐飞机，可以考虑在飞行前给孩子注射抗癫痫药物，以降低癫痫发作的风险。如果您有任何疑问或需要进一步的帮助，请随时咨询您的医生。",0
5,2,40,human,那你对他手术后有什么生活方面的建议吗？,15
5,2,40,model,"手术治疗血管迷走性晕厥后，建议孩子定期复诊，并按医生的要求进行药物治疗和康复训练。此外，以下建议可能有助于孩子的康复和健康：

1. 饮食营养：保证孩子的饮食营养，摄入足够的蛋白质、维生素和矿物质等营养物质，以维持正常的身体机能。

2. 运动锻炼：适当的体育锻炼可以增强孩子的体质，提高免疫力，预防疾病的发生。

3. 避免长时间坐着：避免孩子长时间坐着，尤其是长时间坐着不动的坐姿，以免影响血液循环，增加晕厥的风险。

4. 避免过度疲劳：避免孩子过度疲劳，如过度疲劳可能导致晕厥的发生。

5. 保持充足的睡眠：保证孩子充足的睡眠，以保持身体的健康和免疫力。

6. 心理疏导：孩子手术后需要保持心理稳定，避免过度焦虑和紧张，可以进行一些心理疏导，如听音乐、阅读等。

总之，手术治疗血管迷走性晕厥后，需要定期复诊，并按医生的要求进行药物治疗和康复训练。此外，需要注意孩子的饮食营养、运动锻炼、避免长时间坐着、避免过度疲劳、保持充足的睡眠、心理疏导等方面，以保持身体健康和预防复发。如果您有任何疑问或需要进一步的帮助，请随时咨询您的医生。",2
5,2,40,human,谢谢您的宝贵建议,13
5,2,40,model,不客气，我很高兴能为您提供帮助。如果您有任何其他问题或需要进一步的帮助，请随时与我联系。同时，也建议您定期与您的医生进行沟通，并根据医生的建议进行治疗和管理，以维护孩子的健康和康复。祝您和孩子一切顺利！,-4
