﻿1,1,6,human,医生您好啊，我心脏最近有点不舒服，我怀疑是新冠的后遗症,40
1,1,6,model,"您好,如果您怀疑自己是新型冠状病毒的后遗症,建议您立即去医院进行检查和治疗,以便及时确定病因并采取相应的治疗措施。同时,您也可以注意以下几点:

1.勤洗手,避免接触患者或疑似患者;

2.佩戴口罩,避免与患者接触;

3.保持室内通风,保持环境清洁卫生;

4.避免外出,减少感染风险。

希望您早日康复。",-3
1,1,6,human,还有，我头也有点昏昏的，前两天去买菜，走在路上好好的突然就看不到了，感觉天旋地转的，不过还好我机灵，找了个地方坐了一会儿,62
1,1,6,model,"您好,如果您感觉头晕,建议您多休息,避免剧烈运动和长时间站立,可以做一些轻度的运动,如散步、慢跑等。同时,您也可以考虑去医院检查一下,以便确诊病因并采取相应的治疗措施。如果症状严重,建议尽快就医。

对于您目前的症状,建议您多休息,避免剧烈运动和长时间站立,可以做一些轻度的运动,如散步、慢跑等。同时,也可以适当补充维生素B族和叶酸,有助于缓解头晕的症状。如果症状严重,建议及时就医。",-2
1,1,6,human,那我去医院需要做哪些检查呀？我啥也不懂，上次去医院的时候它们全都是手机操作的，这个我也弄不来,45
1,1,6,model,"您好,建议您前往医院进行相关检查,医生会根据您的症状和体征,可能会建议您进行心电图、血常规、生化检查、胸部X光或CT扫描等检查,以确定病因并采取相应的治疗措施。如果症状严重,建议尽快就医。同时,您也可以在日常生活中注意保持良好的卫生习惯,避免接触疑似患者或病毒携带者,以减少感染风险。",-3
1,1,6,human,胸部X光是啥呀？还有这个CT是个什么东西，为什么要做呀？,32
1,1,6,model,"胸部X光是一种常用的医学影像检查方法,可以用于诊断胸部疾病,如肺炎、肺纤维化、肺结核等。CT扫描是一种更加精确的影像检查方法,可以更详细地观察胸部组织的情况,以帮助医生进行诊断。

胸部X光和CT扫描都需要医生进行专业操作,因此需要您前往医院进行相关检查。如果您有任何疑问或需要进一步的咨询,建议及时咨询医生或前往医院进行检查。",-3
1,1,6,human,哦哦哦，那能不能只给我开掉药吃吃啊？我不想动手术也不想做这些检查,46
1,1,6,model,"您好,如果您的症状不是很严重,可以先尝试通过调整生活方式和饮食习惯来缓解症状,如多喝水、多吃水果和蔬菜等。如果症状严重,建议尽快就医,医生会根据您的症状和体征,给出相应的治疗建议。

如果您不想进行相关检查,也可以尝试通过调整生活方式和饮食习惯来缓解症状,如多喝水、多休息、保持室内通风、保持良好的卫生习惯等。同时,建议您注意观察自己的症状,如果出现新的症状或病情加重,建议及时就医。",-3
1,1,6,human,那我能爬山嘛,8
1,1,6,model,"您好,建议您在医生的指导下进行适当的运动和锻炼,但避免剧烈运动和过度劳累。如果您的症状较轻,可以适当进行轻度的运动和散步,但如果症状加重或出现新的症状,建议及时就医。如果您有任何疑问或需要进一步的咨询,建议及时咨询医生或前往医院就诊。",-4
1,1,6,human,我去年体检的时候发现心脏肥大和房颤，会不会是这两个对我产生的影响啊，因为当时查出来我身体没什么不舒服的也就没在意,41
1,1,6,model,"您好,您的症状可能与之前心脏肥大和房颤有关。建议您及时就医,进行全面检查和治疗,以便确定病因并采取相应的治疗措施。如果症状加重或出现新的症状,建议及时就医。同时,建议您保持良好的卫生习惯,避免接触疑似患者或病毒携带者,以减少感染风险。",-4
1,1,6,human,那我看医生之前需要停掉我正在吃的降压药吗？这会不会对医院的化验结果产生影响呀？,63
1,1,6,model,"您好,建议您在前往医院之前先停止服用任何正在服用的药物,以免影响医生的诊断和治疗。如果您需要继续服用降压药,建议咨询医生是否需要调整用药方案。如果您有任何疑问或需要进一步的咨询,建议及时咨询医生或前往医院就诊。",-4
1,1,6,human,那我有时候心脏突然就跳的很快，这个是不是很严重的情况呀？,52
1,1,6,model,"您好,如果您的症状加重或出现新的症状,建议及时就医。如果您有新的症状或病情加重,建议及时就医。同时,建议您保持良好的卫生习惯,避免接触疑似患者或病毒携带者,以减少感染风险。",-4
1,1,6,human,好的，谢谢医生,4
1,1,6,model,"您好,祝您早日康复!",-5
