﻿1,2,4,human,医生您好啊，我最近头有点昏昏的，是不是我心脏有什么问题呀？,46
1,2,4,model,您好，感谢您向我咨询。头晕是一种常见的症状，可能由多种原因引起，包括心脏问题。但是，只有您提供的信息还不足以确定您是否存在心脏问题。我需要了解更多的病情信息，例如您的年龄、性别、病史、家族病史、药物使用情况等等。您是否出现过心慌、胸闷、气短、心悸等症状？您是否有高血压、高血脂、糖尿病等慢性疾病？这些信息对于我进行初步的诊断和治疗非常重要。请告诉我更多的信息，我会尽力帮助您。,-2
1,2,4,human,我82岁了，家就是上海的，男，有高血压，目前在坚持吃降压药，10年前有过一次脑梗，当时半个身子不能动，吓死我了，不过还好后来抢救回来了。是的，我有时候心跳总是莫名其妙就突然变得很快，胸口有时候也喘不过气，有时候出门买个菜都差点昏过去，当时眼前就是黑黑的一片，也站不稳。我没有糖尿病。不过15年前肺部长过一个结节，后来动手术切掉了,289
1,2,4,model,非常感谢您提供的病史信息。根据您的描述，您可能存在心律不齐、心衰、脑血管病、肺部结节等问题。建议您进行心电图、心脏彩超、胸部CT等相关检查，以排除心脏问题。同时，您的高血压也需要注意控制，避免过度劳累，尽量保持心情舒畅，避免情绪波动。如果检查结果显示存在心衰、脑血管病等问题，需要根据具体情况进行治疗和管理。建议您及时就医，遵医嘱进行治疗和管理，以保持身体健康。如果您有任何其他问题或疑虑，请随时向我咨询。,-2
1,2,4,human,那我去医院检查的这些费用医保能报销吗？而且我子女也不在身边，能不能只给我开点药吃吃就行了呀？我不想麻烦他们回来,96
1,2,4,model,根据您的情况，建议您到医院进行详细的检查和治疗，以排除病因并进行治疗。因为您的年龄和病史较为特殊，需要更加专业的医疗团队进行治疗和管理。关于医保报销的问题，建议您在就诊前先咨询医院的医保专员或医生，了解一下医保的具体政策和报销情况。如果您的子女不在身边，可以考虑让医院为您提供必要的照顾和帮助，让您能够得到更好的治疗和护理。最后，我希望您能及早就医，保持乐观心态，积极配合治疗，祝您早日康复。,-2
1,2,4,human,那我在看医生之前，这个降压药还能吃吗？还是说要先停掉防止你们到时候抽血化验有异常情况？,74
1,2,4,model,对于您的情况，建议在就诊前先停掉降压药，以免影响检查结果的准确性。您可以先测量血压，记录下来，然后在医生的指导下逐渐恢复降压药的使用。另外，在就诊前您可以采取一些措施，如保持良好的饮食习惯、避免过度劳累、保持心情舒畅等，有助于减轻症状和预防病情进一步恶化。同时，如果您有任何不适或疑虑，建议及时就医，以免延误病情。,-3
1,2,4,human,那我爬山能爬嘛？我约了朋友三天之后去爬山的,42
1,2,4,model,由于您的年龄和病史较为特殊，爬山可能会有一定的风险。建议您在前往爬山之前，先进行全面的身体检查和评估，包括心电图、血压、肺部、心脏、骨密度等方面的检查，以确保身体状况适合进行登山运动。如果您的身体状况较好，可以适量进行登山运动，但是要避免过度疲劳和剧烈运动，以免引起身体不适和意外事故。另外，如果您在爬山过程中出现任何不适症状，如头晕、胸闷、气短、心悸等，应立即停止运动并寻求医疗帮助。建议您在登山前咨询医生的意见，以确保安全和健康。,-1
1,2,4,human,好的，那我就先不去了，对了，我这个吸烟对呼吸困难会有影响嘛？,76
1,2,4,model,吸烟会对呼吸系统造成损害，加重肺部疾病、咳嗽和呼吸困难等症状。对于您的情况，吸烟可能会加重您的病情，建议您尽量避免吸烟或戒烟，以减轻症状和促进康复。同时，保持室内空气清新，避免吸入有害气体和粉尘，有助于缓解呼吸困难的症状。如果您需要缓解呼吸困难，可以采取一些措施，如深呼吸、缓慢呼气、保持适当的体位等，但请注意不要过度使用药物，以免产生不良反应或加重病情。最后，建议您在就诊前咨询医生的意见，了解相关治疗和管理措施，以确保治疗效果和安全。,-2
1,2,4,human,好的好的，谢谢医生,9
1,2,4,model,不客气，希望我的回答能够帮到您。如果您有任何其他问题或疑虑，欢迎随时向我咨询。祝您身体健康！,-5
