﻿3,2,17,human,医生您好，我是急性心肌梗死，我的主治医生让我植入ICD，我想问，真的没有别的方法了吗？,403
3,2,17,model,您好，对于急性心肌梗死的治疗，植入ICD是一种有效的治疗方法，但是也有其他治疗方法可以考虑。首先，需要评估您的心血管状况，包括心电图、心肌酶谱、BNP等指标的检查，以确定您的心血管功能是否能够耐受ICD的植入。如果您的病情比较严重，可能需要采用溶栓、支架等介入治疗方法。同时，药物治疗也是治疗急性心肌梗死的重要手段，可以通过使用抗血小板药物、抗凝药物等来预防血栓形成和减少心肌损伤。最后，ICD的植入需要在专业医生的指导下进行，建议您和主治医生进行详细的沟通和讨论，选择最适合您的治疗方案。希望我的回答能对您有所帮助。,-1
3,2,17,human,我已经植入了三枚支架，在心内科住院也有半个月了,30
3,2,17,model,恭喜您已经完成了支架植入手术，并且已经住院半个月。支架植入手术是治疗心肌梗死和血管狭窄的有效手段，可以缓解症状、改善心功能，减少心肌缺血和心肌梗死的风险。在手术后的恢复期间，您需要注意饮食、休息和药物治疗，同时定期进行心电图、血压、心率等检查，以及遵从医生的治疗建议和用药指导。如果您有任何不适或疑问，一定要及时向医生反映，以便及时调整治疗方案和处理并发症。祝您早日康复！,-2
3,2,17,human,你能跟我讲讲ICD植入的利弊吗,22
3,2,17,model,"ICD(Implantable Cardioverter Defibrillator)是一种用于治疗心律失常的植入式医疗器械。其主要作用是在心律失常出现时，通过自动充电和放电的方式来恢复心律的正常，以防止心衰和猝死的发生。

ICD植入的利弊如下：

利：
1. 预防心衰和猝死的发生。
2. 提高心功能，改善心功能和生活质量。
3. 减少心肌缺血和心肌梗死的风险。

弊：
1. 植入ICD需要进行手术，有一定的手术风险。
2. 植入ICD需要长期监测和维护，费用较高。
3. ICD并不适用于所有心律失常患者，需要根据患者具体情况来决定是否需要植入。

因此，ICD植入是一种有效的治疗心律失常的方法，但需要根据患者具体情况来决定是否需要植入。在植入前，需要进行全面的评估和检查，以确定ICD的适用性和效果。同时，在植入后，也需要定期进行心电图、血压、心率等检查，以及遵从医生的治疗建议和用药指导。",1
3,2,17,human,植入之后这个电池续航能有多久呀？,25
3,2,17,model,"植入ICD后，电池续航能力会受到多种因素的影响，如心律失常的类型、ICD的设置、ICD的功率等等。一般来说，ICD的电池续航能力在数年到十年之间，但具体续航时间会因人而异。

为了确保ICD能够持续发挥作用，患者需要定期进行心电图、血压、心率等检查，以及遵从医生的治疗建议和用药指导。此外，患者还需要注意避免过量用药、戒烟、戒酒、控制体重、避免过度劳累等，以保证ICD的持续作用。

需要注意的是，ICD并不是永久性的治疗手段，需要定期进行检查和维护，以确保其正常使用。因此，患者需要定期到医院进行随访和检查，并根据医生的建议进行治疗和调整，以维持ICD的正常功能。",0
3,2,17,human,那我怎么个定期法呢？难不成每次都要取出来看看嘛？,31
3,2,17,model,"您好，关于ICD的定期检查，建议您按照医生的建议进行。一般来说，ICD植入后需要定期进行心电图、血压、心率等检查，以及进行超声检查和血液检查等。具体的检查周期和检查内容，需要根据患者的具体情况和医生的建议来确定。

在进行定期检查时，需要注意的是，ICD并不会自行取出，一般情况下，医生会在患者需要进行检查时，通过ICD的遥控器或手动操作，将ICD从体内取出。

如果在检查过程中ICD出现异常，如电池耗尽、故障等情况，需要及时进行处理。在处理过程中，医生会根据具体情况进行判断和操作，一般情况下，ICD需要进行更换或维修，以保证其正常使用。

总之，定期检查是ICD植入后的重要环节，患者需要密切关注自己的身体状况，及时向医生反映，并按照医生的建议进行治疗和调整。同时，患者也需要保持良好的生活习惯，如戒烟、戒酒、控制体重、避免过度劳累等，以保持心功能的稳定。希望我的回答能对您有所帮助。",1
3,2,17,human,ICD如果突然没电了是不是我的心跳就会突然停止呀？,33
3,2,17,model,"ICD如果突然没电，并不意味着您的心跳就会突然停止。ICD是一种治疗心律失常的植入式医疗器械，其主要功能是在心律失常出现时，通过自动充电和放电的方式来恢复心律的正常，以防止心衰和猝死的发生。

ICD的充电和放电是基于电池的能量储备，当电池耗尽时，ICD需要取出电池，然后进行充电。因此，如果ICD突然没电，并不意味着您的心跳就会突然停止。

然而，在ICD取出电池后，患者需要进行一段时间的休息和观察，以确保其能够正常使用。如果ICD在取出后出现异常情况，如电池耗尽、故障等情况，需要及时进行处理。

总之，ICD是一种有效的治疗心律失常的方法，但需要根据患者具体情况进行选择和使用。在ICD取出电池后，需要进行适当的休息和观察，以确保其能够正常使用。同时，患者也需要保持良好的生活习惯，如戒烟、戒酒、控制体重、避免过度劳累等，以保持心功能的稳定。希望我的回答能对您有所帮助。",1
3,2,17,human,他如果突然没电我会有感觉吗？,31
3,2,17,model,"如果ICD突然没电，患者并不会有明显的不适感或感觉，因为ICD的电池电量充足，且在取出电池后，ICD会自动进行充电。但是，患者可能会感到心慌、头晕、乏力等症状，这是因为ICD突然没电，可能导致心律失常的出现，从而影响心脏的正常功能。

因此，在ICD取出电池后，患者需要进行适当的休息和观察，以确保ICD能够正常使用。在ICD取出电池后，患者需要进行心电图、血压、心率等检查，以及遵从医生的治疗建议和用药指导，以维持心功能的稳定。

需要注意的是，ICD并不是永久性的治疗手段，需要定期进行检查和维护，以确保其正常使用。因此，患者需要定期到医院进行随访和检查，并根据医生的建议进行治疗和调整，以维持ICD的正常功能。

最后，如果您在ICD取出电池后出现任何不适症状，如心慌、头晕、乏力等症状，应及时就医并告知医生，以便及时进行处理和诊断。希望我的回答能对您有所帮助。",1
3,2,17,human,那大概价格您知道多少吗？我也不想给家里添负担,30
3,2,17,model,"ICD的价格因不同的品牌和型号而有所不同，一般情况下，ICD的价格在数万元到数十万元不等。但是，具体的价格还需要根据患者的具体情况和医生的建议来确定。

另外，您提到不想给家里添负担，我理解您的顾虑。在选择ICD时，需要根据患者的具体情况和医生的建议来进行选择，以确保ICD能够有效地治疗心律失常，并避免不必要的医疗费用。

如果您对ICD的选择有任何疑问或需要更多的建议，建议您咨询医生或相关专业机构，以获得更详细的信息和帮助。同时，您也可以向医生咨询ICD的使用和注意事项，以确保ICD能够发挥出其应有的作用。

最后，我希望您能够保持积极的心态，遵循医生的建议，积极治疗心律失常，同时注意生活方式的调整和保持健康的心态，以促进康复和预防心律失常的再次出现。希望我的回答能对您有所帮助。",0
3,2,17,human,那我手术之后还能吃甜食吗？还有炸鸡这种东西,50
3,2,17,model,"手术后需要避免食用过于油腻和刺激性的食物，特别是炸鸡等高脂、高盐、高糖的食物，这些食物会增加心脏负荷，增加心脑血管疾病的风险。

在手术后，建议患者避免过度进食，以减轻心脏负荷。同时，可以适量摄入低脂、低盐、低糖的食物，如瘦肉、鱼类、豆腐、蔬菜、水果等，这些食物有助于保持心脑血管健康。

至于甜食，如果患者没有糖尿病等疾病，适量食用一些水果和甜点是可以的。但是，如果患者存在糖尿病等疾病，建议患者避免食用高糖的食物，以免对血糖控制产生不良影响。

总之，在手术后，患者需要避免进食过于油腻和刺激性的食物，特别是高脂、高盐、高糖的食物。同时，可以适量摄入低脂、低盐、低糖的食物，如瘦肉、鱼类、豆腐、蔬菜、水果等，以保持心脑血管健康。如果您对饮食有任何疑问，建议咨询医生或营养师，以获得更详细的建议和指导。",0
3,2,17,human,恢复之后也不行吗,13
3,2,17,model,"恢复后，患者需要根据医生的建议进行康复锻炼，以帮助恢复心功能，并预防心律失常的再次发生。
康复锻炼的具体内容和强度需要根据患者的具体情况而定，一般包括有氧运动、力量训练、柔韧性训练等。有氧运动可以增加心肺功能，提高心肺耐力，预防心脑血管疾病。力量训练可以增加肌肉力量，改善身体形态，预防心血管疾病。柔韧性训练可以增加关节的灵活性和柔韧性，预防运动损伤。
此外，患者还需要保持健康的生活方式，如戒烟、戒酒、控制体重、避免过度劳累等，以保持心功能的稳定。
需要注意的是，康复锻炼需要在医生的指导下进行，以避免运动过度或不适当的运动对身体造成伤害。
总之，在恢复后，患者需要根据医生的建议进行康复锻炼，以帮助恢复心功能，并预防心律失常的再次发生。同时，患者也需要保持健康的生活方式，如戒烟、戒酒、控制体重、避免过度劳累等，以保持心功能的稳定。希望我的回答能对您有所帮助。",0
3,2,17,human,我的高血压和糖尿病会对心脏病手术有影响吗/,25
3,2,17,model,"患有高血压和糖尿病的患者，手术前需要进行全面的评估，以确保手术的安全性和有效性。

高血压和糖尿病都属于慢性疾病，会影响心脑血管系统的健康，增加心血管疾病的风险。因此，对于患有高血压和糖尿病的患者，手术前需要进行全面的评估，包括心功能、血压、血糖、血脂等指标的检测，以及心电图、胸部X线等辅助检查，以确保手术的安全性和有效性。

如果患者的心脏功能较差，手术风险会增加。因此，对于患有高血压和糖尿病的患者，手术前需要进行全面的评估，以确保手术的安全性和有效性。

当然，手术前需要进行全面的评估，包括心功能、血压、血糖、血脂等指标的检测，以及心电图、胸部X线等辅助检查，以确保手术的安全性和有效性。同时，手术前需要严格控制血压和血糖，以减少手术风险。

总之，对于患有高血压和糖尿病的患者，手术前需要进行全面的评估，以确保手术的安全性和有效性。同时，手术前需要严格控制血压和血糖，以减少手术风险。希望我的回答能对您有所帮助。",1
