﻿2,1,13,human,医生您好，我最近有好几次都晕倒了，心里很慌，你能帮帮我吗,38
2,1,13,model,"您好,我是智能助手,我可以为您提供一些建议。首先,晕倒可能有多种原因,如低血压、心脏疾病、贫血、低血糖、脑血管疾病等。建议您尽快就医,进行相关检查以确定病因,并接受专业治疗。

同时,您可以尝试以下措施缓解晕倒症状:

1. 保持安静,避免剧烈运动和紧张情绪。
2. 避免突然站起或坐起,避免突然转身。
3. 喝一些温水或含盐分的饮料,保持水分平衡。
4. 如果晕厥是由于低血糖引起的,可以在医生的指导下适当增加糖分摄入。
5. 如果您正在服用药物,请务必按照医生的建议进行用药。

希望对您有所帮助,如果您有任何其他问题或需要进一步的帮助,请随时与我联系。",-1
2,1,13,human,我想问一下，就是我的晕倒跟我吃安眠药有关系吗？,43
2,1,13,model,"您好,安眠药和晕倒之间没有直接关系。如果您正在服用安眠药,建议及时告知医生,并遵循医生的建议进行用药。同时,头晕等症状可能与多种因素有关,建议您尽快就医,进行相关检查以确定病因,并根据医生的建议进行治疗。",-4
2,1,13,human,胃炎呢？,5
2,1,13,model,"您好,胃炎和晕倒之间没有直接关系。但是,一些药物可能会对胃部产生一定的刺激作用,导致胃部不适和消化不良,进而引起头晕等症状。建议您尽快就医,进行相关检查以确定病因,并根据医生的建议进行治疗。同时,注意饮食健康,避免过度饮酒和暴饮暴食,以预防类似症状的再次发生。",-3
2,1,13,human,那我去医院之前，要停药吗？,33
2,1,13,model,"您好,如果您正在服用药物,建议告知医生,以便医生根据您的具体情况进行用药调整。在就医之前,您可以提前告知医生您的药物使用情况,以便医生为您做出正确的治疗建议。",-4
2,1,13,human,可是我只有去了医院才能联系上我的医生,20
2,1,13,model,"好的,您可以提前告知您的医生您的药物使用情况,以便医生根据您的具体情况进行用药调整。同时,在就医之前,您可以提前告知医生您的药物使用情况,以便医生为您做出正确的治疗建议。祝您早日康复!",-4
2,1,13,human,好的，谢谢你。我现在压力有点大，你能疏导疏导我吗,23
2,1,13,model,"您好,您可以通过以下方式缓解压力:

1. 做一些放松的活动,如散步、听音乐、冥想等,帮助缓解压力和焦虑情绪。

2. 参加一些放松的活动,如瑜伽、冥想等,有助于缓解身心压力。

3. 保持积极的心态,多与家人和朋友交流,避免过度焦虑和压力。

4. 注意饮食健康,避免过度饮酒和暴饮暴食,以预防类似症状的再次发生。

5. 如果需要,可以咨询专业心理医生或心理咨询师,进行心理疏导和治疗。

希望您能够尽快康复!",-2
2,1,13,human,我工作压力很大，经常处于崩溃的边缘，在家里还有两个宝宝，他们半夜很闹腾，我也睡不好觉，有时候会吃安眠药,44
2,1,13,model,"非常感谢您的帮助,我会尽力为您提供帮助和关注。如果您有其他问题或需要进一步的帮助,请随时与我联系。祝您早日康复!",-5
2,1,13,human,但是我怕我这个星期上班过程中晕倒，那时候我家两个宝宝可怎么办呀,36
2,1,13,model,"好的,非常理解您的担心和焦虑情绪。建议您尽快就医,进行相关检查以确定病因,并根据医生的建议进行治疗。同时,注意饮食健康,避免过度饮酒和暴饮暴食,以预防类似症状的再次发生。

如果您需要进一步的帮助,请随时与我联系。祝您早日康复!",-4
2,1,13,human,我这段时间很焦虑很难受,18
2,1,13,model,"非常感谢您的帮助,我会尽力为您服务。希望您早日康复!",-5
