﻿3,3,18,human,您好，我现在因为急性心肌梗塞进了医院，目前已经植入了三枚支架,51
3,3,18,model,你好，可以告诉我你的症状是什么吗？,-6
3,3,18,human,晕厥，抽搐，心电异常,29
3,3,18,model,请问你是否有胸痛？,-6
3,3,18,human,没有,7
3,3,18,model,你之前是否有过高血压或者高血脂等疾病？,-6
3,3,18,human,有高血压和糖尿病，没有高血脂,14
3,3,18,model,你的年龄和性别是什么？,-6
3,3,18,human,男，56岁,11
3,3,18,model,根据你的症状和疾病史，你可能患有急性心肌梗塞。这是一种心脏疾病，通常由冠状动脉阻塞引起，导致心肌缺血和坏死。你需要进行一系列检查，如心电图、血液检查和心脏超声等，以确定诊断和治疗方案。目前，你已植入三枚支架，这是治疗心肌梗塞的常见方法之一。你需要遵循医生的建议，如服用抗血小板药物和降压药物等，以控制病情和促进康复。此外，你需要改变生活方式，如戒烟、控制饮食、增加运动等，以减少病情恶化的风险。祝你早日康复！,-3
3,3,18,human,我的主治医生让我植入ICD，但是我有点担心植入之后的后续,33
3,3,18,model,ICD是一种治疗心脏疾病的设备，可以帮助预防心脏骤停。在植入ICD之后，你需要定期进行检查和维护，以确保设备的正常运行。这些检查可能包括心电图、超声波和血液检查等。你需要按照医生的建议进行检查，并按时服用药物。如果你有任何不适或症状加重，请及时就医。此外，你需要遵循医生的建议，如避免剧烈运动和减轻压力等，以减少ICD发作的风险。ICD并不是完美的设备，它也会出现故障的情况。如果你有任何疑问或担忧，请及时与医生沟通。我们会尽力确保你的治疗效果和安全性。,-3
3,3,18,human,那您可以给我分析一下这个手术的利弊吗？,39
3,3,18,model,"当然可以。首先，我们需要明确的是，ICD手术是一种常规的治疗心脏疾病的手术，可以在很大程度上预防心脏骤停并提高患者的生活质量。手术的利处在于，它可以帮助预防心脏骤停，并减少因心脏骤停导致的其他严重并发症的发生。对于那些已经经历过心肌梗塞或严重心律失常的患者来说，ICD手术尤其重要，因为它可以帮助他们维持正常的心脏节律，并避免因心脏骤停导致猝死的发生。

然而，手术也存在一些潜在的风险和副作用。在手术过程中，可能会出现一些并发症，如感染、出血、心脏穿孔等。此外，手术后可能会出现一些副作用，如疼痛、恶心、呕吐等。在术后恢复期间，你可能需要住院观察几天，并逐渐恢复正常活动。此外，手术后还需要定期进行检查和维护，以确保设备的正常运行。

综上所述，ICD手术是一项重要的治疗心脏疾病的手术，可以显著改善患者的生活质量。然而，手术也存在一些风险和副作用，你需要仔细权衡利弊，并与你的医生进行详细的讨论，以确定是否适合进行手术。如果你有任何疑问或担忧，请随时向我提问。",0
3,3,18,human,我喜欢吃甜食和炸鸡，手术后恢复正常之后能吃吗/,34
3,3,18,model,"尊敬的患者，您好。首先，我理解您对于饮食的担忧。在ICD手术后，您需要遵循医生的建议，逐渐恢复正常饮食。甜食和炸鸡等高糖高脂肪食物可能会导致血糖升高和脂肪堆积，从而增加心脏疾病的风险。因此，建议您在恢复期间尽量减少高糖高脂肪的食物摄入，增加蔬菜、水果和全谷类食物的摄入，保持均衡的饮食习惯。

此外，您还需要注意饮食的种类和数量。建议您选择低盐、低脂、低糖的食物，避免过度饱食和暴饮暴食。同时，定期进行体检和检查，以确保身体健康。如果您有任何其他问题或疑虑，请随时向我提问，我会尽力为您提供帮助。祝您早日康复！",-2
3,3,18,human,可是我目前独居，压力也很大，只能靠吃这些垃圾食品舒缓心情,50
3,3,18,model,"您好，我了解您目前独居，压力较大的情况。吃垃圾食品可能会暂时缓解情绪，但是长期来看，会对身体健康造成不良影响。建议您尝试一些健康的饮食习惯，如多吃蔬菜、水果、全谷类食物等，避免过度依赖垃圾食品。此外，您可以尝试一些放松的活动，如瑜伽、冥想、运动等，以缓解压力和焦虑。如果您的症状持续存在或加重，建议您及时就医，寻求专业医生的帮助。

另外，您提到您有高血压和糖尿病，这些疾病也需要长期治疗和管理。请您按时服药，定期复诊，遵循医生的建议，以控制病情和预防并发症。如果您有任何其他问题或疑虑，请随时向我提问，我会尽力为您提供帮助。祝您早日康复！",-2
3,3,18,human,好的，谢谢您的提醒,8
3,3,18,model,不客气，希望我的建议能对您有所帮助。如果您有任何其他问题或疑虑，请随时向我提问。祝您身体健康！,-5
