﻿5,3,34,human,医生您好，我的孩子最近被诊断为儿童血管迷走性晕厥,28
5,3,34,model,你好，请问你孩子有什么症状？,-6
5,3,34,human,晕倒，抽搐，大小便失禁,14
5,3,34,model,这些症状确实与儿童血管迷走性晕厥有关。请问孩子晕倒前有没有出现任何症状？,-5
5,3,34,human,长时间站立会恶心呕吐，面色发白，然后会出很多汗,33
5,3,34,model,这些症状也与儿童血管迷走性晕厥相符。请问孩子之前是否出现过任何健康问题？,-5
5,3,34,human,这孩子是早产儿，从小就不锻炼，血压也一直很低，80/40左右。还有轻微贫血,40
5,3,34,model,这些信息对于我们诊断孩子的情况非常有帮助。孩子需要开始锻炼，并且饮食也需要注意。请问你们所在的地区有好的医院吗？我可以给你们推荐一些。,-5
5,3,34,human,有的，我们正在医院接受治疗，但是有些点不清楚想问你,35
5,3,34,model,好的，请问你孩子的年龄和身高体重情况？,-6
5,3,34,human,6岁，90cm，16kg,73
5,3,34,model,根据孩子的情况，建议孩子每天进行适当的有氧运动，如慢跑、快走等，以提高心肺功能和增加身体抵抗力。此外，孩子的血压和贫血也需要注意，建议定期检查血压和血常规，并根据医生的建议进行治疗。对于孩子的情况，可以考虑使用药物治疗，如盐酸阿米洛星注射液、阿奇霉素等，但需要在医生的指导下使用。同时，孩子需要定期进行复查和随访，以确保病情得到控制和预防复发。祝愿孩子早日康复！,-3
5,3,34,human,医生让做起搏器植入手术，这个手术做完之后效果好吗？,33
5,3,34,model,根据您提供的情况，儿童血管迷走性晕厥是一种常见的儿童疾病，通常可以通过药物治疗和生活方式改变来控制症状。起搏器植入手术是一种治疗心脏节律失常的方法，对于儿童血管迷走性晕厥并不常见。因此，在决定是否进行起搏器植入手术之前，建议您先咨询专业的心脏医生，进行全面的身体检查和评估。如果医生认为起搏器植入手术是适合您孩子的治疗方法，那么手术后可以有效地控制心脏节律，预防晕厥发作。但是，手术风险也需要考虑，包括手术并发症和设备感染等。因此，您需要与医生共同权衡利弊，做出最适合孩子的治疗决策。,-3
5,3,34,human,那他还能坐飞机吗？,8
5,3,34,model,根据您提供的情况，建议在孩子进行起搏器植入手术后的一段时间内，暂时不要让他坐飞机。这是因为起搏器植入手术后，孩子的心脏需要进行恢复和调整，而坐飞机会给心脏带来一定的压力和负担。因此，建议在孩子手术恢复期过后，再考虑是否让他乘坐飞机。在此期间，您可以让孩子多进行一些适当的锻炼和活动，以促进心脏的恢复和功能的调整。同时，建议您在孩子乘坐飞机前，咨询专业的心脏医生，了解相关的注意事项和防护措施，以确保孩子的安全和健康。祝您孩子手术顺利，早日康复！,-3
5,3,34,human,你对他术后生活和饮食方面有什么建议吗？,21
5,3,34,model,孩子进行起搏器植入手术后，术后生活和饮食方面需要特别注意。首先，建议孩子在手术后休息充足，避免剧烈运动和过度劳累。同时，建议孩子每天保持规律的作息时间，避免熬夜和疲劳。其次，建议孩子遵循医生的饮食建议，保持健康的饮食习惯。一般来说，建议孩子多吃新鲜蔬菜、水果、全谷类食品和低脂肪蛋白质食品，避免高盐、高脂肪和高糖食品。此外，建议孩子多喝水，保持身体水分充足。最后，建议孩子定期复查和随访，以确保手术效果和身体的健康。如果在术后出现任何不适或疑问，及时咨询医生，接受专业的治疗和指导。祝愿孩子手术成功，早日康复！,-2
