﻿4,3,27,human,医生您好，我是一名孕妇，我前两天因为晕厥的事情进医院了，医生说是心脏有问题,38
4,3,27,model,你好，可以告诉我您的症状是什么吗？,-6
4,3,27,human,晕厥，心脏不舒服,15
4,3,27,model,您最近有没有感觉胸闷、气短、心悸或者其他身体不适的症状？,-5
4,3,27,human,是的,2
4,3,27,model,您测过血压吗？有没有发现血压偏高或者偏低？,-5
4,3,27,human,测过，我有妊娠期高血压,20
4,3,27,model,血压高了怎么办？,-6
4,3,27,human,你问我/,28
4,3,27,model,您需要注意饮食，并且要定期检查血压，如果血压持续升高，我们可以给您开一些降压药物。此外，根据您的症状和检查结果，医生怀疑您可能患有妊娠期心脏疾病，需要进行进一步的检查和治疗。建议您定期进行心电图、超声心动图等检查，以便及时发现和处理问题。同时，您需要注意休息，避免过度劳累，保持心情愉快，避免情绪波动。如果出现胸闷、气短等心脏症状，应及时就医。祝您早日康复！,-3
4,3,27,human,医生让我去照X光，但是我怕射线对宝宝有伤害，,42
4,3,27,model,孕妇在怀孕期间要尽量避免接受X射线照射，因为X射线会增加胎儿发生畸形和发育迟缓的风险。不过，在您的情况下，我们需要进行一些必要的检查来确诊您的病情，这些检查通常无法替代。我们可能需要做一些心电图、超声心动图等检查来了解您的心脏情况。另外，您可以通过控制饮食、适当锻炼、保持良好的心态等方式来帮助您和宝宝的健康。您有其他方面的担忧吗？,-4
4,3,27,human,那你知道有什么辐射更小的检查吗？,11
4,3,27,model,当然，目前医学上已经有无辐射的检查方法了。例如，您可以做核磁共振（MRI）检查，这是一种无辐射的影像学检查方法，可以提供更详细的图像信息。不过，具体使用哪种检查方法还需要根据您的具体情况和医生的建议来决定。您可以和医生进一步讨论，共同选择最适合您的检查方法。,-4
4,3,27,human,那可太好了，另外我想问，射频消融对宝宝会有影响吗？,21
4,3,27,model,射频消融是一种治疗心脏疾病的手术方法，通过导管在心脏内放置电极，通过电击来治疗心脏节律失常。对于孕妇来说，射频消融可能会对胎儿产生一定的影响，因为手术过程中需要使用麻醉药物和导管等工具，这些物质可能会通过血液循环进入胎儿体内。因此，在怀孕期间，最好不要进行射频消融手术，以免对胎儿造成不良影响。如果您已经进行了射频消融手术，建议您定期进行孕期检查，以确保胎儿的健康。如果您还没有怀孕，建议您在计划怀孕前进行全面的身体检查，确保身体状况良好，以减少怀孕和胎儿发育的风险。祝您和宝宝健康快乐！,-3
4,3,27,human,那有什么保守治疗方法吗,36
4,3,27,model,对于妊娠期心脏疾病的保守治疗方法，主要包括控制血压、控制体重、规律作息、避免劳累、避免情绪波动等。此外，根据您的具体情况，医生可能会给您开一些降压药物，以控制血压。但是需要注意的是，妊娠期高血压疾病是需要重点关注的，一定要按医生要求用药，定期检查血压和尿蛋白等指标。另外，妊娠期高血压疾病也会增加妊娠期心脏疾病的风险，所以一定要定期到医院复查。如果您有任何不适或者疑问，一定要及时就医。祝您和宝宝健康！,-3
4,3,27,human,如果在户外突然晕倒了，我的家人能为我做些什么呢？,25
4,3,27,model,如果您在户外突然晕倒了，首先要保持冷静，不要惊慌。然后，您可以呼叫家人或者路人的帮助。如果您身边有亲近的人，可以告诉他们您的状况，让他们帮助您拨打急救电话。如果您身边没有亲近的人，可以尽量寻找安全的地方休息，等待急救人员到来。如果您有心脏病史或者其他相关疾病，您的家人应该尽快找到医疗机构，以便及时得到救治。无论如何，在晕倒期间，确保自己的安全是最重要的。如果您有心脏病史或其他相关疾病，建议您在平时注意预防，避免出现类似的情况。祝您健康！,-3
