﻿3,3,19,human,医生，我急性心肌梗死入院了，目前植入了三枚支架,26
3,3,19,model,你好，你有什么症状？,-6
3,3,19,human,晕厥，抽搐，胸口痛,20
3,3,19,model,这些症状是什么时候开始的？,-6
3,3,19,human,一个月前,5
3,3,19,model,你之前有做过什么检查吗？,-6
3,3,19,human,在医院做过检查，陈旧性心肌梗死，快速心律失常合并室颤,65
3,3,19,model,你的药物清单上有什么？,-6
3,3,19,human,阿司匹林和氯吡格雷,21
3,3,19,model,你的检查报告显示了什么？,-6
3,3,19,human,2、3、avf导联st压低，短阵室颤,65
3,3,19,model,你现在感觉怎么样？,-5
3,3,19,human,还好,3
3,3,19,model,根据你的症状和检查结果，你被诊断为急性心肌梗死和陈旧性心肌梗死。你现在已经植入了三枚支架，这是为了扩张狭窄的冠状动脉，以改善血液供应。你需要继续服用阿司匹林和氯吡格雷等药物，以预防血栓形成。你还需要注意饮食和生活方式，以保持健康。建议你定期进行心电图和心脏超声检查，以监测心脏功能。如果你的症状有任何变化，请及时就医。祝你早日康复。,-4
3,3,19,human,我的主治医生让我植入ICD，可是我有点担心，你可以给我说说这个手术的利弊以及开销吗？,42
3,3,19,model,"ICD是一种常用于预防心脏突发的装置，它可以检测心脏突发电信号并及时释放电击以保护心脏免受突发的室颤或室性心动过速的损害。ICD手术通常是一个小型的手术，可以在局部麻醉下完成。手术的风险非常低，但可能会导致感染或出血等并发症。

关于开销，ICD的价格因型号和制造商而异，并且可能需要长期的维护和电池更换。你需要和你的医生或保险公司沟通，以了解具体的费用和保险是否涵盖。如果你担心手术的风险和开销，你可以与医生讨论其他治疗选择，如药物治疗或心脏康复。医生会根据你的具体情况为你制定最合适的治疗方案。",-3
3,3,19,human,有没有什么保守治疗呀/,13
3,3,19,model,"您好！对于急性心肌梗死，保守治疗是一种可行的方法。保守治疗包括药物治疗、生活方式改变和康复训练等。药物治疗方面，您需要服用阿司匹林、氯吡格雷等药物，以预防血栓形成。此外，您还需要注意饮食和生活方式，以保持健康。建议您戒烟限酒，控制体重，保持适当的运动量，避免过度劳累和情绪激动等。康复训练方面，您可以进行心脏康复，包括逐渐增加体力活动、心理疏导和药物治疗等。这些措施可以提高心脏功能，减轻症状，预防复发。

需要注意的是，保守治疗并不适用于所有患者，具体的治疗方案需要根据您的具体情况制定。建议您及时就医，与医生进行详细的咨询和检查，以确定最适合您的治疗方案。祝您早日康复！",-2
3,3,19,human,好的，那我手术后可以继续之前的饮食习惯吗？比如甜品炸鸡之类的，因为我平时一个人住，压力也很大,44
3,3,19,model,"您好！手术后可以继续之前的饮食习惯，但是建议您注意以下几点：

1. 避免高脂、高胆固醇、高盐和高糖的食物，如油炸食品、甜品、炸鸡等，这些食物会增加心脏负担，加重病情。

2. 建议您选择低脂、低盐、低糖的食物，如新鲜蔬菜、水果、全谷类食物、瘦肉、鱼类等，这些食物有助于控制血压、血糖和胆固醇水平。

3. 如果您有高血压或糖尿病等并发症，还需要注意控制血压和血糖，避免过度摄入盐和糖分。

4. 建议您咨询营养师，制定适合您的饮食计划，以保证营养均衡，避免过度摄入脂肪和热量。

此外，手术后需要注意休息，避免剧烈运动和重体力劳动，以免影响伤口愈合和身体恢复。如果您有任何疑问或需要进一步的指导，请及时咨询您的主治医生。祝您早日康复！",-1
