﻿4,4,25,human,医生您好，我是一名孕妇，我的心脏有点问题，因为心脏的原因昏厥过两次，他们都让我来医院照个CT看一下是什么情况，但是我怕辐射对宝宝有伤害，我该怎么办？,81
4,4,25,model,我不是医生，但是作为AI助手，我可以提供一些建议。孕妇在怀孕期间接受CT检查确实可能会对胎儿产生一定的影响。在这种情况下，您可以考虑向医生咨询其他检查方式，如超声波、磁共振成像（MRI）等，这些方法对胎儿的影响较小。当然，最重要的是与您的医生进行详细的沟通，以便为您制定最合适的检查方案和治疗方案。祝您和宝宝健康！,32
4,4,25,human,好的，我想知道一下，我自己本身是有妊娠高血压的，那我这个昏厥是高血压引起的还是心脏病引起的,46
4,4,25,model,我不是医生，但是根据您的描述，昏厥可能是由多种因素引起的。妊娠高血压可能是其中之一，但心脏问题也可能是导致昏厥的原因。在这种情况下，最好的做法是寻求专业医生的意见，他们可以根据您的具体病史和症状为您提供更准确的诊断。请务必与医生保持密切沟通，以便得到最合适的治疗方案。祝您健康！,9
4,4,25,human,嗯嗯，可以MRI毕竟还是射线，有没有什么不吃射线的治疗方案呀？,47
4,4,25,model,"我明白您的担忧。作为一种非侵入性诊断方法，超声波检查（也称为超声）通常被认为对孕妇和胎儿较为安全。超声波使用高频声波来创建身体内部器官的图像，而不是使用射线。您可以向您的医生咨询是否可以使用超声波检查来评估您的病情。

然而，超声波检查在某些情况下可能无法提供足够的信息。因此，您应该与医生讨论您的担忧，以便为您制定最佳的检查和治疗方案。请记住，咨询专业医生的意见至关重要。祝您健康！",25
4,4,25,human,好的，我之前有过两次流产经历，我很担心这次依旧会造成流产，所以我不敢采取任何措施,36
4,4,25,model,"我理解您的担忧。在这种情况下，与医生保持密切沟通至关重要。他们可以根据您的病史、症状和特殊需求为您提供个性化的建议和治疗方案。请务必告知医生您过去的流产经历，以便他们可以充分考虑到这一因素。

同时，保持良好的生活习惯和心态也有助于保持孕期的健康。保持健康的饮食、适当的锻炼和充足的休息，以及避免过度的焦虑和压力，都有助于您的身体在这个特殊时期保持良好的状态。如有需要，请随时向医生寻求支持和建议。祝您顺利度过孕期，保持健康！",14
4,4,25,human,我非常害怕我走在大街上突然昏厥，那样我可能就要失去我的宝宝了,26
4,4,25,model,"面对这种担忧，首先请务必保持冷静。在您的情况下，最好的做法是与您的医生密切沟通，以便找出导致昏厥的原因，并采取预防措施。

在日常生活中，您可以采取一些措施来减少昏厥的风险：

1. 避免长时间站立或久坐，以免血液在下肢滞留。如有需要，可以穿戴医用弹力袜以促进血液循环。
2. 当您需要站立时，尽量不要突然从坐或躺的姿势变为站立，因为这可能导致血压下降。可以缓慢地改变姿势，以便身体适应。
3. 确保饮食均衡，避免过度饥饿或餐饮过量。保持良好的水分摄入量，以免脱水。
4. 避免过热，尤其在炎热的天气。保持室内适度的温度和湿度，并避免长时间暴露在阳光下。
5. 如果您感到晕眩或眩晕，尽量寻找一个安全的地方坐下，避免摔倒。在这种情况下，可以尝试将头部低于膝部，以帮助血液流向大脑。

与此同时，请定期向您的医生报告症状，以便他们可以密切监测您的状况。在采取适当的预防措施的同时，保持积极的心态对您和您的宝宝都有益。祝您孕期一切顺利！",53
4,4,25,human,射频消融治疗对孕妇有什么伤害吗？,15
4,4,25,model,"我不是医生，但我可以提供一些关于射频消融治疗的信息。射频消融是一种用于治疗特定类型心律失常和其他疾病的医疗方法。它通过使用射频能量产生热量，破坏导致心律失常的心脏组织。然而，射频消融治疗对孕妇的安全性尚未得到充分研究。

孕妇在怀孕期间接受任何治疗时都需要谨慎，因为某些治疗方法可能对胎儿产生不良影响。在考虑射频消融治疗时，请务必与您的医生进行详细咨询，以评估这种治疗方法的风险与收益。医生会根据您的具体病情和孕期，为您提供最合适的建议。请遵循医生的指导，并密切关注您和宝宝的健康。祝您一切顺利！",13
4,4,25,human,我和我的家人都很关心宝宝的安危，还好目前宝宝一切正常,74
4,4,25,model,"很高兴听到您的宝宝目前一切正常。孕期是一个特殊且重要的时期，因此保持健康和积极的心态对您和宝宝都非常重要。

为了确保宝宝的健康，以下是一些建议：

1. 保持与医生的密切沟通，定期进行产检，以便监测您和宝宝的健康状况。
2. 保持均衡的饮食，确保摄取足够的营养。您可以考虑咨询医生或营养师，以制定适合您的饮食计划。
3. 保持适当的锻炼。孕妇适度的锻炼对于保持身体健康和减轻孕期不适非常有帮助。请根据医生的建议选择适合的锻炼方式。
4. 确保充足的休息和睡眠。孕期可能会感到疲劳，因此请确保为自己安排足够的休息时间。
5. 保持良好的心理健康。避免过度焦虑，可以尝试一些放松技巧，如深呼吸、渐进性肌肉松弛和冥想等，以帮助您保持平静。

请继续密切关注您和宝宝的健康，并遵循医生的建议。祝您孕期一切顺利！",29
4,4,25,human,能跟我说说如果突然发生昏厥，我和我的家人应该怎么办嘛？,27
4,4,25,model,"当然可以。如果您突然昏厥，以下是您和家人应该采取的一些建议：

1. 保持冷静：在面对紧急状况时，保持冷静对于做出正确决策至关重要。

2. 确保安全：如果您感觉自己即将昏厥，尽量找一个安全的地方坐下或躺下，以防摔倒。如果您已经昏厥，家人应该尽快将您移到一个安全且平坦的地方。

3. 评估呼吸和意识：家人应检查您的呼吸和意识。如果您没有呼吸或意识丧失，家人应立即拨打急救电话，寻求专业医疗援助。

4. 使您处于恢复位：如果您仍在呼吸且有意识，家人可以让您躺在一侧，保持头部稍微向下的姿势。这有助于防止您咬伤舌头或因呕吐物阻塞气道。

5. 松开紧身衣物：家人应松开您的紧身衣物，如领带、围巾或衣领，以帮助您呼吸顺畅。

6. 不要让您立刻站起：即使您恢复意识，也应该在平躺至少几分钟后才尝试站立，以防再次昏厥。

7. 寻求医疗建议：即使您在昏厥后恢复正常，也应该及时就诊，以找出昏厥的原因并采取适当的治疗措施。

请与您的家人分享这些建议，并让他们了解如何在紧急情况下采取行动。同时，继续与医生沟通您的症状，以便找出昏厥的原因并采取预防措施。祝您身体健康！",29
