﻿4,2,29,human,医生您好，我是一名孕妇，我因为晕厥进医院了，查出来是心脏有问题,35
4,2,29,model,您好，孕妇晕厥确实需要引起重视。晕厥的原因有很多种，其中包括心脏问题。您需要进一步进行检查，包括心电图、心脏彩超等，以确定心脏问题的原因。同时，您需要注意休息，避免过度劳累，保持良好的心态和饮食习惯。如果需要，您可以考虑在医生的指导下进行治疗，以保护您和胎儿的健康。如果您有任何疑问或需要进一步的帮助，请随时与医生沟通。祝您和宝宝健康！,-3
4,2,29,human,检查出来是室上性心动过速，医生让我做X射线做进一步检查,41
4,2,29,model,室上性心动过速是一种心律失常，通常是由心脏的电信号传导系统出现问题引起的。X射线检查可以帮助医生确定是否存在心脏结构异常或其他异常情况，以更好地了解您的心脏状况。在等待进一步的检查结果时，您需要注意休息，避免过度劳累，保持良好的心态和饮食习惯。如果出现心悸、胸闷、呼吸困难等症状，请及时就医。如果您有任何疑问或需要进一步的帮助，请随时与医生沟通。祝您和宝宝健康！,0
4,2,29,human,你不觉得孕妇做这个检查对宝宝会有伤害吗？,14
4,2,29,model,一般情况下，孕妇进行X射线检查是安全的，但仍需谨慎。X射线会对胎儿产生一定的辐射，因此在进行检查时需要采取适当的防护措施，如减少检查次数和剂量、穿防护服等。在您的情况下，医生可能会采取其他安全的检查方法来确定您的心脏问题，如心电图、超声心动图等。因此，您不必过于担心，只需听从医生的建议，按照医生的指导进行检查。同时，您需要保持良好的心态，积极配合医生的检查和治疗，以保护您和胎儿的健康。如果您有任何疑问或需要进一步的帮助，请随时与医生沟通。祝您和宝宝健康！,-1
4,2,29,human,那有什么没有辐射的检查方法吗？,20
4,2,29,model,当然有。除了X射线检查外，还有一些其他无辐射的检查方法，如超声检查、核磁共振检查等。这些检查方法可以帮助医生更准确地了解您的心脏状况，但需要根据具体情况选择适当的检查方法。因此，您可以向医生咨询，听取医生的建议，选择最适合您的检查方法。同时，您需要注意保持良好的心态，积极配合医生的检查和治疗，以保护您和胎儿的健康。如果您有任何疑问或需要进一步的帮助，请随时与医生沟通。祝您和宝宝健康！,-2
4,2,29,human,好的，谢谢您，我流产过两次，很担心这胎能不能保住,29
4,2,29,model,孕妇流产的原因有很多种，包括胚胎发育异常、母体疾病、免疫因素等。在您的情况下，由于您曾经经历过流产，您需要更加谨慎地对待这胎，保持良好的心态和饮食习惯，避免过度劳累，定期进行产前检查，及时发现和处理任何问题。同时，您可以咨询医生，了解如何保持健康的孕期，避免不良影响胎儿健康。如果出现任何不适或疑问，请及时就医，并告知医生您的病史，以便医生更好地为您提供治疗和护理。祝您和宝宝健康！,-2
4,2,29,human,医生说让我进行射频消融手术，这个对宝宝会有甚影响吗,20
4,2,29,model,射频消融是一种治疗心律失常的手术，对于孕妇来说，如果出现了心律失常，进行射频消融手术是一种有效的治疗方法。手术过程中，医生会在患者的胸部或手臂上进行切口，将导管引入患者体内，然后对心脏进行治疗。这种手术是安全的，对胎儿的影响也较小，但在手术前需要进行全面的评估和准备，以确保手术的成功率和安全性。因此，在进行射频消融手术前，您需要向医生详细咨询手术的风险和注意事项，并严格遵循医生的建议和指导。同时，您还需要保持良好的心态，积极配合医生的治疗，以保护您和胎儿的健康。如果您有任何疑问或需要进一步的帮助，请随时与医生沟通。祝您和宝宝健康！,-1
4,2,29,human,好的，然后我想问问我有妊娠期高血压，这个对手术成功率有影响吗？,54
4,2,29,model,妊娠期高血压是孕妇在孕期出现的一种高血压病，它会增加孕妇患高血压疾病、子痫前期、妊娠期糖尿病等并发症的风险。对于射频消融手术，由于妊娠期高血压会增加手术的难度和风险，因此需要特别注意。在进行手术前，医生会对您进行全面的评估，包括测量血压、尿常规、心电图等，以确定您是否适合进行手术。如果您的妊娠期高血压不稳定，可能需要推迟手术，直到您控制血压并稳定下来。因此，您需要保持良好的心态，积极配合医生的治疗，以保护您和胎儿的健康。同时，您还需要定期进行产前检查，及时发现和处理任何问题，避免不良影响胎儿健康。如果您有任何疑问或需要进一步的帮助，请随时与医生沟通。祝您和宝宝健康！,0
4,2,29,human,如果我在户外摔倒了，我的家人能为我做些什么呢？,20
4,2,29,model,"如果您在户外摔倒了，您的家人可以采取以下措施来帮助您：

1. 检查您的意识状态：如果您的意识不清，请立即拨打急救电话，让医生前来处理。

2. 检查您的呼吸和脉搏：如果您的呼吸或心跳停止，请立即进行心肺复苏。

3. 观察您的症状：在等待急救人员到达的过程中，您需要保持安静，避免过度运动，以免加重伤势。

4. 让您的家人知道您的情况：如果您的家人在等待急救人员的过程中，您需要告诉他们您的情况，并让他们了解您的病情。

5. 等待急救人员的到来：如果您的家人无法立即处理您的情况，请等待急救人员的到来。

总之，在户外摔倒后，需要保持镇静，并采取紧急处理措施，以防止进一步的损伤或危险。同时，您需要保持良好的心态，积极配合医生的治疗，以保护您和胎儿的健康。如果您有任何疑问或需要进一步的帮助，请随时与医生沟通。祝您和宝宝健康！",0
