﻿5,3,39,human,医生您好，我的孩子最近被诊断为儿童血管迷走性晕厥,4
5,3,39,model,您好，请问您的孩子有什么症状？,-6
5,3,39,human,晕厥，抽搐，久站后会恶心，面色发白,21
5,3,39,model,这些症状听起来确实像是儿童血管迷走性晕厥。请问孩子最近是否有过其他不适？,-5
5,3,39,human,没力气，整个人懒懒的,15
5,3,39,model,这些信息对我很有帮助，谢谢。我建议您带孩子去做一些检查，包括心脏超声，心电图以及一些血液检查，以了解更多情况。同时，建议孩子避免长时间站立，多休息。,-5
5,3,39,human,我们已经在医院治疗了,8
5,3,39,model,如果是这样，您可以告诉我更多关于儿童血管迷走性晕厥的知识吗？,-5
5,3,39,human,不可以,14
5,3,39,model,没关系，我可以再问一些问题。,-6
5,3,39,human,嗯嗯,3
5,3,39,model,"儿童血管迷走性晕厥是一种常见的儿童疾病，通常在5岁到14岁之间发生。它的发生原因是由于大脑血流不足，导致大脑缺氧，从而引起晕厥。这种疾病通常会在站立或运动时发生，因为这种动作可以增加血流到大脑。抽搐和恶心也是儿童血管迷走性晕厥的常见症状。

治疗儿童血管迷走性晕厥的方法包括药物治疗和生活方式改变。药物治疗通常包括使用β受体阻滞剂或抗胆碱药物。生活方式改变包括避免长时间站立，多休息，保持充足的水分和饮食均衡。

建议您带孩子去做进一步的检查，以便更好地了解孩子的情况。同时，建议孩子避免长时间站立，多休息，保持健康的生活方式。祝您的孩子早日康复！",-2
5,3,39,human,医生推荐我们进行起搏器植入，但我是很担心的,29
5,3,39,model,"不会的，起搏器植入是一种治疗儿童血管迷走性晕厥的方法，但并不是所有患者都适合进行起搏器植入。起搏器植入手术是一种小手术，通常在医院进行。手术后，孩子需要进行一段时间的康复，以确保起搏器正常工作。

起搏器植入手术可以帮助孩子恢复正常的血液循环和心脏功能，从而减少晕厥的发生。手术后，孩子需要进行定期的检查和维护，以确保起搏器正常工作。这些检查可能包括心电图和超声检查。

如果您担心起搏器植入手术的风险和效果，您可以与您的医生进一步讨论。您的医生会根据孩子的具体情况，为您提供最适合的治疗方案。

最后，祝愿您的孩子早日康复！",-2
5,3,39,human,我的孩子是个早产儿，身体一直很虚，也不运动，而且他的血压常年只有80/40mmhg,38
5,3,39,model,"您的孩子是一个早产儿，身体虚弱和低血压可能是由于早产儿综合征引起的。早产儿综合征是一种影响早产儿的身体和发育状况的疾病。除了低血压和虚弱感，您的孩子还有其他症状吗？

早产儿需要特殊的护理和关注，以确保他们的身体和发育正常。您的医生可能会建议您进行一些检查，例如超声检查、血液检查和脑部扫描，以了解孩子的具体情况。此外，您的孩子需要定期接受医生的检查和监测，以确保他们的身体状况稳定。

除了医生的建议，您还可以采取一些措施来帮助您的孩子恢复健康。例如，您可以确保孩子得到足够的营养和睡眠，避免过度劳累和长时间站立。您还可以与您的医生讨论一些适合早产儿的特殊饮食和营养补充方案。

最后，我建议您与您的医生保持密切联系，并遵循他们的建议和治疗方案。祝愿您的孩子早日康复！",-1
5,3,39,human,然后他手术后能完全恢复吗？,57
5,3,39,model,"儿童血管迷走性晕厥的手术治疗通常可以显著改善孩子的症状和生活质量。手术后，孩子的血液循环和心脏功能可以得到改善，从而减少晕厥的发生。但是，手术后的恢复需要时间和努力。

手术后的恢复过程可能会有一些不适和副作用，例如疼痛、恶心、呕吐等。这些不适和副作用通常是暂时的，但如果不适持续或加重，请及时联系您的医生。

除了手术治疗，孩子还需要进行一些维护和康复措施。这包括定期复诊、药物治疗、生活方式改变等。您的医生会根据孩子的具体情况制定个性化的治疗计划。

最后，我建议您与您的医生保持密切联系，并遵循他们的建议和治疗方案。祝愿您的孩子早日康复！",-2
5,3,39,human,那他还能坐飞机吗？,26
5,3,39,model,"对于儿童血管迷走性晕厥的患者，如果病情较为严重或者存在其他并发症，建议避免长时间的空中旅行。长时间的空中旅行可能会导致血压下降、氧气供应不足等不适症状，加重病情或者引发晕厥。

对于您的孩子，我建议您与医生进行详细的咨询和评估。医生会根据孩子的具体情况，评估空中旅行的风险和益处，并给出相应的建议。如果医生认为空中旅行对孩子的病情没有不利影响，您可以考虑带孩子进行空中旅行。

在空中旅行期间，建议您密切观察孩子的症状，注意保持充足的水分和饮食，避免长时间的站立和疲劳。如果孩子出现晕厥或其他不适症状，应立即就医。

最后，祝愿您的孩子旅途愉快，早日康复！如果您还有其他问题，请随时向我咨询。",-2
5,3,39,human,你对他术后生活方面有什么建议吗？,13
5,3,39,model,"对于儿童血管迷走性晕厥的手术治疗，术后生活方面的建议主要包括以下几点：

1. 避免长时间站立：手术后，孩子需要休息一段时间，避免长时间站立或体力劳动，以减少心脏负荷。

2. 保持规律的作息时间：建议孩子保持规律的作息时间，包括充足的睡眠和适当的休息时间，以帮助身体恢复。

3. 饮食调理：建议孩子饮食均衡，避免过度饮食或暴饮暴食，保持良好的消化系统功能。

4. 避免刺激性食物和饮品：孩子在术后需要避免食用刺激性食物和饮品，如辛辣食物、咖啡、浓茶等，以免刺激消化系统。

5. 避免过度劳累：手术后的孩子需要避免过度劳累和剧烈运动，以免影响身体的恢复和心脏功能的稳定。

6. 定期复诊：手术后的孩子需要定期复诊，以便医生及时评估病情和调整治疗方案。

此外，如果孩子在术后出现任何不适症状，如剧烈疼痛、持续恶心、呕吐等，应及时就医咨询。

最后，我建议您与您的医生保持密切联系，并遵循他们的建议和治疗方案。祝愿您的孩子早日康复！",0
