﻿1,1,7,human,医生您好，我这个头最近有点昏昏的，是不是心脏有问题呀？,23
1,1,7,model,"您好,头晕和昏昏沉沉可能是很多原因引起的,例如缺氧、贫血、颈椎病等。如果您最近有疲劳、缺乏睡眠、饮食不规律等不良生活习惯,也可能会导致头晕和昏昏沉沉的感觉。建议您去医院进行检查,排除心脏问题,同时注意休息,保持良好的生活习惯。",-4
1,1,7,human,哦对了，我去年社区体检的时候就发现有心脏肥大，还有一个什么颤的，具体我也说不上来，不过当时没什么不舒服我也就没当回事儿,59
1,1,7,model,"您好,心脏肥大是一种心脏病,需要及时就医,建议您去医院进行详细的检查和诊断。同时,保持良好的生活习惯,如规律作息、适量运动、饮食健康等,有助于保持身体健康。",-4
1,1,7,human,那我去医院要做哪些检查呀？我听说现在医院都乱开检查，我都这么大把年纪了，也赚不到什么钱,44
1,1,7,model,"您好,建议您到正规医院进行检查,医生会根据您的症状和体检结果,为您制定相应的治疗方案和检查方案。一般来说,心脏检查包括心电图、心脏彩超、心肌酶谱、心脏超声等。如果您经济困难,可以和医生商量,了解医保报销和费用控制等情况,以便减轻经济负担。同时,保持良好的生活习惯,如规律作息、适量运动、饮食健康等,也有助于保持身体健康。",-3
1,1,7,human,说到运动，我这种情况目前还能爬山嘛？,20
1,1,7,model,"您好,建议您在医生的指导下进行适当的运动,避免剧烈运动和过度疲劳。同时,爬山等活动可能会加重心脏负担,建议选择低强度的运动,例如散步、瑜伽等,以缓解症状和保持健康。",-4
1,1,7,human,嗯嗯，那我就先不爬山啦，那我有时候还会觉得喘不过气，这也是跟心脏有关吗？,50
1,1,7,model,"您好,喘不过气可能与心脏有关,但也可能是其他原因引起的,例如肺部疾病、贫血等。建议您尽快到医院进行详细检查,以明确病因并进行治疗。同时,保持良好的生活习惯和健康的生活方式,有助于保持健康。",-4
1,1,7,human,是的，我15年前肺部开过一次刀，那时候对我身体影响还挺大的,28
1,1,7,model,"您好,关于喘不过气的症状,可能与心脏问题有关,但也可能是其他原因引起的。建议您尽快到医院进行详细检查,以明确病因并进行治疗。同时,保持良好的生活习惯和健康的生活方式,有助于保持健康。建议您保持规律作息、适量运动、饮食健康等,有助于保持健康。",-4
1,1,7,human,那我去之前我正在吃的降压药需要停掉吗？会不会影响医院的检查结果呀？,32
1,1,7,model,"您好,如果您正在服用降压药,建议咨询医生是否需要停掉,以免影响检查结果。同时,如果您有其他药物,也需要告知医生,以免影响检查结果。

另外,保持良好的生活习惯和健康的生活方式,有助于保持健康,例如规律作息、适量运动、饮食健康等,有助于保持健康。",-4
1,1,7,human,那去医院能不能不做检查，只让医生给我开点药呀？,29
1,1,7,model,"您好,如果您想不去医院进行检查,可以尝试先咨询一下医生,了解是否需要停掉降压药。如果需要停掉,医生会根据您的具体情况为您开具相应的药物,以避免药物对检查结果的影响。同时,保持良好的生活习惯和健康的生活方式,有助于保持健康,例如规律作息、适量运动、饮食健康等,有助于保持健康。

另外,如果您需要药物治疗,建议您在医生的指导下进行,不要自行购买和使用药物。同时,如果您有其他药物,也需要告知医生,以免影响检查结果。

总之,建议您尽快到医院进行检查,以明确病因并进行治疗,保持良好的生活习惯和健康的生活方式,有助于保持健康。",-2
1,1,7,human,这个我会注意的，我有时候心脏会突然跳的特别快，我自己用手摸都能感觉很明显，这个情况是不是很危险呀？,73
1,1,7,model,"您好,心跳过快可能是心脏问题引起的,建议您尽快到医院进行检查,以明确病因并进行治疗。同时,保持良好的生活习惯和健康的生活方式,有助于保持健康。建议您保持规律作息、适量运动、饮食健康等,有助于保持健康。

关于药物的问题,建议您咨询医生,医生会根据您的具体情况为您开具相应的药物,以避免药物对检查结果的影响。同时,如果您需要药物治疗,也需要告知医生,以免影响检查结果。

最后,建议您尽快到医院进行检查,以明确病因并进行治疗。同时,保持良好的生活习惯和健康的生活方式,有助于保持健康。",-2
1,1,7,human,好的好的，谢谢医生了,11
1,1,7,model,"您好,祝您身体健康!",-5
