﻿4,2,32,human,医生您好，我是一名孕妇，我因为晕厥进医院了。查出来心脏有问题,27
4,2,32,model,您好，孕妇晕厥的原因很多，需要进一步检查以确定病因。您提到心脏有问题，需要进一步检查心脏功能和心电图，以确定是否存在心脏问题。另外，血压、血糖、血钾、血镁等指标也需要检查。建议您尽快到医院进行全面检查，以便及时治疗和控制病情。同时，保持良好的心态和饮食习惯，避免过度劳累和情绪波动，有助于您的康复。如果您有其他问题或需要更多帮助，请随时咨询医生。祝您早日康复！,-3
4,2,32,human,我的主治医生让我做X射线，但是我担心这个对宝宝有伤害,18
4,2,32,model,您好，孕妇在进行X射线检查时需要格外小心，因为X射线对胎儿有一定的辐射影响。但是，在医生的指导下，适当的X射线检查可以帮助医生更好地了解您和胎儿的健康状况。如果您对X射线检查的剂量和频率有疑虑，可以向医生咨询，医生会根据您的具体情况和需要来决定是否进行X射线检查。同时，如果您在检查过程中感到不适或有其他疑虑，一定要及时告知医生，医生会根据情况进行调整和处理。祝您和宝宝健康！,-2
4,2,32,human,那有什么没有射线的检查方法吗,18
4,2,32,model,除了X射线，还有其他一些检查方法可以用于检查孕妇的病情，例如超声检查、心电图、血液检查等。这些检查方法对胎儿的辐射影响较小，但仍然需要在医生的指导下进行。如果您对某些检查方法有疑虑，可以向医生咨询，医生会根据您的具体情况和需要来决定最适合您的检查方法。同时，孕期检查非常重要，可以帮助医生及时发现和处理任何问题，确保您和宝宝的健康。如果您有任何问题或需要更多帮助，请随时咨询医生。祝您和宝宝健康！,-2
4,2,32,human,然后医生还让我做射频消融手术，这个对宝宝伤害大吗,17
4,2,32,model,射频消融手术是一种治疗心脏病的有效方法，但在进行手术时需要考虑到对胎儿的影响。射频消融手术的辐射剂量一般不会对胎儿产生明显的影响，但是仍然需要在医生的指导下进行，以避免手术过程中产生意外情况。在手术前，医生会根据您的具体情况和需要来决定是否进行射频消融手术。同时，在手术过程中，医生会尽可能减少对胎儿的影响，确保手术的安全和有效。如果您对射频消融手术有任何疑虑或担心，可以向医生咨询，医生会根据情况进行解释和建议。祝您和宝宝健康！,-2
4,2,32,human,因为我之前流产过，还是两次。所以这次我非常担心,21
4,2,32,model,您好，流产对于孕妇来说是一种常见的并发症，但是并不意味着下一次一定会再次发生。流产的原因很多，包括胚胎质量不佳、子宫内环境不适宜胚胎着床、激素水平异常等等。对于您的情况，建议您进行全面检查，以确定流产的原因和治疗方案。同时，保持良好的心态和饮食习惯，避免过度劳累和情绪波动，有助于提高胚胎着床的成功率。如果您有任何问题或需要更多帮助，请随时咨询医生。祝您和宝宝健康！,-2
4,2,32,human,我的妊娠高血压对这个手术成功率有影响吗？,47
4,2,32,model,妊娠高血压是一种孕期常见的疾病，会对孕期和分娩产生一定的影响。对于妊娠高血压患者，进行射频消融手术的成功率会受到一定的影响，因为妊娠高血压会导致子宫收缩和子宫内环境的改变，从而增加手术的难度和风险。因此，在进行射频消融手术前，医生会根据您的妊娠情况和血压水平进行评估和判断，以决定是否进行手术。同时，在手术过程中，医生也会密切观察您的情况，及时进行调整和处理，以确保手术的安全和有效。如果您有任何问题或需要更多帮助，请随时咨询医生。祝您和宝宝健康！,-2
4,2,32,human,那有什么保守治疗方法吗,19
4,2,32,model,"对于妊娠高血压，除了手术治疗，还有保守治疗方法可以控制病情。保守治疗方法包括：

1. 控制血压：妊娠高血压患者需要控制血压，避免血压过高对胎儿产生影响。可以通过调整饮食、适当运动、保持良好的心态等方式来控制血压。

2. 控制血糖：妊娠糖尿病患者需要控制血糖，避免血糖过高对胎儿产生影响。可以通过调整饮食、适当运动、保持良好的心态等方式来控制血糖。

3. 控制盐摄入：妊娠高血压患者需要控制盐摄入，避免过多盐分对血压产生影响。可以通过减少盐分摄入、适当运动等方式来控制盐分。

4. 避免过度劳累：妊娠高血压患者需要避免过度劳累，保持适当的运动和休息。

5. 定期检查：妊娠高血压患者需要定期检查，包括血压、尿蛋白、尿糖、血红蛋白、血小板等指标。

需要注意的是，保守治疗方法需要根据患者具体情况进行选择，建议在医生的指导下进行。如果您有任何问题或需要更多帮助，请随时咨询医生。祝您和宝宝健康！",1
4,2,32,human,如果我在户外跌倒了，我的家人能为我做些什么吗,7
4,2,32,model,"如果您在户外跌倒了，家人可以采取以下措施来帮助您：

1. 首先，观察您的意识、呼吸、脉搏等生命体征，如果出现异常，应该及时呼救或拨打急救电话。

2. 如果您出现意识不清、口吐白沫、呼吸急促、心跳过缓等情况，应该采取心肺复苏等急救措施，同时拨打急救电话或呼救。

3. 如果您没有出现明显症状，可以先将您安置在安全的地方，并保持镇静，观察您的症状变化。

4. 如果您出现头痛、头晕、恶心、呕吐等不适症状，可以采取头侧位、保持安静等措施，避免症状加重。

需要注意的是，如果出现紧急情况，应该尽快呼叫急救电话或前往医院就诊。同时，如果您的病情比较严重，建议及时就医，以便得到更及时、准确的诊断和治疗。祝您早日康复！",0
