﻿3,4,22,human,医生您好，我前段时间因为急性心肌梗死进了医院,18
3,4,22,model,您好！我不是医生，而是一款AI助手，我会尽我所能帮您提供相关信息。急性心肌梗死是一种非常严重的病状，需要尽早就医并接受治疗。请您遵循医生的建议和治疗方案，按时服药，并注意休息。在康复期间，注意保持良好的生活习惯，如戒烟、限制饮酒、保持健康的饮食习惯和适当的锻炼。如果您有任何疑问，请随时向您的医生咨询。祝您早日康复！,60
3,4,22,human,目前已经植入了三枚支架，可是我的主治医生让我植入ICD，可是我担心手术的成功率,48
3,4,22,model,"植入心脏复律器（ICD）是一种常用于治疗心律失常的医疗设备。手术成功率通常很高，大多数患者在植入ICD后可以有效地控制心律失常，降低心脏骤停的风险。然而，和任何手术一样，植入ICD的手术也存在一定的风险，如感染、出血、麻醉并发症等。

在决定是否进行ICD植入手术时，您应该与您的主治医生充分沟通，了解手术的必要性、可能的并发症以及术后的生活改变等方面的信息。医生会根据您的具体病情和风险评估，为您提供最合适的治疗建议。您也可以寻求第二意见，以确保您做出最佳决策。祝您健康！",14
3,4,22,human,你可以给我分析一下利弊吗,14
3,4,22,model,"当然可以。对于植入心脏复律器（ICD）手术的利弊分析如下：

利：
1. 预防心脏骤停：ICD对于控制心律失常，特别是对于预防心脏骤停非常有效，可以显著降低心脏猝死的风险。
2. 提高生活质量：患有严重心律失常的患者，在植入ICD后，症状可能得到显著改善，从而提高生活质量。
3. 遥测监测功能：现代ICD通常具有遥测监测功能，可以远程监测患者的心律情况，帮助医生及时调整治疗方案。

弊：
1. 手术风险：虽然ICD植入手术的成功率较高，但仍然存在一定的手术风险，如感染、出血、麻醉并发症等。
2. 设备故障：尽管罕见，但ICD有可能发生故障，如电池耗尽、导线断裂等，可能需要进一步手术更换。
3. 心脏过度起搏：ICD可能在不必要的情况下发出电击，可能导致不适或恐慌。

在决定是否植入ICD时，请您充分考虑上述利弊，并与您的主治医生进行详细咨询，以便为您提供最佳治疗方案。同时，您可以寻求其他专家的意见，以确保您做出明智的决策。祝您健康！",18
3,4,22,human,那我本身的高血压，糖尿病对这个shoushuhuiyouhendayingxiangm,28
3,4,22,model,"高血压和糖尿病可能会影响您的手术风险和康复过程。在植入心脏复律器（ICD）手术前，您需要与您的主治医生密切合作，对高血压和糖尿病进行有效控制，以降低手术风险。

高血压和糖尿病可能会导致以下影响：
1. 手术风险增加：高血压和糖尿病可能导致手术过程中出血、感染等风险增加。
2. 康复过程延长：由于高血压和糖尿病可能影响伤口愈合，您的康复过程可能会相对延长。
3. 并发症风险增加：高血压和糖尿病可能会增加心血管并发症的风险，因此在术后需要密切关注并对病情进行有效控制。

为了降低手术风险，您需要与您的医生合作，积极治疗高血压和糖尿病。此外，您还需要保持良好的生活习惯，如规律锻炼、控制体重、低盐低糖饮食等，以降低手术风险和提高术后康复效果。请遵循医生的建议并密切关注您的健康状况。祝您健康！",94
3,4,22,human,吸烟呢？,29
3,4,22,model,"吸烟对您的整体健康和心脏病康复过程产生不良影响，特别是在接受心脏复律器（ICD）植入手术时。吸烟可能会带来以下影响：

1. 手术风险增加：吸烟可能导致血管收缩、血压升高、凝血功能障碍等，增加手术过程中的风险，如出血、感染等。
2. 康复过程延长：吸烟可能影响伤口愈合，延长康复过程。
3. 心血管疾病加重：吸烟是心血管疾病的主要危险因素之一，对心脏的健康造成严重损害，可能加重您的心脏病病情。
4. 降低ICD治疗效果：吸烟可能导致心律失常加重，降低ICD的治疗效果。

为了您的健康和术后康复，强烈建议您戒烟。戒烟可以降低手术风险、改善术后康复过程、降低心血管疾病风险、提高ICD治疗效果。请咨询您的医生以获取戒烟的建议和帮助。祝您健康！",17
3,4,22,human,那你可以帮我看看还有没有别的更保守的治疗方法吗,35
3,4,22,model,"在考虑其他保守治疗方法之前，请您务必与您的医生充分沟通，了解您的病情和风险，以便为您提供最佳治疗建议。针对心律失常，除了植入心脏复律器（ICD）外，还有一些其他的治疗方法，包括：

1. 药物治疗：心律失常药物可以帮助控制心律失常，降低心脏骤停的风险。医生会根据您的病情和病因选择合适的药物。

2. 电生理研究和射频消融术：通过电生理研究，医生可以找到引起心律失常的异常心电传导途径，并通过射频消融术消除这些异常途径，从而恢复正常的心律。

3. 生活方式改变：控制风险因素，如戒烟、限制饮酒、保持健康的饮食习惯、减轻体重、管理压力等，有助于改善心律失常症状。

4. 高血压和糖尿病管理：积极治疗高血压和糖尿病，有助于降低心血管疾病风险，改善心律失常症状。

这些保守治疗方法可能会对您的病情产生积极作用，但是在考虑这些方法之前，请务必与您的医生充分沟通，并在医生的指导下进行治疗。每个患者的病情和需要都是独特的，您的医生将为您提供最适合您的治疗方案。祝您健康！",48
3,4,22,human,好的，那我还能吃甜食吗，还有炸鸡，因为我平时一个人居住，工作压力也很大，不开心的时候就是吃吃吃,84
3,4,22,model,"理解您在面对压力和不开心时，可能会倾向于通过食物来寻求慰藉。但是，作为一个心脏病患者，尤其是有高血压和糖尿病的患者，您需要注意饮食的健康。

对于甜食和炸鸡这类高热量、高脂肪、高糖的食物，建议您尽量减少摄入。这些食物可能对您的糖尿病和心脏病病情产生不利影响。以下是一些建议：

1. 健康饮食：选择低盐、低糖、低脂肪的食物，多吃新鲜蔬菜、水果、全谷类、鱼类和豆类等。

2. 控制糖尿病：避免过多摄入甜食，以帮助控制血糖水平。

3. 适量锻炼：保持规律的锻炼，有助于减轻压力、改善心情、控制体重和降低心血管疾病风险。

4. 学会应对压力：尝试其他方法来应对压力，如深呼吸、瑜伽、冥想、散步等。寻求心理辅导和支持也是一个很好的选择。

5. 适量享受美食：在保持健康饮食的前提下，偶尔可以适量享受一些甜食和炸鸡，但请注意不要过量。

请遵循医生的建议，保持良好的生活习惯，以降低心血管疾病的风险。祝您健康！",67
