﻿2,1,9,human,医生您好，我最近会有无先兆的晕倒，防不胜防，怎么办呀,288
2,1,9,model,"您好,无先兆的晕倒可能是由于多种原因引起的,例如低血压、贫血、心血管疾病等。建议您及时就医,进行详细的身体检查和相关检查,以确定病因。同时,您可以注意以下几点:

1.保持良好的饮食习惯,多吃富含铁质的食物,如瘦肉、鸡蛋、豆类等,以促进血红蛋白的合成。

2.保持充足的睡眠,避免过度疲劳和长时间站立。

3.避免过度劳累和精神紧张,避免长时间保持一个姿势。

4.避免过度饮酒和吸烟。

5.如果出现晕厥症状,应立即躺下,避免剧烈运动和突然改变体位。

如果症状严重或持续时间较长,建议及时就医,接受专业医生的诊断和治疗。",-1
2,1,9,human,我是有贫血的，但轻度贫血也不至于这么严重吧。这件事把我最近搞得挺焦虑的，晚上也睡不好，万一哪天我要是出了什么问题，家里两个小孩可怎么办呀,87
2,1,9,model,"您好,贫血并不一定会导致晕倒,但是贫血可能会影响身体的整体健康状况。建议您及时就医,进行详细的身体检查和相关检查,以确定病因。如果您有贫血的症状,可以在平时饮食中多摄入富含铁质的食物,如瘦肉、鸡蛋、豆类等,同时保持充足的睡眠,避免过度疲劳和长时间站立。如果症状严重或持续时间较长,建议及时就医,接受专业医生的诊断和治疗。

如果您家里有两个小孩,建议您在就医前尽量安排好休息时间,避免过度疲劳和精神紧张。同时,您也可以和您的家人一起参与治疗,共同应对问题。",-2
2,1,9,human,我有胃炎，这个是不是导致我贫血的原因呀？因为我听别人说胃炎会出血的,70
2,1,9,model,"胃炎一般不会导致贫血,但是慢性胃炎可以影响胃部的消化功能,从而影响铁质的吸收和利用。如果您有胃炎,建议您及时就医,接受专业的治疗,同时注意饮食和生活习惯的调整。

如果您担心胃炎会出血,您可以在就医前向医生咨询相关问题,以确保您的健康和安全。同时,您可以注意保持良好的饮食习惯,避免过度劳累和精神紧张,以及避免过度饮酒和吸烟,以减轻胃部不适和促进身体健康。",-3
2,1,9,human,那我白天突然晕倒会不会跟我晚上失眠睡不着吃的安眠药有关呀？,43
2,1,9,model,"您好,晕倒的原因有很多种,可能与您的失眠失眠使用的药物有关,也可能与其他因素有关。建议您及时就医,进行全面的身体检查和相关检查,以确定病因,并接受专业医生的治疗和建议。同时,注意保持良好的饮食习惯和生活习惯,避免过度劳累和精神紧张,以及避免过度饮酒和吸烟等不良习惯,以减轻胃部不适和促进身体健康。",-3
2,1,9,human,我上次去查的，医生说是轻度贫血，让我回去多吃点东西补补，这是对的吗,83
2,1,9,model,"您好,如果您怀疑自己出现了低血压或贫血的症状,建议您及时就医,进行全面的身体检查和相关检查,以确定病因。同时,您也可以在日常生活中多摄入富含铁质的食物,如瘦肉、鸡蛋、豆类等,以促进血红蛋白的合成。

如果您有失眠使用的药物,建议您在就医前向医生咨询相关问题,以确保您的健康和安全。同时,您也可以保持良好的饮食习惯和生活习惯,避免过度劳累和精神紧张,以及避免过度饮酒和吸烟等不良习惯,以减轻胃部不适和促进身体健康。",-2
2,1,9,human,那我这个情况去医院能根治吗？我不想再拖着病去上班，太吓人了,27
2,1,9,model,"您好,对于轻度贫血,可以通过饮食和生活习惯的调整来缓解症状,但无法根治。如果您的贫血症状严重,建议您及时就医,接受专业医生的诊断和治疗。同时,您也可以注意以下几点:

1.保持良好的饮食习惯和生活习惯,多摄入富含铁质的食物,如瘦肉、鸡蛋、豆类等,以促进血红蛋白的合成。

2.避免过度劳累和精神紧张,避免过度饮酒和吸烟等不良习惯,以减轻胃部不适和促进身体健康。

3.避免过度饮酒和吸烟,以减轻胃部不适和促进身体健康。

4.如果出现晕厥等症状,应立即躺下,避免剧烈运动和突然改变体位。

希望以上建议对您有所帮助,祝您早日恢复健康。",-1
2,1,9,human,那您有什么整体的治疗建议吗？,17
2,1,9,model,"您好,根据您的症状和病史,建议您及时就医,进行详细的身体检查和相关检查,以确定病因,并接受专业医生的治疗和建议。同时,您也可以注意以下几点:

1.保持良好的饮食习惯和生活习惯,多摄入富含铁质的食物,如瘦肉、鸡蛋、豆类等,以促进血红蛋白的合成。

2.避免过度劳累和精神紧张,避免过度饮酒和吸烟等不良习惯,以减轻胃部不适和促进身体健康。

3.避免过度饮酒和吸烟等不良习惯,以减轻胃部不适和促进身体健康。

4.如果出现晕厥等症状,应立即躺下,避免剧烈运动和突然改变体位。

希望以上建议对您有所帮助,祝您早日恢复健康。",-1
2,1,9,human,好的，谢谢医生,9
2,1,9,model,"好的,祝您早日恢复健康!",-5
