﻿1,3,5,human,医生您好，我最近头有点昏昏的，我怀疑是心脏的问题，去年体检的时候检查出来心脏肥大和房颤，不过当时没什么感觉也没当回事，现在有点不舒服，想请您帮我看看,241
1,3,5,model,你好，请问你有什么其他症状吗？比如心慌、气短、胸闷等等？,-5
1,3,5,human,什么是心慌呀？,13
1,3,5,model,心慌是指感觉心脏跳得快或者跳得乱，可能会出现胸闷、焦虑、头晕等症状。你最近有没有出现过这些症状？,-5
1,3,5,human,有的有的，有时候下楼丢个垃圾这个心脏都扑通扑通的，甚至有时候躺在床上都突然扑通扑通的。说到头晕我想起来了，我最近去菜场买菜，有好几次都是眼前突然黑了一片，啥也看不见，吓死人的,149
1,3,5,model,根据你的症状描述，你的头晕可能与你的心脏问题有关。心脏肥大和房颤可能会导致心脏泵血功能下降，血液循环不畅，从而引起头晕、乏力、胸闷等症状。建议你及时就医，进行详细的心电图、心脏超声等检查，以确定病情的严重程度和治疗方案。同时，你需要注意保持良好的生活习惯，如控制饮食、戒烟限酒、适量运动等，以减轻心脏负担，改善心脏功能。如果需要，医生可能会给你开一些抗凝药物、降压药物等进行治疗。此外，你还需要定期复查，遵守医生的嘱咐，以保持良好的健康状态。祝你早日康复！,-3
1,3,5,human,那我这个胸闷会不会是新冠的后遗症啊，我新冠刚刚回复,44
1,3,5,model,根据你的症状描述，胸闷可能与你的心脏问题有关，而不是新冠的后遗症。新冠病毒感染后，可能会出现胸闷、气短、乏力等症状，但这些症状通常是暂时的，随着病情的好转会逐渐消失。如果你的胸闷症状持续存在或加重，建议你及时就医，进行相关检查以确定病因。同时，你需要注意保持良好的生活习惯，如戴口罩、勤洗手、保持社交距离等，预防新冠病毒的感染。祝你早日康复！,-3
1,3,5,human,那我要是去医院的话，医院能报销吗？我不想花太多钱在这上面,89
1,3,5,model,您好，根据您的描述，您可能需要进行心脏检查以确定病情的严重程度和治疗方案。医院是否报销需要根据您所在的地区和医保政策来确定。建议您咨询当地医保部门或医院的财务部门，了解相关的医保政策，以便更好地进行医疗费用规划。同时，您也需要注意保持良好的生活习惯，如控制饮食、戒烟限酒、适量运动等，以减轻心脏负担，改善心脏功能。如果需要，医生可能会给您开一些抗凝药物、降压药物等进行治疗。希望您早日康复！,-3
1,3,5,human,我这个烟都抽了五十多年了，改不掉啦，都这年纪了，马上也快入土了，不想再折腾自己折腾子女了,54
1,3,5,model,您好，长期吸烟对身体健康非常不利，尤其是对呼吸系统的影响更为明显。根据您的描述，您已经快入土了，我们建议您尽快戒烟，以保护自己的身体健康。戒烟的过程可能会比较困难，但我们可以帮助您制定一个戒烟计划，包括药物治疗、心理支持和行为疗法等。此外，我们建议您进行肺功能检查，以确定您的肺部功能是否受损，以及是否需要进行进一步的治疗。最后，我们建议您保持良好的生活习惯，如健康饮食、适量运动和充足睡眠等，以维持身体健康。如果您有任何疑问或需要进一步的帮助，请随时与我们联系。祝您身体健康，戒烟成功！,-2
1,3,5,human,那我还能去爬山嘛？,61
1,3,5,model,如果您的病情没有得到有效的控制，我们建议您暂时不要进行剧烈的运动，以免加重病情。但是，如果您的病情得到了有效的控制，并且您的身体状况良好，您可以考虑适量的运动，如散步、慢跑、瑜伽等。关于爬山这个问题，我们需要根据您的具体情况来判断。一般来说，如果您的病情得到了有效的控制，并且您的身体状况良好，适量的运动对您的身体是有好处的。但是，如果您的病情比较严重，或者您的身体状况不太适合运动，我们建议您慎重考虑是否要进行爬山这样的高强度运动。最好是咨询医生的意见，根据您的具体情况来制定适合您的运动计划。希望您能够保持良好的身体状况，早日康复！,-2
1,3,5,human,那我看医生之前，我吃的这些降压药需要停掉吗？我怕对医院的检测结果有影响,53
1,3,5,model,尊敬的患者，您好。首先需要说明的是，您在就诊之前服用的降压药是否需要停用，需要根据您的具体病情和医生的建议来决定。如果您的血压控制良好，并且没有出现明显的副作用，停用降压药可能会对您的就诊结果产生一定的影响。但是，如果您的血压不稳定，或者您正在使用其他药物来控制其他疾病，停用降压药可能会对您的身体健康产生更大的风险。因此，建议您在就诊前咨询医生的意见，根据您的具体情况来决定是否停用降压药。同时，我们也建议您在就诊时向医生详细描述您的用药情况，以便医生能够更好地评估您的病情和制定治疗方案。最后，我们希望您能够积极配合医生的治疗，按时服药，定期复查，以保持良好的健康状态。祝您早日康复！,-2
1,3,5,human,好的，谢谢医生,24
1,3,5,model,不客气，祝您早日康复！如果您还有其他问题，可以随时向我提问。,-5
