﻿3,1,21,human,医生您好，我得了急性心肌梗死住院了，目前已经植入了三枚支架,27
3,1,21,model,"您好,急性心肌梗死是一种常见的心血管疾病,需要及时治疗。植入三枚支架是一种治疗方法,可以帮助恢复心脏功能,预防再次发生心肌梗死。

在住院期间,您需要密切关注自己的病情,遵循医生的建议进行治疗,同时注意休息,避免过度劳累和精神紧张。此外,您还需要注意饮食和生活习惯,保持良好的心态,以促进身体的康复。

如果您有任何疑问或需要进一步的帮助,请及时咨询您的医生。祝您早日康复!",-3
3,1,21,human,然后我的主治医生让我做ICD植入手术,24
3,1,21,model,"您好,ICD植入手术是一种治疗急性心肌梗死的手术,通过植入金属支架来恢复心脏功能,预防再次发生心肌梗死。这种手术需要由经验丰富的心血管科医生进行,需要在术前进行详细的评估和规划,以确保手术的安全和有效性。

在手术后,您需要遵循医生的建议进行恢复和康复,包括饮食、运动、药物治疗等。同时,您需要密切关注自己的病情,定期复查,以便及时发现和处理任何异常情况。祝您早日康复!",-3
3,1,21,human,我担心手术的危险性，以及术后复查和手术的价格问题,33
3,1,21,model,"您好,ICD植入手术是一种比较安全的手术,但是在手术前需要进行全面的检查和评估,以确保手术的安全性和有效性。手术的风险因人而异,需要根据您的具体情况而定。术后复查和手术的价格因地区和医院不同而有所不同,建议您咨询当地的医院或诊所了解具体价格情况。祝您早日康复!",-4
3,1,21,human,那您可以帮我分析一下利弊吗,11
3,1,21,model,"您好,关于您的问题,我可以给您一些参考意见。

首先,ICD植入手术是一种相对安全的手术,但手术风险因人而异,需要根据您的具体情况而定。手术风险包括手术出血、感染、血栓等,术后可能需要一些恢复时间,如需要休息、饮食、药物治疗等。

其次,手术费用因地区和医院不同而有所不同,建议您咨询当地的医院或诊所了解具体价格情况。

最后,关于您提到的“风险”和“收益”,由于我是一名智能助手,无法进行具体的医学分析和判断。建议您咨询您的主治医生,他们会根据您的具体情况给出更为准确的解答和建议。祝您早日康复!",-1
3,1,21,human,那我的高血压和糖尿病会对我的手术成功率有影响吗？影响大吗？,39
3,1,21,model,"您好,高血压和糖尿病对手术成功率的影响因人而异,需要根据您的病情和身体状况进行评估。高血压和糖尿病会增加手术的风险,因此需要控制血压和血糖水平,以减少手术风险。

在手术前,您的主治医生会对您的血压和血糖情况进行评估,包括评估手术风险和收益。如果您的血压和血糖水平控制良好,手术的成功率将更高。如果您的血压和血糖水平控制不好,手术可能会增加手术风险和恢复时间。

最后,关于手术费用,不同地区和医院的价格可能不同,建议您咨询当地的医院或诊所了解具体价格情况。祝您早日康复!",-2
3,1,21,human,有别的什么保守治疗的方法吗,33
3,1,21,model,"您好,除了ICD植入手术外,还有一些保守治疗方法,例如药物治疗和生活方式调整等。这些措施可以帮助您控制病情,缓解症状,减轻心脏负担,提高生活质量。但是,这些方法只能缓解症状,不能治愈疾病,也无法根治疾病。因此,建议您在治疗过程中,继续按照医生的建议进行治疗,同时注意生活方式的调整,如合理饮食、适量运动、避免过度劳累等,以帮助身体恢复。祝您早日康复!",-3
3,1,21,human,那我术后可以吃炸鸡甜品吗,25
3,1,21,model,"您好,关于饮食方面,建议您遵循医生的建议,避免食用油腻、辛辣等刺激性食物,多食用蔬菜、水果、粗粮等健康食品。同时,避免过度劳累和精神紧张,保持良好的心态,有助于身体的康复。

关于手术费用,不同地区和不同医院的价格可能不同,建议您咨询当地的医院或诊所了解具体价格情况。祝您早日康复!",-3
3,1,21,human,是这样的，我平时一个人生活，工作压力也很大，平时唯一的兴趣就是吃高热量食品，我担心不吃的话更会影响到我的身体健康,45
3,1,21,model,"您好,关于您的饮食,建议您遵循医生的建议,避免食用油腻、辛辣等刺激性食物,多食用蔬菜、水果、粗粮等健康食品。同时,避免过度劳累和精神紧张,保持良好的心态,有助于身体的康复。

关于手术费用,不同地区和医院的价格可能不同,建议您咨询当地的医院或诊所了解具体价格情况。祝您早日康复!",-3
