﻿1,1,3,human,我是个老烟民了，抽了50多年的烟，最近头晕气短，身体出现不适,79
1,1,3,model,"您的症状可能是由于长期吸烟引起的呼吸系统疾病,如慢性支气管炎、肺气肿等。建议您尽快戒烟,并尽快就医,进行相关检查和治疗。同时,您可以采取以下措施缓解症状:

1. 避免吸烟,尽量戒烟;
2. 保持室内空气流通,避免空气污染;
3. 适当运动,增强身体免疫力;
4. 保持健康的生活方式,合理饮食、充足睡眠、避免熬夜等。

希望您早日康复!",-3
1,1,3,human,我的头晕比较严重，有几次眼前一片黑还摔了一跤,72
1,1,3,model,"头晕和眼前一片黑可能是血压过低或供血不足引起的。建议您立即就医,进行相关检查,以确定病因并采取相应治疗措施。同时,您可以采取以下措施缓解症状:

1. 保持室内空气流通,避免空气污染;
2. 适当运动,增强身体免疫力;
3. 保持健康的生活方式,合理饮食、充足睡眠、避免熬夜等;
4. 避免突然站起来或起床,以免晕倒。

希望您早日康复!",-3
1,1,3,human,我这心脏不大好，之前检查医生说是永久性房颤，尤其新冠结束后我的心脏问题特别突出，是不是后遗症啊,134
1,1,3,model,"永久性房颤是一种心律失常,会导致心脏跳动不规则,容易出现头晕、心慌、胸闷等症状。如果您的心脏问题严重,建议您尽快就医,进行相关检查和治疗。同时,您可以采取以下措施缓解症状:

1. 保持室内空气流通,避免空气污染;
2. 适当运动,增强身体免疫力;
3. 保持健康的生活方式,合理饮食、充足睡眠、避免熬夜等;
4. 避免突然站起来或起床,以免晕倒。

希望您早日康复!",-3
1,1,3,human,那我的头晕到底是咋回事啊，万一哪天摔倒没人注意我可咋办，我还有老伴要照顾,102
1,1,3,model,"头晕的原因有很多,可能是由于血压过低或供血不足引起的,也可能是由于其他原因引起的,如颈椎病、内耳疾病、贫血等。建议您尽快就医,进行相关检查和治疗。同时,您可以采取以下措施缓解症状:

1. 保持室内空气流通,避免空气污染;
2. 适当运动,增强身体免疫力;
3. 保持健康的生活方式,合理饮食、充足睡眠、避免熬夜等;
4. 避免突然站起来或起床,以免晕倒。

如果您在摔倒时出现了头晕症状,建议您立即就医,进行检查和治疗,以确定病因并采取相应治疗措施。同时,您可以采取以下措施缓解症状:

1. 保持室内空气流通,避免空气污染;
2. 适当运动,增强身体免疫力;
3. 保持健康的生活方式,合理饮食、充足睡眠、避免熬夜等;
4. 避免突然站起来或起床,以免晕倒。

希望您早日康复!",0
1,1,3,human,我这需要进行什么治疗呢,72
1,1,3,model,"头晕的症状可能是由多种原因引起的,建议您尽快就医进行检查和治疗,以确定病因并采取相应治疗措施。同时,您可以采取以下措施缓解症状:

1. 保持室内空气流通,避免空气污染;
2. 适当运动,增强身体免疫力;
3. 保持健康的生活方式,合理饮食、充足睡眠、避免熬夜等;
4. 避免突然站起来或起床,以免晕倒。

希望您早日康复!",-3
1,1,3,human,去医院做些啥检查，MRI听别人讲查的挺全面的，他能查出啥吗,84
1,1,3,model,"MRI是一种医学检查方法,可以检查出许多疾病,包括心脏病、脑血管疾病、糖尿病、中风等。MRI检查可以帮助医生了解您的心脏、脑血管、神经、肌肉等器官的情况,从而确定病因并采取相应治疗措施。建议您尽快就医,进行相关检查和治疗。",-4
1,1,3,human,我的症状是眩晕症吗,38
1,1,3,model,"是的,您的症状可能是眩晕症,也称为“头晕”或“眩晕症”。眩晕症是由于内耳、中枢神经系统、血液循环系统等方面的问题引起的。建议您尽快就医,进行相关检查和治疗。同时,您可以采取以下措施缓解症状:

1. 保持室内空气流通,避免空气污染;
2. 适当运动,增强身体免疫力;
3. 保持健康的生活方式,合理饮食、充足睡眠、避免熬夜等;
4. 避免突然站起来或起床,以免晕倒。

希望您早日康复!",-2
1,1,3,human,后期治疗效果怎么样,40
1,1,3,model,"好的,祝您早日康复!",-6
1,1,3,human,谢谢医生,28
1,1,3,model,"好的,祝您早日康复!",-6
