﻿4,1,27,human,怀孕21周，心源性晕厥想进一步治疗,46
4,1,27,model,"心源性晕厥是一种比较罕见的情况,它通常是由于心脏疾病引起的。如果您在怀孕期间出现心源性晕厥,建议立即就医。

如果您已经在21周中经历了心源性晕厥,建议您立即前往医院急诊或就诊,以便医生进行进一步的评估和治疗。在等待就医的过程中,您可以让患者躺下,保持安静,避免过度活动,并注意观察患者的症状,如头晕、恶心、呕吐等。

此外,您可以向医生咨询是否需要进行心电图检查,以确定是否存在心脏疾病。在孕期,由于身体的变化和生理变化,一些药物和治疗方法可能会对孕妇和胎儿产生不良影响,因此最好在医生的指导下进行治疗。",-2
4,1,27,human,近期出现心脏不适，晕厥时我觉得心脏加速,38
4,1,27,model,"非常抱歉听到您出现了这种情况。如果您已经被确诊为心源性晕厥,建议您立即前往医院就诊,以便医生进行进一步的评估和治疗。在等待就医的过程中,您可以让患者躺下,保持安静,避免过度活动,并注意观察患者的症状,如头晕、恶心、呕吐等。

在孕期,由于身体的变化和生理变化,一些药物和治疗方法可能会对孕妇和胎儿产生不良影响,因此最好在医生的指导下进行治疗。您可以向医生咨询是否需要进行心电图检查,以确定是否存在心脏疾病。

总之,您需要立即就医,以便医生进行进一步的评估和治疗。同时,您也需要注意休息和保持心情愉悦,以促进身体的恢复和健康。",-2
4,1,27,human,我可以做哪些检查,12
4,1,27,model,"如果您已经被确诊为心源性晕厥,那么您需要前往医院急诊或就诊,以便医生进行进一步的评估和治疗。在等待就医的过程中,您可以让患者躺下,保持安静,避免过度活动,并注意观察患者的症状,如头晕、恶心、呕吐等。

在孕期,由于身体的变化和生理变化,一些药物和治疗方法可能会对孕妇和胎儿产生不良影响,因此最好在医生的指导下进行治疗。您可以向医生咨询是否需要进行心电图检查,以确定是否存在心脏疾病。

此外,您也需要注意休息和保持心情愉悦,以促进身体的恢复和健康。同时,在孕期,由于身体的变化和生理变化,一些药物和治疗方法可能会对孕妇和胎儿产生不良影响,因此最好在医生的指导下进行治疗。",-2
4,1,27,human,检查会对胎儿产生影响吗,20
4,1,27,model,"您好,心电图检查本身不会对孕妇和胎儿产生不良影响。但是,如果您在孕期有严重的心脏疾病,医生可能会建议进行心电图检查以确定是否存在心脏疾病。此外,孕妇在孕期需要接受特殊的医学检查和治疗,以保障母婴的健康。

因此,如果您在孕期出现心源性晕厥,建议及时就医,以便医生进行进一步的评估和治疗。同时,您也需要注意休息和保持心情愉悦,以促进身体的恢复和健康。",-3
4,1,27,human,x线对胎儿是否不利，造成那些影响,42
4,1,27,model,"X线对胎儿的影响主要受到辐射剂量和辐射频率的影响。如果孕妇接受X光检查,可能会对胎儿产生不良影响,如新生儿出生缺陷、智力低下、神经系统发育不良等。因此,孕妇在接受X光检查时,应尽量避免接受高辐射剂量的X光检查,并严格遵守医生的建议。同时,孕妇在进行X光检查前,应该告知医生自己的孕期情况,以便医生能够更好地进行诊断和治疗。",-3
4,1,27,human,关于心源性晕厥可以做的检查,26
4,1,27,model,"您好,心源性晕厥是一种罕见的症状,它通常由于心脏疾病引起,但也可能是其他原因引起的。在孕期出现心源性晕厥,建议及时就医,以便医生进行进一步的评估和治疗。

关于心电图检查,目前并没有确凿的证据表明心电图检查会对胎儿产生不良影响。但是,如果孕妇接受高辐射剂量的X光检查,可能会对胎儿产生不良影响,因此孕妇接受X光检查时,应尽量避免接受高辐射剂量的X光检查,并严格遵守医生的建议。同时,孕妇在进行X光检查前,应该告知医生自己的孕期情况,以便医生能够更好地进行诊断和治疗。

总之,孕期出现心源性晕厥,建议及时就医,以便医生进行进一步的评估和治疗。同时,您也需要注意休息和保持心情愉悦,以促进身体的恢复和健康。",0
4,1,27,human,以上的检查对胎儿会产生影响吧,35
4,1,27,model,"心源性晕厥是一种罕见的症状,它通常由于心脏疾病引起,但也可能是其他原因引起的。在孕期出现心源性晕厥,建议您及时就医,以便医生进行进一步的评估和治疗。

关于心电图检查,目前没有确凿的证据表明心电图检查会对胎儿产生不良影响。但是,如果孕妇接受高辐射剂量的X光检查,可能会对胎儿产生不良影响,因此孕妇接受X光检查时,应尽量避免接受高辐射剂量的X光检查,并严格遵守医生的建议。

此外,孕妇在进行X光检查前,应该告知医生自己的孕期情况,以便医生能够更好地进行诊断和治疗。同时,孕妇在进行X光检查前,应该保持良好的心情和心情愉悦,以促进身体的恢复和健康。",-1
4,1,27,human,射频消融治疗对孕妇的风险,43
4,1,27,model,"射频消融治疗是一种治疗心源性晕厥的方法,但需要在医生的指导下进行。在孕期,射频消融治疗可能会对胎儿产生不良影响,因此需要在医生的指导下进行。在孕期,射频消融治疗可能会对胎儿产生不良影响,因此需要在医生的指导下进行。

此外,射频消融治疗可能会对孕妇的身体产生不良影响,因此需要在医生的指导下进行。在孕期,射频消融治疗可能会对胎儿产生不良影响,因此需要在医生的指导下进行。

总之,在孕期出现心源性晕厥时,建议及时就医,以便医生进行进一步的评估和治疗。同时,孕妇在进行X光检查前,应该告知医生自己的孕期情况,以便医生能够更好地进行诊断和治疗。",-2
4,1,27,human,我不敢做检查，怕对孩子有影响,19
4,1,27,model,"您好,我理解您的担忧。在孕期出现心源性晕厥,确实需要及时就医,以便医生进行进一步的评估和治疗。同时,您还需要注意休息和保持心情愉悦,以促进身体的恢复和健康。

对于您的问题,我的回答如下:

1. 心电图检查本身并不会对胎儿产生不良影响。但是在孕期,心电图检查可能会对胎儿产生不良影响,因此需要在医生的指导下进行。在孕期,心电图检查可能会对胎儿产生不良影响,因此需要在医生的指导下进行。

2. 孕妇在进行X光检查前,应该告知医生自己的孕期情况,以便医生能够更好地进行诊断和治疗。在孕期,射频消融治疗可能会对胎儿产生不良影响,因此需要在医生的指导下进行。

3. 在孕期,孕妇在进行X光检查前,应该保持良好的心情和心情愉悦,以促进身体的恢复和健康。同时,孕妇在进行X光检查前,应该告知医生自己的孕期情况,以便医生能够更好地进行诊断和治疗。

4. 在孕期出现心源性晕厥,建议您及时就医,以便医生进行进一步的评估和治疗。同时,孕妇在治疗期间需要注意保持良好的心情和心情愉悦,以促进身体的恢复和健康。

5. 关于射频消融治疗,这是一种治疗心源性晕厥的方法,但需要在医生的指导下进行。在孕期,射频消融治疗可能会对胎儿产生不良影响,因此需要在医生的指导下进行。在孕期,射频消融治疗可能会对胎儿产生不良影响,因此需要在医生的指导下进行。",2
4,1,27,human,室上性心动过速可否进行保守治疗,41
4,1,27,model,"您好,室上性心动过速是一种心律失常,可以通过射频消融治疗进行保守治疗。在孕期,射频消融治疗可能会对胎儿产生不良影响,因此需要在医生的指导下进行。在孕期,射频消融治疗可能会对胎儿产生不良影响,因此需要在医生的指导下进行。

此外,孕妇在进行X光检查前,应该保持良好的心情和心情愉悦,以促进身体的恢复和健康。同时,孕妇在进行X光检查前,应该告知医生自己的孕期情况,以便医生能够更好地进行诊断和治疗。

总之,孕期出现心源性晕厥,建议您及时就医,以便医生进行进一步的评估和治疗。同时,孕妇在治疗期间需要注意保持良好的心情和心情愉悦,以促进身体的恢复和健康。",-1
