﻿5,3,36,human,孩子低头拿东西或者长时间站立就出现恶心头晕等症状,14
5,3,36,model,"您好，根据您描述的情况，孩子出现恶心头晕等症状，可能是因为颈椎出现了退行性改变，导致椎动脉受压。建议您带孩子到医院进行详细的检查，以确定病因并制定针对性的治疗方案。

在治疗方面，建议孩子注意休息，避免长时间低头或者长时间站立，同时可以适当进行颈部按摩和拉伸运动，缓解颈椎压力。另外，孩子的饮食要均衡，多摄入富含维生素和矿物质的食物，有助于改善症状。

如果孩子的症状严重，影响日常生活，可以考虑使用一些药物治疗，但需要在医生的指导下使用。同时，家长也要加强对孩子的关爱和照顾，避免过度疲劳和不良姿势引起的颈椎问题。

希望我的回答能对您有所帮助，祝您和孩子健康快乐！",-3
5,3,36,human,孩子早产，我孕期血糖有点高，会不会是导致孩子的病,5
5,3,36,model,"您好，早产儿出生时的体重通常比足月儿轻，这主要是由于胎儿在子宫内的发育受到了孕期营养和生长发育的影响。如果孕期血糖较高，可能会导致胎儿生长过大，进而导致早产。但是，糖尿病本身并不能直接导致胎儿出现病。

建议您及时就医，咨询医生关于早产儿的健康问题。医生会根据具体情况，进行全面的身体检查和必要的检测，以确定早产儿的病因，并制定相应的治疗方案。同时，您也可以注意饮食和生活习惯，保持良好的孕期状态，有助于减少早产的风险。

如果您还有其他疑问，请随时向医生咨询。祝您和宝宝健康！",-3
5,3,36,human,家族里没有类似病情不适遗传的吧,7
5,3,36,model,"您好，关于小儿先天性甲状腺功能低下症，它是一种常见的遗传性疾病，通常会在出生后几个月内出现症状。如果您家族里没有类似病情，那么遗传给孩子的风险应该是比较低的。但是，我们仍然建议您进行婚前体检，以确保您和您的伴侣都没有携带相关基因。

在婚前，双方应进行全面的身体检查，包括抽血化验TSH、T3、T4等相关指标。如果发现任何异常，医生会建议您在婚前咨询，并进行进一步的检查。在孕前，女性还需要进行超声检查、心电图、胸部平片等检查，以确保身体状况良好，能够顺利怀孕和生育。

如果您已经怀孕，建议您及时就医，进行产前检查和咨询，以了解胎儿的健康状况。同时，保持良好的生活习惯，注意饮食和营养，有助于胎儿的正常发育。如果您有任何疑问或需要进一步的帮助，请随时咨询医生。祝您和您的家人健康幸福！",-2
5,3,36,human,医生建议起搏器，这样对病情恢复有帮助吗,7
5,3,36,model,"您好，根据您的描述，起搏器是一种治疗心脏节律紊乱的医疗器械，对于一些心动过缓或心动过速的患者来说，可以帮助恢复正常的节律。但是，起搏器并不能治愈先天性甲状腺功能低下症，这种疾病需要综合治疗，包括药物治疗、饮食调理和定期复查等。

建议您积极配合医生的治疗，按时服药，定期复查，同时注意饮食营养，保持良好的生活习惯，这对于您的病情恢复有很大的帮助。如果您有任何疑问或需要进一步的帮助，请随时咨询医生。祝您早日康复！",-4
5,3,36,human,起搏器植入术后需要注意什么,8
5,3,36,model,"您好，起搏器植入术后的注意事项有以下几点：

1.术后24小时内，建议患者卧床休息，避免剧烈运动和过度劳累，以免影响手术效果。

2.术后需要定期到医院复查，以确保起搏器的正常运行，并及时发现并处理可能出现的并发症。

3.术后需要遵守医生的嘱咐，如避免感染、防止伤口感染、避免剧烈运动等。

4.术后需要注意观察起搏器的运行情况，如出现异常情况如过快或过慢的心跳、头晕等，应及时就医。

5.术后需要保持良好的心态，积极配合医生的治疗和护理，以促进恢复。

希望以上回答能对您有所帮助，如有其他问题，请随时向我咨询。祝您早日康复！",-2
5,3,36,human,术后可以带孩子坐飞机吗,3
5,3,36,model,"您好，起搏器植入手术后，建议您在孩子坐飞机前咨询医生的意见。通常情况下，起搏器植入手术对飞行并没有特殊要求。但是，如果您的起搏器需要依靠X光检查或植入导管，那么在飞行中可能会受到磁场或压力的影响，因此需要提前咨询医生。

此外，起搏器植入手术后需要遵守医生的嘱咐，按时服药，定期复查，并注意饮食营养，保持良好的生活习惯。如果出现任何不适症状，如胸闷、心悸、头晕等，应及时就医。

希望我的回答对您有所帮助，如有其他问题，请随时向我咨询。祝您和孩子健康！",-3
