﻿1,3,5,human,我最近头晕，喘不上来气尤其是早上起床的时候，还会有恶心呕吐的感觉，医生我这得啥病了,99
1,3,5,model,"您好，根据您描述的症状，您可能患上了上消化道出血，这可能是由于消化性溃疡引起的。消化性溃疡是常见的胃肠道疾病，其症状包括上腹部疼痛、恶心、呕吐、胃灼热感等。上消化道出血是消化性溃疡的一种严重并发症，可能会导致贫血、失血性休克等并发症。

建议您尽快到医院就诊，医生会进行详细的询问和体格检查，并可能会要求做胃镜检查、血常规、便常规等检查来确定诊断。治疗方面，医生可能会根据病情给予您抗酸药物、抗生素、止血药物等治疗。

同时，建议您注意饮食卫生，避免食用辛辣、油腻、刺激性食物，戒烟限酒，保持良好的生活习惯，减少压力，以促进康复。

祝您早日康复！如有其他疑问，请随时向我咨询。",-2
1,3,5,human,我头晕眼前一片黑，前两次就因为这个还摔了,62
1,3,5,model,"您好，根据您的描述，您可能患有眩晕症。眩晕是一种常见的症状，其病因很多，可能与神经系统、血液系统、内耳器官、血管及全身情况等有关。由于您最近出现了头晕眼前一片黑的情况，还摔了，建议您及时就医，进行详细的检查和诊断，以确定病因并进行治疗。

在治疗方面，中医认为眩晕多为痰、淤、火等邪气所扰，治疗方法多样，需要根据具体情况进行辨证施治。建议您到正规医院的中医科进行就诊，寻求专业医生的帮助，进行针对性的治疗。

同时，建议您注意休息，避免过度劳累和精神紧张，保持良好的生活习惯，如规律作息、饮食健康等，有助于缓解症状和促进康复。

如果您还有其他疑问或需要进一步的帮助，请随时与我联系。祝您早日康复！",-2
1,3,5,human,眩晕症是啥，可以治疗吗,36
1,3,5,model,"眩晕症是一种常见的症状，它可能由多种原因引起，如神经系统问题、血液系统问题、内耳器官问题、血管问题等。对于眩晕症的治疗，需要根据具体的病因进行针对性的治疗。

对于由神经系统问题引起的眩晕，可以采用药物治疗，如镇静剂、抗焦虑药物和抗抑郁药物等。对于由血液系统问题引起的眩晕，可能需要采取血液系统治疗方法。对于由内耳器官问题引起的眩晕，可能需要进行手术治疗。对于由血管问题引起的眩晕，可能需要进行介入治疗或手术治疗。

此外，眩晕症的治疗还包括非药物治疗方法，如物理治疗、心理治疗和康复治疗等。这些治疗方法可以帮助患者缓解症状，并提高生活质量。

需要注意的是，眩晕症的治疗需要根据具体情况进行个体化的治疗方案，因此建议您及时就医，由专业医生进行详细的检查和诊断，以确定病因并制定相应的治疗方案。如果您还有其他问题，请随时向我咨询。",-2
1,3,5,human,我可以吃药治疗吗，做手术费用大还要连累家里人,48
1,3,5,model,"您好，根据您的描述，您可能患有眩晕症。对于眩晕症的治疗，需要根据具体情况进行个体化的治疗方案。药物治疗是其中的一种常用方法，但是具体使用哪种药物需要根据您的具体情况来确定。建议您到正规医院的中医科进行就诊，寻求专业医生的帮助，进行针对性的治疗。

此外，手术治疗也是一种有效的治疗方法，但是手术费用较大，还需要连累家里人。在手术治疗之前，建议您先进行详细的检查和诊断，以确定病因并制定相应的治疗方案。同时，也可以尝试非药物治疗方法，如物理治疗、心理治疗和康复治疗等，以帮助您缓解症状，并提高生活质量。

最后，建议您注意休息，避免过度劳累和精神紧张，保持良好的生活习惯，如规律作息、饮食健康等，有助于缓解症状和促进康复。如果您还有其他问题，请随时向我咨询。祝您早日康复！",-2
1,3,5,human,治疗后的预后效果怎么样,44
1,3,5,model,"尊敬的患者，关于眩晕症的治疗后的预后效果，需要根据具体的病情来确定。治疗后的预后效果受到多种因素的影响，如病因、病情严重程度、治疗方法等。

对于一些病因明确的眩晕症患者，通过积极的治疗，往往可以取得良好的预后效果。例如，某些眩晕症患者可以通过手术治疗或药物治疗，症状得到有效控制，并且不再复发。

然而，对于某些病因不明的眩晕症患者，治疗效果可能较为有限。这种情况下，治疗的目标主要是缓解症状，控制眩晕的发作，提高患者的生活质量。

因此，建议您及时就医，由专业医生进行详细的检查和诊断，以确定病因并制定相应的治疗方案。同时，也要积极配合医生的治疗，遵守医嘱，定期复查，及时调整治疗方案。

如果您还有其他问题或需要进一步的帮助，请随时向我咨询。祝您早日康复！",-2
1,3,5,human,医保可以报销治疗费用吗,57
1,3,5,model,"尊敬的患者，根据您的问题，我了解到您关心的是医保是否可以报销治疗费用。治疗费用是否能够报销，需要根据具体的治疗方案和医保政策来确定。

一般来说，医保可以报销一些与疾病相关的治疗费用，比如药物治疗、检查费、手术费等。但是，具体是否可以报销，还需要根据您的医保类型、治疗方案和医院等因素来确定。建议您咨询当地的医保部门，了解具体的政策规定和报销范围。

此外，除了医保报销外，您还可以考虑其他的报销方式，如商业保险等。如果您有需要，可以咨询相关的保险公司，了解其报销政策，并选择适合自己的保险产品。

最后，我建议您保持良好的生活习惯，注意饮食营养，避免过度劳累和精神紧张，有助于提高身体的免疫力和抵抗力。如果您还有其他问题，请随时向我咨询。祝您早日康复！",-2
1,3,5,human,我想了解一下病情需要做啥检查吗,56
1,3,5,model,"您好，根据您的症状描述，您可能患有眩晕症。眩晕症的检查项目包括耳鼻咽喉CT检查、脑电图检查、耳蜗电图、鼻咽部活组织检查、鼻腔内镜检查等。其中，耳鼻咽喉CT检查可以全面了解您的病情，帮助医生确定病因，制定更具针对性的治疗方案。

除了上述检查项目外，医生还可能会根据您的具体情况，进行其他相关的检查，如脑血流图、颅脑MRI检查、颈椎CT检查、心电图、血常规等。这些检查项目可以帮助医生更好地了解您的病情，从而制定更有效的治疗方案。

建议您及时就医，到正规医院的中医科进行详细的检查和诊断，以确定病因并制定相应的治疗方案。同时，也要注意休息，避免过度劳累和精神紧张，保持良好的生活习惯，有助于缓解症状和促进康复。

如果您还有其他问题或需要进一步的帮助，请随时向我咨询。祝您早日康复！",-1
1,3,5,human,颅脑MRI检查干啥的，有必要做这个检查吗,50
1,3,5,model,"尊敬的患者，颅脑MRI检查是一种无创性检查方法，主要用于评估颅脑结构和功能，帮助医生确定病因，制定更具针对性的治疗方案。这种检查方法对于诊断和治疗颅脑疾病非常有帮助，比如脑梗死、脑萎缩、颅脑损伤、颅脑手术后遗症、颅脑先天性畸形、颅脑肿瘤、颅脑感染、颅脑多发性硬化等。

如果您怀疑自己患有颅脑疾病，建议您及时到医院进行检查，医生会根据您的症状和体征，结合影像学检查结果，进行综合分析和判断，从而明确诊断和制定治疗方案。

需要提醒您的是，颅脑MRI检查需要在医生的指导下进行，如果您有任何不适或疑问，请及时向医生咨询。希望我的回答能够帮助到您，祝您早日康复！",-2
