﻿5,2,39,human,孩子低头拿东西或者长时间站立就出现恶心头晕等症状,8
5,2,39,model,"您好，根据您描述的症状，孩子低头拿东西或长时间站立后出现恶心、头晕等症状，可能是由于多种原因引起的。其中一种可能是良性阵发性位置性眩晕，这种情况下，孩子在改变头部姿势时，会出现眩晕、恶心、呕吐等症状，通常持续数秒至数分钟。另外，孩子可能还存在其他疾病，如颈椎病、低血压等。

建议您带孩子到医院进行详细的检查，以明确病因。医生可能会建议进行颈部X线、头部CT或MRI等检查，以排除颈椎病等疾病。同时，孩子在日常生活中也需要注意保持正确的姿势，避免长时间低头或站立，以减少症状的发生。

希望我的回答能对您有所帮助，如有其他问题，请随时咨询。祝您和孩子健康！",-1
5,2,39,human,孩子早产，我孕期血糖有点高，会不会是导致孩子的病,4
5,2,39,model,"您好，早产和妊娠期糖尿病等因素可能会对孩子的健康产生一定的影响，但不一定是导致孩子的病的原因。

早产是指在孕期28周之前分娩，如果早产时间在孕期28周之后，孩子仍然可以健康成长。早产儿的神经系统发育较未足月儿更为脆弱，需要更加注意其营养和身体发育。妊娠期糖尿病是孕妇在孕期期间出现的一种糖尿病，如果血糖控制不好，可能会对孩子的生长和发育产生不良影响，但一般情况下不会导致孩子出现明显疾病。

因此，您孩子出现头晕、恶心等症状，需要进行详细的检查，以明确病因。医生可能会建议进行头颅CT、脑电图、颈椎X线、血生化等检查，以排除脑部疾病、颈椎病等因素。

同时，孕期糖尿病患者需要特别注意控制血糖，以减少对孩子的影响。建议您咨询医生，进行个体化治疗和管理，定期进行血糖检测和随访。

希望我的回答能对您有所帮助，如有其他问题，请随时咨询。祝您和孩子健康！",0
5,2,39,human,家族里没有类似病情不适遗传的吧,3
5,2,39,model,"您好，良性阵发性位置性眩晕是一种常见病，通常不是遗传性疾病，不会直接遗传给下一代。但是，有些疾病或药物可能会导致孩子出现类似症状，如头晕、恶心、呕吐等，这些疾病和药物可能会有遗传倾向，建议您注意孩子的饮食和生活习惯，避免接触可能引起不适的因素。

此外，如果孩子出现其他症状，如头痛、眼花、眩晕、意识障碍等，建议及时就医，以免延误治疗。医生可能会进行详细的检查和评估，以确定病因，并提供个性化的治疗方案。

最后，需要强调的是，如果孩子出现任何不适症状，包括但不限于头晕、恶心、呕吐等，建议及时就医，以便及早发现和治疗潜在的疾病。

希望我的回答能对您有所帮助，如有其他问题，请随时咨询。祝您和孩子健康！",-1
5,2,39,human,医生建议起搏器，这样对病情恢复有帮助吗,4
5,2,39,model,"良性阵发性位置性眩晕是一种常见病，通常不是遗传性疾病，不会直接遗传给下一代。但是，有些疾病或药物可能会导致孩子出现类似症状，如头晕、恶心、呕吐等，这些疾病和药物可能会有遗传倾向，建议您注意孩子的饮食和生活习惯，避免接触可能引起不适的因素。

对于良性阵发性位置性眩晕的治疗，医生可能会根据孩子的具体情况，进行个体化的评估和治疗方案。起搏器是一种常见的治疗方法，可以帮助恢复正常的脑电信号，以减轻症状。但是，是否需要起搏器治疗，需要根据孩子的具体情况来决定。

因此，建议您咨询医生，根据孩子的具体情况，进行个体化的评估和治疗方案制定，以便尽早发现和治疗潜在的疾病。

最后，需要强调的是，如果孩子出现任何不适症状，包括但不限于头晕、恶心、呕吐等，建议及时就医，以便及早发现和治疗潜在的疾病。

希望我的回答能对您有所帮助，如有其他问题，请随时咨询。祝您和孩子健康！",0
5,2,39,human,起搏器植入有完全恢复的可能吗,3
5,2,39,model,"起搏器是一种常见的治疗良性阵发性位置性眩晕的医疗设备，它可以通过植入大脑内的电极，帮助恢复正常的脑电信号，以减轻症状。对于是否能够完全恢复，需要根据孩子的具体情况来判断。

通常情况下，经过合适的治疗，良性阵发性位置性眩晕的症状可以得到改善和缓解。但是，对于一些病情严重的患者，如严重脑损伤、脑血管疾病等，起搏器治疗可能无法完全恢复患者的症状。

因此，建议您咨询医生，根据孩子的具体情况，进行个体化的评估和治疗方案制定，以便尽早发现和治疗潜在的疾病。同时，起搏器治疗需要长期进行，需要患者和家人的密切合作和配合，以保证治疗的有效性和安全性。

希望我的回答能对您有所帮助，如有其他问题，请随时咨询。祝您和孩子健康！",0
5,2,39,human,起搏器植入术后需要注意什么,3
5,2,39,model,"起搏器植入术后需要注意以下几点：

1. 注意安全：起搏器植入手术后，孩子需要保持安静，避免剧烈运动或剧烈活动，以免电极脱落或移位。

2. 定期检查：起搏器植入后，需要定期进行检查，以确保电极的正常功能和起搏器的正常工作。

3. 饮食：起搏器植入后，需要注意饮食，避免吃过于油腻、辛辣、刺激性的食物，以免刺激胃肠道和口腔。

4. 防止感染：起搏器植入后，需要避免感染，注意个人卫生，避免与感染源接触。

5. 避免剧烈运动：起搏器植入后，需要避免剧烈运动，如跑步、跳跃、登山等，以免对起搏器造成损伤或干扰。

6. 定期随访：起搏器植入后，需要定期进行随访，以确保电极的正常功能和起搏器的正常工作。

总之，起搏器植入后需要严格遵守医生的建议，注意安全，定期检查，饮食健康，避免剧烈运动，定期随访，以确保治疗的有效性和安全性。

希望我的回答能对您有所帮助，如有其他问题，请随时咨询。祝您和孩子健康！",2
5,2,39,human,术后可以带孩子坐飞机吗,4
5,2,39,model,"起搏器植入术后，孩子需要避免长时间的飞行，特别是乘坐颠簸和颠簸程度大的航班。在飞行过程中，起搏器可能会受到颠簸、气流、噪音等因素的干扰，导致心律不齐等不良反应。因此，建议孩子在飞行前咨询医生，根据医生的建议决定是否需要携带起搏器。

如果孩子需要乘坐飞机，建议选择相对平稳、环境安静的航班，避免在飞行前过度疲劳和饥饿，尽量保持愉悦的心情，以保证安全和舒适的飞行。

总之，起搏器植入后，孩子需要避免长时间的飞行，特别是乘坐颠簸和颠簸程度大的航班。在飞行前咨询医生，根据医生的建议决定是否需要携带起搏器，并注意避免飞行过程中产生的不良反应。

希望我的回答能对您有所帮助，如有其他问题，请随时咨询。祝您和孩子健康！",0
