﻿4,3,28,human,心源性晕厥来就诊，想进一步治疗,35
4,3,28,model,您好，根据您描述的情况，您可能是心源性晕厥患者。针对这种情况，我们可以采取药物治疗来帮助您缓解症状。一般情况下，我们会给您使用贝塔受体阻滞剂，如美托洛尔，来帮助控制心率，并使用硝酸酯类药物来扩血管，改善血液循环。此外，我们还会给您配备吸氧面罩，以备不时之需。如果症状严重，我们建议您进行动态心电图检查，以便及时发现心脏问题。同时，我们也建议您注意休息，避免过度劳累，保持心情愉快，避免情绪波动。如果您还有其他问题或疑虑，可以随时向我们咨询，我们会尽力为您提供帮助。祝您早日康复！,-3
4,3,28,human,曾经发生过两次晕厥，心脏不适,35
4,3,28,model,您好，根据您的描述，您曾经发生过两次晕厥，并且有心脏不适的症状。晕厥是一种常见的症状，可能与心脏有关，因此建议您进行相关检查以明确诊断。您所描述的心脏不适症状可能是心律失常引起的，因此建议您进行24小时动态心电图监测，以便及时发现心脏问题。同时，您可以考虑使用一些药物来帮助控制心率，如美托洛尔等。此外，建议您注意休息，避免过度劳累，保持心情愉快，避免情绪波动，这些都有助于改善您的症状。如果您有任何疑问或需要进一步的帮助，请随时与我们联系。祝您早日康复！,-1
4,3,28,human,目前确诊室上性心动过速有什么好的治疗方案,37
4,3,28,model,您好，室上性心动过速是一种心脏疾病，治疗方法因人而异。对于无器质性心脏病的患者，我们可以采取药物治疗来控制心动过速。常用的药物包括普罗帕酮、心动过缓的药物、钙通道阻滞剂和β受体阻滞剂等。对于有器质性心脏病的患者，我们可能需要采取手术治疗。手术治疗包括射频消融和冷冻消融等。在治疗过程中，我们还需要根据患者的具体情况制定个性化的治疗方案。如果您确诊了室上性心动过速，建议您及时就医，接受专业医生的诊断和治疗。如果您还有其他问题或需要更详细的解答，请随时向我提问。,-3
4,3,28,human,家族无相似病例,18
4,3,28,model,"您好，根据您提供的信息，如果您家中有直系亲属患有遗传性运动性晕厥，那么您也可能会患上这种疾病。但是，如果家族中没有相似病例，那么遗传性运动性晕厥的可能性较小。不过，如果您在晕厥发作时伴有心动过速，那么可能是阵发性心动过速，需要进一步检查明确诊断。

建议您进行一些检查，如心电图、动态心电图、颈动脉窦按摩试验、甲状腺功能检查等，以确定晕厥的原因。如果您需要进一步检查或治疗，建议您咨询专业医生的意见。同时，您可以注意一些生活习惯的调整，如避免过度劳累、保持充足的睡眠、饮食清淡等，以减少晕厥发作的次数。希望我的回答能对您有所帮助。",-3
4,3,28,human,心源性休克孕妇可进行的检查,41
4,3,28,model,孕妇进行心源性休克检查时，我们一般会根据患者的症状和体征来进行相关的检查。常用的检查包括脉搏检查、血压检查、心电图、胸部平片、多普勒超声心动图和血液检查等。这些检查可以帮助医生了解患者的心脏功能和病情，从而制定出更加科学的治疗方案。如果孕妇出现了心源性休克的症状，我们建议尽快就医，接受专业医生的诊断和治疗。同时，孕妇在日常生活中也需要注意休息，避免过度劳累，保持心情愉快，避免情绪波动，这些都有助于改善孕妇的心脏健康。如果您还有其他问题或需要更详细的解答，请随时向我提问。,-3
4,3,28,human,辐射会对胎儿产生影响吗,27
4,3,28,model,尊敬的患者，您好。辐射对胎儿的影响是一个备受关注的问题。一般来说，低剂量的辐射对胎儿的影响较小，而高剂量的辐射则可能会对胎儿造成不可逆的损伤。因此，在进行X光或CT检查时，医生会尽量避免在胎儿发育的关键时期进行检查。如果您计划怀孕或正在怀孕，建议您避免接受任何不必要的辐射，包括X光、CT和核磁共振等检查。如果您有任何疑虑或担忧，请及时咨询医生，他们会根据您的具体情况为您提供最专业的建议。希望我的回答能够帮助到您，祝您和宝宝健康！,-3
4,3,28,human,射频消融治疗对孕妇产生的影响,35
4,3,28,model,"尊敬的患者，射频消融治疗是一种常见的治疗心律失常的方法。对于孕妇来说，射频消融治疗可能会对身体产生一定的影响。在怀孕早期，胚胎器官形成和分化时期，即受精后2周至胎儿成型之前，尽量避免进行X线检查和介入治疗，以避免对胚胎产生不良影响。因此，在您怀孕期间，建议尽量避免进行射频消融治疗。

当然，在进行任何治疗之前，我们都会对您的身体状况进行全面评估，并根据具体情况制定个性化的治疗方案。如果您有任何疑虑或担忧，建议及时咨询医生，以便我们能够为您提供更加详细和专业的建议。祝您和宝宝健康！",-3
4,3,28,human,可否进行保守治疗,16
4,3,28,model,"尊敬的患者，根据您所描述的症状，我们建议您尽快就医，接受专业医生的诊断和治疗。保守治疗可能无法完全治愈您的病情，反而可能会延误治疗时机，导致病情加重。因此，我们建议您选择手术治疗，以便及时有效地解决问题。

在手术治疗前，医生会进行全面的身体检查和评估，以确定最适合您的手术方案。手术治疗的具体方法包括切除肿瘤、修复病变的血管、重建正常的血管结构和功能等。我们会根据您的具体情况制定个性化的治疗方案，并全程陪伴您度过手术过程，以确保手术的安全和顺利。

最后，我们建议您保持乐观的心态，积极配合医生的治疗，同时注意休息和饮食，加强身体的营养和抵抗力。如果您还有其他问题或疑虑，欢迎随时向我们咨询。祝您早日康复！",-2
