﻿3,2,22,human,我有心源性昏厥，想问一下治疗,38
3,2,22,model,您好，心源性晕厥是一种常见的脑部疾病，需要进行一系列的检查以明确诊断。首先，您需要进行心电图、脑电图、脑部CT或核磁共振等检查，以排除脑血管病等疾病。如果这些检查结果没有问题，我们还需要进行进一步的检查，如动脉血气分析、脑血流动力学检查等，以确定病因。治疗方案需要根据病因进行个体化治疗，包括药物治疗、手术治疗等。建议您及时就医，听从医生的建议进行治疗。如果您有任何疑问，请随时向医生咨询。祝您早日康复！,-2
3,2,22,human,昏厥的时候出现意识丧失,30
3,2,22,model,您好，根据您的描述，您可能患有心源性晕厥，这种情况在发作时会出现意识丧失的症状。心源性晕厥是由于脑部血液供应不足所引起的，可能是由于心律不齐、心衰、心肌梗死等原因导致心脏泵血能力下降，引起脑部缺氧和缺血，从而导致意识丧失。建议您及时就医，进行心电图、脑电图、脑部CT或核磁共振等检查，以明确诊断。治疗方案需要根据病因进行个体化治疗，包括药物治疗、手术治疗等。建议您积极治疗，避免病情加重。同时，您可以注意休息，避免过度劳累，保持良好的生活习惯和心态，有助于缓解症状和促进康复。如果您有任何疑问，请随时向医生咨询。祝您早日康复！,-1
3,2,22,human,心脏检查出室颤，有什么全面的治疗方案吗,39
3,2,22,model,您好，室颤是一种严重的心律失常，需要进行全面的治疗方案。治疗方案需要根据患者的具体情况而定，包括室颤的类型、发作频率、症状严重程度、并发症等。一般来说，治疗室颤的方法包括药物治疗、电复律、消融治疗和外科手术治疗等。药物治疗主要是通过抗心律失常药物来控制室颤的发作，如β受体阻滞剂、钙通道阻滞剂、胺碘酮等。电复律是通过电极将心脏的电信号恢复正常，从而终止室颤的发作。消融治疗是通过导管将激光、射频等能量源导入心脏，破坏心脏中的异常组织，从而恢复正常的心律。外科手术治疗则是通过切除心脏中的异常组织，如切除心房纤颤、心房扑动等。具体治疗方案需要根据患者的具体情况而定，建议您及时就医，听从医生的建议进行治疗。同时，您可以注意饮食、保持良好的心态和生活习惯，有助于缓解症状和促进康复。如果您有任何疑问，请随时向医生咨询。祝您早日康复！,0
3,2,22,human,心肌梗死在生活中应注意哪些方面,49
3,2,22,model,"您好，心肌梗死是一种严重的心血管疾病，需要我们在生活中注意以下几个方面：

1. 饮食：应注意饮食清淡，避免高脂、高盐、高糖等食物，多吃蔬菜、水果、粗粮等富含纤维素的食物。

2. 运动：适量运动可以促进血液循环，增强心肺功能，但应避免剧烈运动和过度劳累。

3. 情绪：保持心情愉快、避免过度紧张和焦虑，可以缓解症状。

4. 戒烟：烟草中的尼古丁等有害物质会对心脏造成损害，应尽量戒烟。

5. 定期检查：定期进行心电图、血脂、血压等检查，及时发现并治疗心血管疾病。

总之，心肌梗死是一种严重的心血管疾病，需要我们在生活中注意以上几个方面，保持健康的生活方式，有助于预防和治疗心血管疾病。同时，如果有任何不适症状，应及时就医，听从医生的建议进行治疗。祝您健康！",0
3,2,22,human,高血压，糖尿病等病情会加重我的心源性晕厥吗,60
3,2,22,model,"您好，高血压和糖尿病等病情本身不会直接导致心源性晕厥，但是这些疾病可能会对心源性晕厥的发作产生一定的影响。高血压和糖尿病等疾病可能会导致血管损伤和动脉硬化，增加心脑血管疾病的风险，从而导致心源性晕厥的发生。

因此，对于高血压和糖尿病等疾病的患者，需要定期进行心脑血管检查，如心电图、超声心动图、血脂、血糖等检查，及时发现和治疗心脑血管疾病，避免心源性晕厥的发生。

此外，对于患有高血压、糖尿病等疾病的患者，需要积极治疗，保持良好的生活习惯和心态，避免过度劳累、情绪波动等因素，有助于预防和减少心源性晕厥的发生。

最后，如果您有任何疑问或不适症状，应及时就医，听从医生的建议进行治疗。祝您健康！",0
3,2,22,human,关于我的疾病有没有好的治疗方案,33
3,2,22,model,"针对您的心源性晕厥，具体治疗方案需要根据病因进行个体化治疗，包括药物治疗、手术治疗等。具体治疗方案需要根据您的病情和检查结果进行个体化制定，建议您到医院就诊，接受专业医生的诊断和治疗。

在治疗过程中，您需要注意以下几点：

1. 避免过度劳累，保持良好的心态和饮食习惯，有助于缓解症状和促进康复。

2. 定期进行心电图、超声心动图等检查，及时发现和处理心脑血管疾病。

3. 根据医生的建议进行治疗，如药物治疗、手术治疗等。

4. 在治疗过程中，如出现不适症状，应及时就医，听从医生的建议进行调整。

总之，心源性晕厥是一种严重的疾病，需要进行个体化治疗，需要您积极配合治疗，保持良好的生活习惯和心态，有助于缓解症状和促进康复。祝您早日康复！",0
3,2,22,human,ICD是什么,21
3,2,22,model,"ICD是InterCardioDevice的缩写，中文名称为心导管治疗技术，是通过导管技术将药物、电生理和机械器械等介入到血管内，以达到治疗心律失常、心脏传导系统疾病等目的的技术。ICD是目前国际上治疗心律失常的常用方法之一，对于治疗心源性晕厥、心房颤动等疾病具有一定的疗效。

ICD治疗需要在医院进行，具体操作需要由专业的心血管医生进行。在ICD治疗过程中，需要对患者进行全面的评估，包括心电图、超声心动图等检查，以确定治疗方案和定位导管的位置。导管的类型、数量和位置需要根据患者的具体情况进行个体化制定，以达到最佳的治疗效果。

总的来说，ICD治疗是治疗心源性晕厥等疾病的一种有效方法，但需要在专业医生的指导下进行，同时需要患者积极配合治疗，保持良好的生活习惯和心态，有助于缓解症状和促进康复。如果您有任何疑问，建议您咨询医生。祝您早日康复！",0
3,2,22,human,ICD有什么风险,16
3,2,22,model,"ICD治疗是一种介入性治疗方法，存在一些风险，包括：

1. 感染：导管和器械在穿刺和置入过程中可能会感染，导致局部炎症和感染。

2. 出血：导管和器械在穿刺和置入过程中可能会出现出血，导致出血性休克等严重后果。

3. 导管定位不准确：导管的位置和数量需要根据患者具体情况进行个体化制定，如果导管位置不准确，可能会导致治疗效果不佳。

4. 导管脱落：导管在体内留置时间过长，导管可能会脱落，导致治疗效果不佳。

5. 导管断裂：导管在体内留置时间过长，导管可能会断裂，导致治疗效果不佳。

6. 机械器械故障：机械器械在使用过程中可能会出现故障，导致治疗效果不佳。

7. 其他并发症：ICD治疗还可能出现其他并发症，如心律失常、心肌梗死等。

因此，ICD治疗需要在专业医生的指导下进行，患者需要积极配合治疗，避免不良的治疗行为，如过度劳累、饮食不当等，以减少风险和提高治疗效果。同时，在治疗过程中，如出现不适症状，应及时就医，听从医生的建议进行调整。

总之，ICD治疗是一种有效的方法，但需要在专业医生的指导下进行，患者需要积极配合治疗，并注意安全和健康。如果您有任何疑问，建议您咨询医生。祝您早日康复！",3
3,2,22,human,室颤是否可进行保守治疗,23
3,2,22,model,"室颤是一种心律失常，通常需要进行紧急治疗，包括电复律、除颤、药物治疗等。对于轻度、短期的室颤，可以采用保守治疗，如改变生活方式、药物治疗等。

在保守治疗方面，可以采取以下措施：

1. 改变生活方式：控制高血压、高血脂、糖尿病等慢性疾病，戒烟限酒，保持良好的心态和情绪，避免过度劳累等因素，有助于预防和减轻室颤的发生。

2. 药物治疗：可以使用β受体阻滞剂、钙通道阻滞剂等药物，以减慢心率和降低心肌收缩力，减少室颤的发生和复发。

3. 电生理治疗：可以通过导管技术将电极贴附在心肌上，刺激电极释放电流，使心肌恢复正常节律。

4. 手术治疗：对于复杂的室颤病例，如反复发作性室颤、药物治疗无效等，可以考虑手术治疗，如心房射频消融、心肌切除等。

需要注意的是，对于严重、频繁的室颤病例，仍需要进行紧急治疗，如电复律、除颤等，以避免出现严重后果。同时，保守治疗需要在专业医生的指导下进行，患者需要积极配合治疗，并注意安全和健康。

总之，室颤的治疗需要根据具体情况进行个体化制定，可以采用保守治疗，如改变生活方式、药物治疗等，但对于严重、频繁的室颤病例，仍需要进行紧急治疗。患者需要积极配合治疗，并注意安全和健康。如果您有任何疑问，建议您咨询医生。祝您早日康复！",4
