﻿2,3,15,human,头晕入院想确诊一下病因,23
2,3,15,model,您好，根据您的描述，您出现了头晕的症状，需要进一步检查以明确病因。头晕可能是由多种原因引起的，包括心脑血管系统、神经系统和内分泌系统等。建议您先进行一些常规检查，如血常规、血压、血糖、血脂等检查，以了解您的身体状况。如果需要进一步检查，可以考虑进行头部CT或MRI等影像学检查。同时，建议您注意休息，保持良好的生活习惯，避免过度劳累和精神紧张等因素的影响。如果症状持续或加重，请及时就医，以便及早诊治。祝您早日康复！,-4
2,3,15,human,我有过两次摔倒的经历,31
2,3,15,model,尊敬的患者，您好。根据您的描述，您有过两次摔倒的经历，这种情况需要引起重视。摔倒可能会导致头部外伤，进而引发头晕的症状。建议您及时到医院进行检查，以明确病因。在检查之前，您可以注意观察自己的症状，记录下每次摔倒的时间、地点和症状表现，这些信息对于医生来说非常有帮助。同时，建议您避免在家中进行高风险的活动，如滑倒、绊倒等，保持室内外环境的整洁和安全。如果出现任何不适症状，请及时就医，以便及早诊治。祝您早日康复！,-4
2,3,15,human,还出现了恶心失眠的情况，我很是担心,37
2,3,15,model,您好，根据您的描述，您出现了恶心和失眠的情况，这可能与您的精神状态有关。如果您感到心情紧张、焦虑或抑郁，可能会导致恶心和失眠等症状。建议您及时寻求心理医生的帮助，进行心理疏导和治疗。同时，您可以尝试一些放松的方法，如深呼吸、冥想、瑜伽等，帮助您缓解压力和焦虑。如果症状持续或加重，请及时就医，以便及早诊治。另外，您提到出现了头晕的症状，这可能与您的身体状况有关，建议您进行全面的身体检查，以明确病因。如果您有其他疑问或需要更多帮助，请随时与我们联系。祝您早日康复！,-3
2,3,15,human,失眠偶尔我吃思诺思去助眠,22
2,3,15,model,"您好，根据您的描述，您偶尔使用思诺思去助眠。首先，我需要强调的是，药物只能是辅助治疗失眠的一种手段，长期依赖药物可能会导致依赖和副作用。因此，我们建议您采取一些非药物治疗方法，如保持规律的作息时间、避免饮酒、咖啡和茶等刺激性食物和饮料、进行适量的运动等。此外，您还可以尝试一些放松的方法，如深呼吸、冥想、瑜伽等，帮助您放松身心，缓解压力和焦虑。

关于思诺思去助眠，它是一种含有阿普唑仑和甲紫的药物，常用于短期治疗失眠。但是，长期使用可能会导致依赖和副作用。因此，我们建议您不要长期依赖药物，而是采取一些非药物治疗方法来改善睡眠质量。如果您需要药物治疗失眠，我们建议您在医生的指导下使用药物，以避免不必要的风险。

最后，如果您还有其他问题或需要更多帮助，请随时与我们联系。祝您早日康复！",-2
2,3,15,human,我的工作压力大，经常会有胃胀气,29
2,3,15,model,您好，根据您的描述，您经常感到胃胀气，这可能与您的饮食习惯和工作压力有关。建议您在饮食上注意避免食用过于精细和富含脂肪的食物，同时加强运动锻炼，增强体质。此外，您可以尝试一些缓解胃胀气的方法，如按摩腹部、喝一些生姜蜂蜜水、进行适量的运动等。如果您的症状持续或加重，请及时就医，以便及早诊治。同时，我们也建议您定期进行体检，以及注意心理健康，避免压力过大对身体造成不良影响。如果您还有其他问题或需要更多帮助，请随时与我们联系。祝您身体健康！,-3
2,3,15,human,我想了解一下病因,19
2,3,15,model,"尊敬的患者，胃胀气的病因是多种多样的。常见的原因包括饮食不当、肠胃功能紊乱、压力过大等。饮食方面，过食辛辣、油腻、生冷食物等都会刺激胃肠道，导致胃胀气。此外，肠胃功能紊乱也会引起胃胀气，例如消化不良、肠胃动力不足等。而压力过大也会导致胃胀气的发生，因为压力会刺激神经中枢，影响肠胃的正常蠕动和消化功能。

为了缓解胃胀气的症状，您可以尝试一些方法，如避免食用辛辣、油腻、生冷食物，多吃蔬菜水果，保持饮食均衡，避免过度饮食或暴饮暴食，注意休息和放松，避免过度劳累和压力过大等。如果您的症状持续或加重，请及时就医，以便及早诊治。谢谢！",-2
2,3,15,human,有什么治疗建议,18
2,3,15,model,"您好，针对胃胀气的治疗建议，我建议您采取以下措施：

1. 饮食方面，避免食用辛辣、油腻、生冷食物，多吃蔬菜水果，保持饮食均衡，避免过度饮食或暴饮暴食。

2. 肠胃功能紊乱方面，可以尝试一些缓解胃胀气的方法，如按摩腹部、喝一些生姜蜂蜜水、进行适量的运动等。

3. 压力过大也会导致胃胀气的发生，因此，我们建议您注意心理健康，避免压力过大对身体造成不良影响。

如果您的症状持续或加重，请及时就医，以便及早诊治。医生会根据您的具体情况，制定相应的治疗方案，帮助您缓解症状，恢复健康。

希望我的回答能对您有所帮助，如果您还有其他问题或需要更多帮助，请随时与我们联系。祝您早日康复！",-2
