﻿4,1,26,human,心源性晕厥的孕妇应注意些什么,4
4,1,26,model,"心源性晕厥是由于心脏功能异常导致的晕厥症状。孕妇如果出现了心源性晕厥的症状,应该注意以下几点:

1. 休息:如果孕妇出现心源性晕厥的症状,应该尽量避免运动和体力活动,保持安静,休息。

2. 控制血压:孕妇的血压应该控制在正常范围内,避免血压过高或过低。

3. 注意饮食:孕妇应该保持饮食健康,多吃蔬菜、水果和全谷类食物,避免食用过多的盐和高脂肪食物。

4. 定期检查:孕妇应该定期进行产前检查,及时发现问题并进行治疗。

5. 遵医嘱治疗:孕妇应该在医生的指导下进行治疗,以控制病情,减少对胎儿的影响。

总之,孕妇如果出现心源性晕厥的症状,应该及时就医,遵循医生的建议进行治疗,同时保持良好的心态和健康的生活方式。",-1
4,1,26,human,我怀孕21w，曾经发生过摔倒,37
4,1,26,model,"孕妇摔倒后应该立即就医,以确保孕妇的安全。对于心源性晕厥,孕妇应该遵循医生的建议进行治疗,同时保持良好的心态和健康的生活方式。此外,孕妇应该定期进行产前检查,及时发现问题并进行治疗,以控制病情,减少对胎儿的影响。",-5
4,1,26,human,晕厥后出现意识模糊，尿失禁的情况,29
4,1,26,model,"孕妇摔倒后出现意识模糊、尿失禁的情况,应该及时就医,以确保孕妇的安全。如果出现严重的症状,应立即就医,并遵循医生的建议进行治疗。

此外,孕妇应该定期进行产前检查,及时发现问题并进行治疗,以控制病情,减少对胎儿的影响。同时,孕妇应该保持良好的生活习惯,如合理饮食、适量运动、保持良好的心态等,以促进胎儿健康发育。",-4
4,1,26,human,我想进一步去治疗心源性晕厥，需要做什么检查,32
4,1,26,model,"孕妇需要进行心源性晕厥的相关检查,具体检查项目需要根据孕妇的具体情况来定。一般来说,需要进行心电图、心脏彩超、心电图等检查,以了解孕妇心脏功能情况,评估病情严重程度,制定治疗方案。此外,还需要进行血压、血糖、血脂等方面的检查,以评估孕妇的身体状况。

总之,孕妇在孕期应该定期进行产前检查,及时发现问题并进行治疗,同时保持良好的心态和健康的生活方式,以促进胎儿的健康发育。",-3
4,1,26,human,我有室上性心动过速，妊娠高血压在妊娠期需要注意哪些,57
4,1,26,model,"孕妇如果出现心源性晕厥的症状,应该注意以下几点:

1. 休息:孕妇应该尽量避免运动和体力活动,保持安静,休息。

2. 控制血压:孕妇的血压应该控制在正常范围内,避免血压过高或过低。

3. 注意饮食:孕妇应该保持饮食健康,多吃蔬菜、水果和全谷类食物,避免食用过多的盐和高脂肪食物。

4. 定期检查:孕妇应该定期进行产前检查,及时发现问题并进行治疗,以控制病情,减少对胎儿的影响。

5. 遵医嘱治疗:孕妇应该在医生的指导下进行治疗,以控制病情,减少对胎儿的影响。同时,孕妇应该保持良好的生活习惯,如合理饮食、适量运动、保持良好的心态等,以促进胎儿健康发育。",-1
4,1,26,human,室上性心动过速该如何治疗,24
4,1,26,model,"室上性心动过速是指心脏的窦房结节律异常,导致心室节律异常,出现阵发性心动过速。治疗室上性心动过速的方法包括药物治疗、手术治疗和介入治疗等。具体治疗方法需要根据孕妇的具体情况来定。一般来说,药物治疗是最常用的方法,但药物治疗也有一定的风险,需要根据孕妇的具体情况来定。手术治疗主要是针对室上性心动过速严重的情况,需要慎重考虑。介入治疗则是通过导管技术将药物或射频消融等方法直接作用于心脏,达到治疗的效果。

此外,孕妇应该保持良好的生活习惯,如合理饮食、适量运动、保持良好的心态等,以促进胎儿的健康发育。同时,孕妇应该定期进行产前检查,及时发现问题并进行治疗,以控制病情,减少对胎儿的影响。",-1
4,1,26,human,心脏电生理检查对宝宝有什么影响，我想要宝宝健健康康的,52
4,1,26,model,"心脏电生理检查是一种常见的心脏检查方法,主要用于检查心脏结构和功能,以了解孕妇的心脏功能情况,评估孕妇的病情严重程度,制定治疗方案。

一般来说,心脏电生理检查对孕妇和胎儿都有一定的影响,但具体影响需要根据孕妇的具体情况来定。一般来说,孕妇在进行心脏电生理检查时需要注意以下事项:

1. 孕妇应该尽量避免运动和体力活动,保持安静,休息。

2. 孕妇应该保持饮食健康,多吃蔬菜、水果和全谷类食物,避免食用过多的盐和高脂肪食物。

3. 孕妇应该定期进行产前检查,及时发现问题并进行治疗,以控制病情,减少对胎儿的影响。

4. 孕妇应该保持良好的生活习惯,如合理饮食、适量运动、保持良好的心态等,以促进胎儿的健康发育。

5. 孕妇应该定期进行产前检查,及时发现问题并进行治疗,以控制病情,减少对胎儿的影响。

总之,孕妇在进行心脏电生理检查时需要注意避免对胎儿的影响,同时保持良好的生活习惯,以促进胎儿的健康发育。",0
4,1,26,human,射频消融治疗是什么,30
4,1,26,model,"射频消融是一种治疗心源性晕厥的方法,通过导管技术将药物或射频消融等方法直接作用于心脏,达到治疗的效果。手术前需要进行全面的检查,确定是否适合进行手术。手术过程中需要使用导管或射频针进行手术,手术过程需要在医院内进行,手术后需要注意休息,避免剧烈运动和劳累。

需要注意的是,手术风险较高,需要慎重考虑。手术前后需要定期复查,观察手术效果和孕妇的身体状况。同时,手术后也需要保持良好的生活习惯,以促进胎儿的健康发育。

总的来说,孕妇在进行心脏电生理检查时需要注意避免对胎儿的影响,同时保持良好的生活习惯,以促进胎儿的健康发育。同时,孕妇应该定期进行产前检查,及时发现问题并进行治疗,以控制病情,减少对胎儿的影响。",1
4,1,26,human,射频消融治疗的风险,13
4,1,26,model,"射频消融是一种手术治疗方法,但也有一定的风险和副作用。在手术前,需要进行全面的检查,确定是否适合进行手术,手术过程中需要使用导管或射频针进行手术,手术过程需要在医院内进行,手术后需要定期复查,观察手术效果和孕妇的身体状况,以控制病情,减少对胎儿的影响。

此外,孕妇在进行心脏电生理检查时需要注意避免对胎儿的影响,同时保持良好的生活习惯,如合理饮食、适量运动、保持良好的心态等,以促进胎儿的健康发育。

最后,孕妇应该在医生的指导下进行治疗,以控制病情,减少对胎儿的影响。同时,孕妇应该定期进行产前检查,及时发现问题并进行治疗,以控制病情,减少对胎儿的影响。",-2
