﻿1,1,6,human,医生我最近头晕症状比较严重，可以问一下什么原因,49
1,1,6,model,"头晕是一种常见的症状,可能由多种原因引起,例如低血压、贫血、内耳问题、颈椎病等。如果您的头晕症状比较严重,建议您及时咨询医生,进行相关检查和治疗。同时,您可以注意饮食,保证充足的睡眠,避免过度劳累和精神压力,保持良好的生活习惯,有助于缓解头晕症状。",-4
1,1,6,human,我除了头晕近期还有些耳鸣,63
1,1,6,model,"耳鸣是指听到声音,但听力正常的一种症状。耳鸣的原因很多,可能与耳部疾病、内耳问题、颈椎病、高血压、贫血等有关。如果您的耳鸣症状比较严重,建议您及时咨询医生,进行相关检查和治疗。同时,您可以注意饮食,保证充足的睡眠,避免过度劳累和精神压力,保持良好的生活习惯,有助于缓解头晕症状。",-4
1,1,6,human,这两天买菜拿点重的东西或者上个楼就感觉胸闷,88
1,1,6,model,"您好,您的症状可能与低血压有关。低血压是指血压过低,导致血液循环不畅,引起头晕、胸闷等症状。建议您及时咨询医生,进行相关检查和治疗。同时,您可以适当进行一些轻度运动,如散步、慢跑等,有助于促进血液循环,缓解头晕症状。另外,保持良好的生活习惯,如合理饮食、充足睡眠、避免过度劳累和精神压力等,也有助于缓解头晕症状。",-4
1,1,6,human,我有高血压史，一直在吃药，高血脂吃药，近期停药了,126
1,1,6,model,"您好,高血压和高血脂都是高血压和高血脂的常见病因之一。停药后,您需要定期检测血压和血脂水平,以了解病情的变化。建议您平时要注意饮食健康,避免高盐、高脂、高糖等不健康的饮食习惯,保持适量的运动和健康的生活方式。如果头晕症状加重或持续存在,建议您及时就医,接受专业治疗。",-4
1,1,6,human,我晕倒的时候还有感觉，意识在的，这次想到医院确诊一下病情,73
1,1,6,model,"您好,如果您的晕厥症状比较严重,建议您及时就医,接受专业治疗。您可以咨询医生,进行相关检查和治疗。同时,您可以注意饮食健康,保证充足的睡眠,避免过度劳累和精神压力,保持良好的生活习惯,有助于缓解头晕症状。",-5
1,1,6,human,我需要做什么检查,21
1,1,6,model,"如果您的晕厥症状比较严重,建议您及时就医,接受专业治疗。您可以咨询医生,进行相关检查和治疗。

针对您的头晕症状,您可以进行以下检查:

1. 血压测量:通过测量您的血压和心率,以确定您的血压是否稳定。

2. 血常规检查:可以检查您体内的血液成分,以了解您的贫血程度。

3. 心电图检查:可以检查您心脏的电活动,以了解您的心脏状况。

4. 脑部CT或MRI检查:可以检查您的脑部情况,以确定您的头晕症状的原因。

5. 颈椎X线检查:可以检查您的颈椎情况,以排除颈椎病引起的头晕症状。

6. 血糖、血脂检查:可以检查您的血糖和血脂水平,以排除糖尿病和高血脂引起的头晕症状。

7. 头晕症状的详细询问:您可以详细描述您的症状,包括头晕的特点、持续时间、发生时间、伴随症状等,以便医生做出更准确的诊断和治疗方案。",0
1,1,6,human,脑部CT或MRI检查费用是不是很大,21
1,1,6,model,"好的,祝您早日康复!",-6
1,1,6,human,后期治疗怎么样，我想通过药物，不想手术，担心连累家人,45
1,1,6,model,"好的,祝您早日康复!",-6
