﻿2,2,11,human,医生我最近头晕症状严重影响我的生活了，这次想确定一下病因,119
2,2,11,model,您好，头晕是一种常见的症状，可能由多种疾病引起。首先，您需要进行一些检查以确定病因。建议您进行血压、血糖、血脂等常规检查，以及心电图、头颈血管彩超等检查。这些检查可以帮助医生了解您的身体状况，进一步确定病因。同时，您需要注意休息，避免过度劳累，保持良好的生活习惯，如规律作息、饮食健康等。如果您的头晕症状持续或加重，请及时就医，以便及早治疗。希望您早日康复。,-3
2,2,11,human,我这家里有老人和孩子要照顾，压力很大的，作息啊也没有办法保证,100
2,2,11,model,非常理解您的情况，照顾老人和孩子确实是一件非常辛苦的事情。如果您的头晕症状严重影响了生活，建议您及时就医，寻求专业医生的帮助。医生可以根据您的症状和检查结果，制定个性化的治疗方案，帮助您缓解症状，恢复健康。同时，您也可以尝试一些自我调节的方法，如保持良好的作息习惯、适当的运动、饮食调理等，以减轻压力和疲劳。希望您能够尽快恢复健康，祝您和家人身体健康，一切顺利。,-3
2,2,11,human,近期头晕发作后会出现恶心，晚上失眠睡不好,52
2,2,11,model,您好，根据您的症状描述，恶心和失眠可能是头晕发作后的常见症状之一。这些症状可能与多种疾病有关，包括颅内疾病、内科疾病、神经系统疾病等。建议您及时就医，进行全面的身体检查和相关检查，以确定病因，并进行针对性治疗。同时，您可以注意饮食健康，避免过度劳累，保持良好的心态和情绪，有助于缓解症状。如果您有其他问题或疑虑，可以随时向医生咨询，祝您早日康复。,-3
2,2,11,human,我有吃过安眠药思诺思，吃完可入睡,72
2,2,11,model,安眠药思诺思是一种镇静催眠药物，可以帮助入睡，但长期使用可能会产生依赖性和其他不良反应。因此，建议您不要长期使用，并咨询医生的建议。另外，失眠可能与多种因素有关，如睡眠环境、生活习惯、心理压力等。您可以尝试一些改善睡眠质量的方法，如保持规律的作息时间、避免饮酒和咖啡等刺激性饮料、放松身心等。如果以上方法无效，建议您咨询医生，寻求专业的治疗和帮助。希望您能尽快恢复健康，祝您一切顺利。,-3
2,2,11,human,之前胃不舒服去医院检查，有慢性胃炎，经常胃胀气,60
2,2,11,model,慢性胃炎是一种常见的胃部疾病，常见症状包括胃痛、胃胀气、恶心、呕吐等。建议您定期就医，进行胃镜检查和相关检查，以了解病情和病因，并进行针对性治疗。此外，您可以注意饮食健康，避免过度饮食、暴饮暴食、吃辛辣刺激性食物等，同时保持良好的生活习惯，如规律作息、适当的运动、减轻压力等，有助于缓解症状和促进康复。如果您有其他问题或疑虑，可以随时向医生咨询，祝您早日康复。,-3
2,2,11,human,医生我出现这些症状是啥原因啊,27
2,2,11,model,您好，根据您的症状描述，您可能存在多种健康问题，包括胃炎、失眠、头晕等。这些症状可能与多种疾病有关，如胃炎、神经系统疾病等。建议您及时就医，进行全面的身体检查和相关检查，以确定病因，并进行针对性治疗。同时，您可以注意饮食健康，避免过度饮食、暴饮暴食、吃辛辣刺激性食物等，同时保持良好的生活习惯，如规律作息、适当的运动、减轻压力等，有助于缓解症状和促进康复。如果您有其他问题或疑虑，可以随时向医生咨询，祝您早日康复。,-2
2,2,11,human,我的疾病后期需要怎么治疗,34
2,2,11,model,根据您的情况，治疗方案需要根据具体病因而定。如果您的头晕症状是由慢性胃炎引起的，治疗方案可能包括调整饮食、服用抗酸药物、消炎药和保护胃黏膜的药物等。如果您的头晕症状是由其他疾病引起的，治疗方案可能会有所不同。因此，建议您及时就医，进行全面的身体检查和相关检查，以确定病因，并进行针对性治疗。同时，您需要注意保持良好的生活习惯，如规律作息、适当的运动、减轻压力等，以促进康复。希望您能早日康复。,-2
2,2,11,human,压力问题啊，我真的很头疼，都是为了生活,51
2,2,11,model,您好，我了解您的担忧和压力。生活和工作的压力可能会导致身体不适和情绪问题，包括头痛、头晕、失眠等。建议您采取一些措施来缓解压力，如进行适当的锻炼、放松训练、深呼吸等，以缓解身体的紧张和压力。此外，保持良好的生活习惯，如规律作息、饮食健康等，也有助于缓解压力和改善身体状况。如果您的头痛症状持续或加重，建议您及时就医，以便及早治疗。希望您能找到适合自己的方法来缓解压力和改善身体状况，保持健康的生活。,-3
