﻿5,3,40,human,孩子低头拿东西或者长时间站立就出现恶心头晕等症状,12
5,3,40,model,您好，根据您描述的情况，孩子低头拿东西或者长时间站立后出现恶心头晕等症状，可能是心肾不交所致。心肾不交是中医中的一种病理状态，常见于中老年人和长期劳累过度者。这种病情会导致头晕耳鸣、腰膝酸软无力、失眠健忘等症状。建议您带孩子去中医科进行详细的检查和诊断，以便确定病情和制定针对性的治疗方案。同时，建议孩子注意休息，避免过度劳累，保持良好的生活习惯和饮食习惯，有助于改善病情。如果您还有其他问题或需要更多的帮助，请随时与我联系。祝您和孩子健康！,-4
5,3,40,human,孩子早产，我孕期血糖有点高，会不会是导致孩子的病,8
5,3,40,model,尊敬的患者，您好。孕期血糖升高可能会导致胎儿神经细胞异常，但并不是早产的唯一原因。早产儿的确切原因可能是多方面的，包括遗传、感染、内分泌紊乱、宫颈松弛等。因此，建议您进行详细的检查和评估，以确定早产儿的原因。同时，您可以注意休息，避免过度劳累，保持良好的生活习惯和饮食习惯，有助于改善病情。如果您有任何疑问或需要更多的帮助，请及时咨询医生。祝您和宝宝健康！,-4
5,3,40,human,家族里没有类似病情不适遗传的吧,3
5,3,40,model,尊敬的患者，您好。根据您提供的信息，家族中没有类似病情的不适遗传的情况，这是一个好的信号。但是，早产儿的确切原因可能是多方面的，包括遗传、感染、内分泌紊乱、宫颈松弛等。因此，建议您进行详细的检查和评估，以确定早产儿的原因。同时，早产儿需要密切关注和治疗，包括监测体重、呼吸、心率等指标，以及及时给予营养支持和其他必要的治疗。如果您有任何疑问或需要更多的帮助，请及时咨询医生。祝您和宝宝健康！,-4
5,3,40,human,医生建议起搏器，这样对病情恢复有帮助吗,5
5,3,40,model,尊敬的患者，您好。根据您提供的信息，起搏器是一种治疗心脏电生理异常的医疗器械，可以帮助维持正常的心率和节律。对于房性心动过速伴严重房颤的患者，起搏器可以帮助维持正常的心率和节律，从而减少心脏的负荷，改善心脏的功能，促进病情的恢复。但是，起搏器并不能治愈房性心动过速伴严重房颤的疾病，还需要结合药物治疗和其他治疗手段，综合治疗才能达到最好的效果。建议您听从医生的建议，根据自身情况选择适合的治疗方案，积极配合治疗，保持良好的心态和生活习惯，以促进病情的康复。如果您还有其他问题或需要更多的帮助，请随时向我提问。祝您早日康复！,-3
5,3,40,human,起搏器植入有完全恢复的可能吗,4
5,3,40,model,尊敬的患者，起搏器植入是一种治疗心脏电生理异常的方法，可以帮助维持正常的心率和节律。对于房性心动过速伴严重房颤的患者，起搏器可以帮助维持正常的心率和节律，从而减少心脏的负荷，改善心脏的功能，促进病情的恢复。但是，起搏器并不能治愈房性心动过速伴严重房颤的疾病，还需要结合药物治疗和其他治疗手段，综合治疗才能达到最好的效果。因此，是否需要起搏器植入需要医生根据患者的具体情况进行评估和决定。如果您有任何疑问或需要更多的帮助，请及时咨询医生，他们会根据您的病情和身体状况给出更详细的建议和治疗方案。祝您早日康复！,-3
5,3,40,human,起搏器植入术后需要注意什么,3
5,3,40,model,"尊敬的患者，起搏器植入术后需要注意以下几点：

1.术后休息：手术后需要充分休息，避免剧烈运动和过度劳累，以免影响伤口愈合和起搏器的正常工作。

2.饮食调理：手术后需要遵循医生的建议，保持饮食清淡，避免食用辛辣、油腻、刺激性食物，以免影响消化道和心脏的恢复。

3.定期复查：手术后需要定期到医院复查，以便及时发现并处理任何并发症或问题。医生会根据您的具体情况制定复查计划。

4.注意伤口护理：手术后需要注意伤口的清洁和护理，避免感染。如果出现红肿、疼痛、渗液等症状，应及时就医。

5.避免受凉：手术后需要避免受凉，以免影响身体的恢复和起搏器的正常工作。

6.保持心情愉快：手术后需要保持心情愉快，避免情绪波动，有助于身体的恢复和免疫力的提高。

希望以上信息能对您有所帮助。如果您还有其他问题或需要更多的帮助，请随时向我提问。祝您早日康复！",-1
5,3,40,human,术后可以带孩子坐飞机吗,3
5,3,40,model,您好，根据您提供的情况，起搏器植入手术后需要注意术后休息、饮食调理、定期复查、伤口护理、避免受凉等。关于是否可以带孩子坐飞机，建议您咨询您的主治医生，根据孩子的具体情况来决定是否适合乘坐飞机。一般来说，对于没有明显心脏症状的儿童，可以考虑正常出行。但是，由于起搏器本身是一种电子设备，因此建议在出行前咨询医生，了解起搏器植入手术的适应症和禁忌症，以及需要注意的事项。在出行前，建议您提前安排好孩子的住院和手术时间，以确保孩子能够适应长时间的飞行。同时，您也可以咨询医生关于如何准备孩子的旅行、饮食和活动等方面的建议，以确保孩子的健康和安全。希望我的回答能对您有所帮助。如果您还有其他问题或需要更多的帮助，请随时向我提问。祝您和孩子健康！,-2
