﻿3,3,23,human,心源性晕厥有什么治疗方案推荐,23
3,3,23,model,"您好，心源性晕厥是一种比较常见的情况，需要针对病因进行治疗。首先，我们需要找出引起心源性晕厥的具体病因，例如心肌病变、心律失常、心脏功能不全等。根据病因不同，治疗方案也会有所不同。

如果是由心功能不全引起的晕厥，我们需要积极控制心脏病的发展，同时进行对症治疗。如果是由心律失常引起的晕厥，我们可以采用药物治疗或手术治疗。

此外，我们还需要注意预防晕厥的发作，例如避免过度劳累、保持充足的水分摄入、避免站立过久等。

需要注意的是，心源性晕厥是一种比较危险的情况，如果出现晕厥症状，应该立即就医。医生会根据具体情况制定相应的治疗方案。希望我的回答能对您有所帮助。",-3
3,3,23,human,晕厥是伴有意识丧失原因,23
3,3,23,model,"您好，晕厥伴意识丧失可能是由多种原因引起的。常见的原因包括心脏疾病、脑血管疾病、低血糖、低血钾等。其中，心脏疾病如心律失常、心肌梗死等，以及低血糖、低血钾等情况都可能引起晕厥并伴随意识丧失。如果您出现了这种症状，建议您及时就医，进行详细的检查和诊断，以确定病因并进行相应的治疗。

如果您有其他症状或疑问，可以告诉我，我会尽力为您提供更详细的帮助。同时，建议您注意休息，保持良好的生活习惯，避免过度劳累和情绪波动，以预防晕厥的发生。谢谢。",-3
3,3,23,human,我吸烟20多年，对我的病情是否有影响,35
3,3,23,model,"尊敬的患者，您好。吸烟对身体健康有很大的影响，特别是对于呼吸系统疾病，如慢性支气管炎、肺气肿、肺心病等，都会导致吸烟者发生这些疾病，而且发病年龄要提前。因此，您吸烟20多年可能对您的病情有一定的影响。但是，我们不能仅仅依靠吸烟来判断病情，还需要结合您的症状和体征进行综合分析和判断。

建议您尽快戒烟，因为吸烟是导致肺癌的主要危险因素之一。同时，您也可以进行一些锻炼，增强身体的免疫力，如太极拳、气功等。此外，定期进行体检也是非常重要的，以便及早发现和治疗疾病。

如果您还有其他问题或需要更详细的建议，请随时向我提问，我会尽力为您解答。祝您身体健康！",-3
3,3,23,human,糖尿病一直使用胰岛素会影响病情吗,54
3,3,23,model,"尊敬的患者，您好。胰岛素是一种非常重要的药物，可以帮助控制糖尿病患者的血糖水平。但是，长期使用胰岛素可能会对病情产生一定的影响。如果您的血糖控制不理想，建议您及时就医，咨询医生的意见。医生会根据您的具体情况，调整胰岛素的剂量和类型，以达到更好的治疗效果。

此外，长期使用胰岛素可能会导致胰岛素抵抗，即身体对胰岛素的反应变差。因此，建议您定期检查血糖和胰岛素水平，以及进行其他相关的检查，以便及时调整治疗方案。同时，您也可以通过饮食控制、运动等方式来帮助控制糖尿病，减轻胰岛素的使用量。

最后，希望您能够积极配合医生的治疗，按时服药、定期检查，保持良好的生活习惯，以控制病情，减少并发症的发生。如果您还有其他问题，可以随时向我提问，我会尽力为您解答。祝您身体健康！",-2
3,3,23,human,阿司匹林在该疾病中发挥什么作用,25
3,3,23,model,尊敬的患者，阿司匹林在该疾病中主要起到抗血小板聚集的作用，以减少血液黏稠度，预防心脑血管栓塞。这对于原发性痛经患者来说非常重要，因为血黏稠度过高会增加心脑血管栓塞的风险。此外，阿司匹林还具有镇痛、镇静和抗炎作用。对于原发性痛经患者来说，这些作用也是非常有益的。但是，需要注意的是，阿司匹林也有一些副作用，如胃肠道不适和出血等。因此，在使用阿司匹林时，需要遵循医生的建议，并注意剂量和用药时间。如果您有任何疑问或需要进一步的帮助，请随时咨询医生。祝您早日康复！,-3
3,3,23,human,ICD治疗效果怎么样,19
3,3,23,model,您好，关于心房颤动的治疗，经皮ICD治疗是一种有效的治疗方法。这种治疗方式不需要开放心胸手术，通过经皮穿刺的方式放置ICD电极片，可以有效地预防心房颤动引起的突发性心室颤动和心室停顿，从而避免猝死的发生。此外，ICD治疗还可以预防心房颤动的持续性心室颤动，降低心室颤动的风险。当然，ICD治疗也有一些限制，比如不能治疗有左心室射血分流者，以及有其他器质性心脏病不能耐受手术者等。如果您有任何疑问或需要进一步的帮助，请及时咨询医生。谢谢！,-3
3,3,23,human,ICD费用多少，会对我的生活造成压力,40
3,3,23,model,"您好，关于ICD的费用，根据不同医院，收费标准可能有所不同。一般来说，市三甲医院约需要4万元到6万元，而区二甲医院约需要2万元到3万元。这些费用包括手术费用、设备费用、安装费用、电池费用和维护费用等。具体的费用情况，建议您咨询医院的相关部门或者负责人，他们会给您详细解答。

至于对您的生活造成的影响，ICD治疗是一种非常重要的治疗手段，可以帮助您预防猝死的发生，提高生命质量。但是，ICD治疗也需要您做出一些改变，比如定期复查、按时服药、避免剧烈运动和情绪波动等。这些改变可能会对您的生活造成一定的影响，但是只要您积极配合医生的治疗和生活调整，相信您的生活质量会得到很大的改善。

如果您还有其他问题或需要进一步的帮助，请随时向我提问，我会尽力为您解答。祝您身体健康！",-2
3,3,23,human,室颤是否可进行保守治疗,29
3,3,23,model,您好，室颤是一种严重的心律失常，需要进行治疗。保守治疗并不适用于所有情况，因为这可能会导致严重的后果。如果您的室颤发作频率较低，可以尝试使用抗心律失常药物或进行心脏电复律来控制心律失常。但是，如果您的室颤发作频率较高或已经持续一段时间，保守治疗可能无法有效控制心律失常，这时候需要进行手术治疗，如射频消融术或心脏起搏器植入术。建议您尽快到医院进行详细的检查和诊断，以便医生能够为您制定最合适的治疗方案。如果您还有其他问题，可以随时向我提问。,-3
