﻿3,1,24,human,晕厥后出现意识丧失原因,23
3,1,24,model,"晕厥后出现意识丧失可能有多种原因,以下是一些可能的原因:

1. 血压突然下降:低血压可能会导致晕厥。

2. 心脏问题:心脏疾病或心律失常可能导致晕厥。

3. 低血糖:低血糖可能导致晕厥。

4. 中风:中风可能导致意识丧失。

5. 药物副作用:某些药物可能导致晕厥。

如果您出现这种情况,请及时就医。医生会进行相关检查和诊断,并制定相应的治疗方案。",-3
3,1,24,human,心源性晕厥治疗效果怎么样,24
3,1,24,model,"心源性晕厥是一种严重的心脏疾病,需要及时治疗。治疗方法包括药物治疗、手术治疗、心脏起搏器植入等。具体治疗方案需要根据患者的具体情况制定,需要专业医生进行诊断和治疗。同时,患者也需要注意饮食和生活方式的调整,避免过度劳累和情绪波动等因素的影响。",-4
3,1,24,human,高血压常年服药对晕厥有影响不,58
3,1,24,model,"高血压长期服药可能会对心脏和血管产生负面影响。有些降压药可能会影响心率、血压和心脏功能等,导致晕厥或其他不适症状。因此,在服用药物时,需要定期检查血压和心脏功能,并遵循医生的建议和用药方案。此外,保持健康的生活方式,如控制饮食、适量运动、戒烟限酒等,也有助于预防和缓解高血压和心脏病等疾病的发生。",-1
3,1,24,human,急性心肌梗死紧急情况怎么处理,24
3,1,24,model,"急性心肌梗死是一种严重的心脏疾病,需要立即就医。在紧急情况下,应立即拨打急救电话,并让患者平躺,保持呼吸道通畅,避免进食或饮水,保持镇静。同时,要让患者保持情绪稳定,避免过度紧张和焦虑。在医生的指导下,可以进行溶栓治疗、介入治疗或手术治疗等,以挽救患者的生命。同时,患者也需要注意饮食和生活方式的调整,避免过度劳累和情绪波动等因素的影响。",-3
3,1,24,human,急性心肌梗死植入支架作用,24
3,1,24,model,"急性心肌梗死是一种严重的心脏疾病,需要立即就医。在紧急情况下,应立即拨打急救电话,并让患者平躺,保持呼吸道通畅,避免进食或饮水,保持镇静。同时,要让患者保持情绪稳定,避免过度紧张和焦虑。在医生的指导下,可以进行溶栓治疗、介入治疗或手术治疗等,以挽救患者的生命。

在治疗过程中,患者也需要注意饮食和生活方式的调整,避免过度劳累和情绪波动等因素的影响。此外,患者也需要注意饮食和生活方式的调整,避免过度劳累和情绪波动等因素的影响。

关于支架植入,这是一种治疗急性心肌梗死的方法,通过植入支架来扩张狭窄的血管,以挽救患者的生命。在手术后,患者需要注意饮食和生活方式的调整,避免过度劳累和情绪波动等因素的影响。",-1
3,1,24,human,ICD的利弊,12
3,1,24,model,"ICD是一种治疗急性心肌梗死的方法,它可以通过植入支架来扩张狭窄的血管,以挽救患者的生命。在治疗过程中,患者需要注意饮食和生活方式的调整,避免过度劳累和情绪波动等因素的影响。此外,患者也需要注意饮食和生活方式的调整,避免过度劳累和情绪波动等因素的影响。

然而,关于ICD的利弊,这要根据患者的具体情况制定治疗方案。一般来说,如果患者的病情较轻,可以通过药物治疗和手术治疗来治疗,而如果病情较重,可能需要进行消融治疗或介入治疗等手术方式。因此,在选择治疗方法时,需要根据患者的具体情况进行判断和选择。同时,患者在治疗期间也需要注意饮食和生活方式的调整,避免过度劳累和情绪波动等因素的影响。",-1
3,1,24,human,室颤有没有更全面的治疗,38
3,1,24,model,"室颤是一种心律失常,需要及时治疗。治疗方法包括药物治疗、射频消融、外科手术等,具体治疗方案需要根据患者的具体情况制定。药物治疗和射频消融是常用的治疗方法,外科手术对于严重的室颤可能并不适合。在治疗过程中,患者需要注意饮食和生活方式的调整,避免过度劳累和情绪波动等因素的影响。

此外,患者也需要注意饮食和生活方式的调整,避免过度劳累和情绪波动等因素的影响。

总之,针对室颤的治疗需要综合考虑患者的具体情况制定治疗方案,药物治疗和射频消融是常用的治疗方法,手术治疗对于严重的室颤可能不太适合。在治疗过程中,患者需要注意饮食和生活方式的调整,避免过度劳累和情绪波动等因素的影响。",-2
3,1,24,human,谢谢,5
3,1,24,model,"非常感谢您的回复,我会尽我所能为您提供帮助。",-6
