﻿1,2,8,human,医生我最近头晕比较严重，严重影响我的生活，同时出现耳鸣症状，这次想了解一下病因,92
1,2,8,model,"您好，头晕和耳鸣是常见的症状，可能与多种疾病有关。根据您的描述，您可能患有美尼尔氏综合征，这是一种内耳疾病，常伴随着耳鸣、眩晕和头痛等症状。另外，您也可能患有高血压、动脉硬化等疾病，这些疾病也可能导致头晕和耳鸣。

建议您到医院进行详细的检查，包括耳鼻喉科、神经内科等科室的检查，以确定病因。同时，您也可以注意一些生活习惯的调整，如避免熬夜、保持充足的睡眠、避免过度劳累、保持良好的心态等，这些都有助于缓解症状。

如果您有任何疑问或需要进一步的帮助，请随时与医生联系。祝您早日康复！",-2
1,2,8,human,我新冠结束后出现心悸的情况，我怀疑这是留下的后遗症,71
1,2,8,model,"您好，心悸是一种心跳过快或心跳不规律的症状，可能与多种疾病有关。根据您的描述，您可能患有心律失常，这是一种心律不齐或心跳过快的疾病。

新冠康复后出现心悸的情况可能与多种原因有关，如感染、药物不良反应、心脏疾病等。建议您到医院进行详细的检查，包括心电图、心肌酶谱、甲状腺功能等检查，以确定病因。

同时，您也可以注意一些生活习惯的调整，如避免过度劳累、保持良好的心态、戒烟限酒、适当运动等，这些都有助于缓解症状。

如果您有任何疑问或需要进一步的帮助，请随时与医生联系。祝您早日康复！",-2
1,2,8,human,我是老烟民了，烟是戒不掉,37
1,2,8,model,"您好，作为一名医生，我理解您戒烟的困难，但是吸烟对身体健康的危害非常大。建议您尽量避免接触二手烟和被动吸烟，减少与烟草制品的接触，如必须吸烟，应尽量减少吸入量，并定期进行身体检查。

此外，您可以考虑使用戒烟药物或采取其他辅助措施，如中药、针灸、按摩等，来帮助您戒烟。但请注意，这些方法需要在医生的指导下进行，不要自行尝试。

最后，如果您对戒烟感到困难，建议您寻求专业医生的帮助和指导，他们可以为您提供更详细的建议和治疗方案。

希望我的回答能对您有所帮助，如果您还有其他问题，请随时与医生联系。祝您健康！",-1
1,2,8,human,我有高血压，一直在吃药，这个会影响我的头晕吗,38
1,2,8,model,"您好，高血压是一种常见的慢性疾病，如果长期不加控制，可能会对身体造成一定的危害。头晕是高血压的常见症状之一，可能是由于血压过高导致的脑部血液供应不足所致。因此，对于高血压患者来说，控制血压非常重要，这有助于减少头晕的发生。

建议您定期到医院进行血压监测和调整，并按照医生的建议正确服用药物，如降压药等。同时，您也可以通过改变生活方式，如控制饮食、适当运动、戒烟限酒等，来帮助控制血压。

如果您对头晕的症状感到困扰，建议您及时到医院进行检查，以确定病因并进行相应的治疗。

希望我的回答能对您有所帮助，如果您还有其他问题，请随时与医生联系。祝您健康！",-1
1,2,8,human,15年前做过肺结节手术，现在现在经常出现喘不上来气,63
1,2,8,model,"您好，根据您的描述，您曾经做过肺结节手术，现在经常出现喘不上来气的症状，这种情况可能与手术有关，也可能与其他疾病有关。建议您到医院进行详细的检查，包括肺部CT、心电图、心脏彩超等检查，以确定病因。

同时，您可以注意一些生活习惯的调整，如避免吸烟、避免接触有害气体和粉尘等，保持良好的室内空气质量，适当进行体育锻炼等。

如果您的症状严重影响到了日常生活，建议您及时到医院进行治疗，医生会根据您的具体情况制定相应的治疗方案，帮助您缓解症状，恢复健康。

希望我的回答能对您有所帮助，如果您还有其他问题，请随时与医生联系。祝您健康！",-1
1,2,8,human,如果我想进一步了解我的病情应该做些啥检查,61
1,2,8,model,"如果您想进一步了解自己的病情，建议您到医院进行详细的检查。根据您的症状和病史，以下是一些可能需要进行的检查：

1. 心电图：可以检查心脏的电活动情况，对于心脏病和心律失常的诊断非常重要。

2. 肺部CT：可以检查肺部的结构和组织情况，对于肺部疾病和肺结节的诊断非常有帮助。

3. 肺功能检查：可以检查肺部的功能情况，对于肺部疾病的诊断和治疗非常有帮助。

4. 心脏彩超：可以检查心脏的结构和功能情况，对于心脏疾病的诊断非常有帮助。

5. 血常规：可以检查血液中的各种指标，如白细胞、红细胞、血小板等，对于一些感染性疾病和贫血的诊断非常有帮助。

6. 胸部X线：可以检查肺部和胸部的影像情况，对于肺部疾病的诊断和治疗非常有帮助。

7. 血气分析：可以检查血液中二氧化碳和氧气的含量，对于呼吸性酸中毒和呼吸衰竭的诊断非常有帮助。

8. 甲状腺功能检查：可以检查甲状腺的功能情况，对于甲状腺疾病的诊断非常有帮助。

以上检查仅供参考，具体需要进行哪些检查，还需根据医生的建议和您的具体情况来确定。

如果您有任何疑问或需要进一步的帮助，请随时与医生联系。祝您早日康复！",2
1,2,8,human,这些检查可以医保报销吗,22
1,2,8,model,"不同的检查项目和医院收费标准不同，具体的医保报销情况也会有所不同。一般来说，医保可以报销一些常见的检查项目，如心电图、胸部X线、血常规、肝功能、肾功能等。但对于具体的检查项目和费用，建议您咨询医院的医保部门或保险公司，了解具体的报销政策和要求。

另外，医保还提供了一种叫做“一站式”的医疗服务，即在医保定点医疗机构进行就医，可以享受医保报销和医疗服务。您可以咨询医院的医保部门，了解相关政策和流程。

希望我的回答能对您有所帮助，如果您还有其他问题，请随时与医生联系。祝您健康！",-2
1,2,8,human,我可以吃药治疗吗，不想牵连儿女,27
1,2,8,model,"您好，根据您所描述的症状，可能是由多种原因引起的，如肺结节、高血压、心肺疾病等。对于肺结节的治疗，需要根据结节的性质、大小、位置、数量和病人的年龄、性别、病史等因素进行综合考虑，建议您到医院进行详细的检查和评估，以便确定最佳的治疗方案。

对于高血压和心肺疾病，需要根据具体情况进行药物治疗，如降压药、利尿剂、β受体阻滞剂等。在选择药物时，需要考虑患者的年龄、性别、病史等因素，以及药物的副作用和禁忌症等。因此，建议您到医院就诊，由专业医生根据您的具体情况进行诊断和治疗。

在治疗过程中，您可以向医生详细咨询药物的使用方法、剂量和注意事项等，以便更好地控制病情。同时，也需要注意生活方式的调整，如戒烟、限酒、合理饮食等，以帮助控制病情。

希望我的回答能对您有所帮助，如果您还有其他问题，请随时与医生联系。祝您早日康复！",0
