﻿2,4,10,human,医生我最近因为头晕，还出现摔倒情况心里很担心，想知道是啥原因导致的,96
2,4,10,model,作为一个AI助手，我不能替代专业医生的诊断，但可以为您提供一些建议。头晕和摔倒有很多可能的原因，比如低血压、贫血、低血糖、耳内平衡系统问题、神经系统问题或心血管问题等。出现这些症状时，建议您尽快咨询医生进行专业诊断和治疗。在进行检查之前，请尽量避免可能导致摔倒的高危活动。,5
2,4,10,human,近期失眠症状很严重，每天躺在床上翻来覆去睡不着觉,60
2,4,10,model,"失眠可能由多种原因导致，如压力、焦虑、生活习惯等。以下是一些建议，帮助改善睡眠质量：

1. 保持规律的作息时间：每天尽量在相同的时间上床睡觉和起床。
2. 创造一个舒适的睡眠环境：确保床垫和枕头适合自己，房间温度适中，降低噪音和光线。
3. 避免咖啡因、尼古丁和酒精：特别是在临近睡觉的时间，这些物质会影响睡眠质量。
4. 限制白天小憩时间：长时间或者临近睡觉时间的小憩可能影响夜间睡眠。
5. 进行放松活动：在睡前进行冥想、深呼吸练习或温暖的淋浴，有助于放松身心。
6. 远离电子设备：临近睡觉时避免使用手机、电脑等电子设备，因为它们发出的蓝光会干扰睡眠。
7. 增加身体活动：规律的锻炼有助于改善睡眠质量，但避免在临近睡觉的时间进行剧烈运动。

如果失眠症状持续严重，请寻求专业医生的建议。",23
2,4,10,human,前两次的摔倒我的心理很焦虑，家里上有老下有小，我不能倒下,103
2,4,10,model,"理解您的担忧和焦虑。在这种情况下，您可以尝试以下方法来缓解焦虑和减轻心理压力：

1. 与亲朋好友沟通：与您信任的人分享您的担忧和感受，寻求支持和建议。
2. 呼吸练习：深呼吸可以帮助减轻焦虑感。尝试慢慢深呼吸，吸气数到4，然后呼气数到4，重复几次。
3. 进行渐进性肌肉松弛练习：从头部到脚部逐个部位收紧肌肉，然后放松。这有助于放松身体和心情。
4. 冥想：通过专注于当下的感知，如呼吸、身体感觉等，帮助您从焦虑中解脱出来。
5. 锻炼：规律的锻炼有助于释放内啡肽，改善心情和减轻压力。
6. 保持良好作息：保持规律的作息时间，确保充足的休息和睡眠。

同时，对于摔倒的问题，请及时就诊，找出原因并采取适当的治疗措施。在得到专业诊断之前，请尽量避免可能导致摔倒的高危活动，并考虑使用辅助设备（如拐杖）来提高安全性。

请记住，照顾自己的身心健康同样重要。在照顾家人的同时，也要关注自己的需求。如有需要，请寻求专业心理医生的帮助。",33
2,4,10,human,失眠情况我吃了一些安眠药，思诺思,29
2,4,10,model,"思诺思（Sonata，学名：Zaleplon）是一种处方安眠药，通常用于短期治疗失眠。这种药物对于帮助入睡非常有效，但对于保持整夜睡眠可能效果有限。在使用思诺思期间，请注意以下事项：

1. 遵循医生的建议：确保按照医生的建议和处方剂量使用药物，不要自行增加或减少剂量。
2. 短期使用：思诺思通常仅建议短期使用（通常为7-10天），长期使用可能导致依赖性或其他副作用。
3. 避免酒精：在使用思诺思期间，请避免饮酒，因为酒精可能加重药物的副作用。
4. 睡前使用：思诺思作用迅速，因此应在准备好入睡时使用。
5. 注意潜在副作用：这种药物可能导致头晕、嗜睡、记忆问题等副作用。在使用过程中如出现严重副作用，请立即就诊。

同时，请继续尝试改善生活方式和睡眠习惯，减轻对安眠药的依赖。如果失眠症状持续或加重，请及时咨询医生。",28
2,4,10,human,我这个人工作压力大还有慢性胃炎,22
2,4,10,model,"慢性胃炎和工作压力可能相互影响，加重您的症状。以下是一些建议来帮助您应对慢性胃炎和减轻工作压力：

1. 饮食调整：避免辛辣、油腻、高脂肪食物。多吃低脂、高纤维的食物，如蔬菜、水果和全谷物。保持餐食规律，避免过饥过饱。

2. 减少咖啡因和酒精：这些物质可能刺激胃黏膜，加重胃炎症状。尝试减少摄入量或寻找替代品，如果汁或蜂蜜水。

3. 保持良好的作息：充足的休息和睡眠有助于身体恢复和减轻疲劳。

4. 学会放松：尝试冥想、瑜伽、深呼吸练习等方法，帮助减轻焦虑和压力。

5. 合理安排工作：设定实际可行的目标，合理分配工作任务，保持工作与生活平衡。

6. 与他人沟通：与家人、朋友或同事分享您的压力和感受，寻求支持和建议。

7. 锻炼：有氧运动、力量训练或伸展运动有助于释放压力，改善心情。

8. 寻求专业帮助：如果慢性胃炎和工作压力持续影响您的生活质量，请寻求专业医生和心理医生的帮助。

请注意，我只是一个AI助手，不能替代专业医生的诊断和建议。如有需要，请务必咨询医生。",29
2,4,10,human,请问我这个是啥疾病引起的身体不适,36
2,4,10,model,我无法确定具体的疾病或病因，因为我不是医生。身体不适可能由多种原因引起，如疾病、生活习惯、精神压力等。为了确保正确的诊断和治疗，请您咨询专业医生，进行全面的检查和评估。同时，保持良好的生活习惯，如规律作息、均衡饮食和适度锻炼，有助于提高身体素质和抵抗力。,9
2,4,10,human,对于治疗有什么好的建议吗,32
2,4,10,model,"在没有确切诊断的情况下，我无法给出针对特定疾病的治疗建议。然而，我可以为您提供一些建议以改善整体健康状况：

1. 保持良好的生活习惯：规律作息、均衡饮食和适度锻炼有助于提高身体素质和抵抗力。

2. 管理压力：学会应对压力，可尝试冥想、瑜伽、深呼吸练习等方法，帮助减轻焦虑和压力。

3. 保持良好的心态：保持乐观积极的心态，与家人、朋友或同事分享您的感受，寻求支持和建议。

4. 监测身体状况：定期进行体检，密切关注身体状况，及时发现并治疗潜在疾病。

5. 遵医嘱：如果确诊为特定疾病，请遵循医生的建议和处方进行治疗。

请注意，我只是一个AI助手，不能替代专业医生的诊断和建议。如有需要，请务必咨询医生。",12
2,4,10,human,谢谢,16
2,4,10,model,不客气！如果您有其他问题或需要帮助，请随时向我提问。祝您身体健康，生活愉快！,3
