﻿1,2,4,human,医生我最近头晕症状比较明显，我这没啥文化也不知道出了啥问题,74
1,2,4,model,您好，根据您描述的症状，头晕可能是由多种原因引起的。除了血压偏低和贫血外，还可能包括颈椎病、脑血管疾病、神经系统疾病等。建议您到医院进行详细的检查，包括血压、血常规、头部CT等，以明确病因。同时，您可以注意休息，避免过度疲劳，保持良好的生活习惯，如规律作息、饮食健康等。如果您有任何疑问或需要进一步的帮助，请随时与医生联系。祝您早日康复！,-3
1,2,4,human,我的生活习惯很好的啊，应该不是我的作息问题，我还很注重营养的呢,62
1,2,4,model,如果您的生活习惯很好，那么可能不是作息问题导致的头晕。但是，营养不良也可能导致头晕，特别是缺乏维生素B12和叶酸等营养素。建议您到医院进行检查，以了解您的营养状况，并根据医生的建议进行补充。此外，您可以多食用一些富含维生素B12和叶酸的食物，如肉类、鱼类、蛋类、豆类、绿叶蔬菜等，以维持营养均衡。希望我的回答能对您有所帮助，祝您早日康复！,-3
1,2,4,human,我这头晕问题啊，前不久还摔了一跤，很影响我的生活,96
1,2,4,model,如果您之前摔倒后出现了头晕症状，建议您到医院进行详细的检查，以了解是否存在颅内出血、颅内感染、脑震荡等情况。这些情况可能导致头晕，并影响您的生活。此外，您可以适当进行头部按摩、颈部伸展等放松训练，以缓解头晕症状。如果头晕症状严重，甚至影响到您的生活和工作，建议您及时就医，寻求专业医生的帮助。希望我的回答能对您有所帮助，祝您早日康复！,-3
1,2,4,human,我有高血压一直在服药，血脂也有点高，吃过他汀类药物，最近身体不适给停了,93
1,2,4,model,您好，高血压和高血脂都是常见的慢性疾病，需要长期的治疗和管理。您提到最近服用了他汀类药物后出现了身体不适，建议您及时就诊，让医生进行详细的检查和评估，确定病情的严重程度和治疗方案。同时，您也可以咨询医生关于其他治疗高血压和高血脂的药物，如ACEI类药物、ARB类药物、钙通道阻滞剂等，以及饮食、运动等方面的建议，以控制病情和预防并发症。希望我的回答能对您有所帮助，祝您早日康复！,-3
1,2,4,human,心脏不好，曾经做过心脏检查，说左心室扩大，新冠以后出现心悸症状，这是留下的后遗症吗,117
1,2,4,model,左心室扩大和心悸症状可能是多种心脏疾病的表现，包括高血压性心脏病、心肌病、心衰等。由于您曾经被诊断为心脏病，建议您及时到医院进行详细的检查和评估，以了解您的病情和治疗方案。同时，您也可以咨询医生关于如何控制血压、控制血糖、戒烟戒酒、保持健康的生活方式等方面的建议，以预防并减少心脏疾病的发生和发展。希望我的回答能对您有所帮助，祝您早日康复！,-3
1,2,4,human,我想确诊我的病情需要做什么检查,40
1,2,4,model,"您好，要确诊您的心脏病情，建议您进行以下检查：
1. 心电图：可以检测心脏电活动，判断心脏是否有心律失常等问题。
2. 心脏彩超：可以观察心脏的结构和功能，检查心脏有无扩张、肥厚等问题。
3. 动态心电监测：可以监测24小时的心电活动，更全面地了解心脏情况。
4. 心肌酶谱和肌钙蛋白：可以检测心肌细胞是否受到损伤。
5. 心脏核磁共振：可以更加准确地观察心脏的结构和功能。
6. 心包积液穿刺：可以检查心包积液的量和性质，判断是否存在心包炎等疾病。
以上检查可以帮助医生了解您的心脏情况，进一步判断病情和治疗方案。建议您到医院进行检查，由专业医生根据您的具体情况进行诊断和治疗。希望我的回答能对您有所帮助，祝您早日康复！",0
1,2,4,human,头晕症状和心脏有关联吗,35
1,2,4,model,头晕症状和心脏病有一定的关联，但具体情况需要根据您的病情来判断。有些心脏病患者会出现头晕、乏力、心悸等症状，但也有其他疾病可能导致头晕，如颈椎病、贫血、低血糖等。因此，建议您到医院进行详细的检查，包括心电图、心脏彩超、血压、血常规等，以明确病因。同时，您也可以咨询医生关于如何控制血压、血糖、调整饮食等方面的建议，以预防并减少心脏疾病的发生和发展。希望我的回答能对您有所帮助，祝您早日康复！,-2
1,2,4,human,我这是眩晕症吗,15
1,2,4,model,眩晕症是一种症状，可以由多种疾病引起，包括高血压、内耳疾病、脑血管疾病、神经系统疾病等。由于眩晕症的病因复杂，需要到医院进行详细的检查和评估，以确定病因。建议您到医院进行头颅CT、头颅MRI、心电图、血常规等检查，以及听诊、血压、血糖等常规检查，以明确病因。同时，您也可以咨询医生关于如何预防和治疗眩晕症的建议，以减轻症状和提高生活质量。希望我的回答能对您有所帮助，祝您早日康复！,-2
1,2,4,human,头颅CT、头颅MRI做了有啥用,30
1,2,4,model,头颅CT和头颅MRI是常用的医学检查，可以帮助医生评估头部的结构和功能。头颅CT主要用于观察头部骨骼结构和软组织情况，如颅骨、脑膜、脑组织等。头颅MRI主要用于观察脑部结构和功能，如脑部神经元、胶质细胞、白质等。这些检查可以帮助医生排除脑部肿瘤、脑血管疾病、感染、肿瘤等疾病，以及评估头部的外伤和脑损伤情况。在诊断过程中，医生会根据您的具体情况，选择合适的检查方法和剂量，以确保检查结果的准确性和安全性。同时，您也可以向医生咨询有关检查的详细信息和注意事项。希望我的回答能对您有所帮助，祝您早日康复！,-1
1,2,4,human,我这个病后期需要什么治疗,29
1,2,4,model,"您好，根据您描述的病情，需要结合具体病因进行治疗。如果您的病因是高血压，建议您进行血压控制，包括药物治疗和非药物治疗。药物治疗包括降压药物、β受体阻滞剂、钙通道阻滞剂等，可以降低血压，减少心血管疾病的风险。非药物治疗包括饮食调节、运动锻炼、减轻体重、戒烟戒酒等，可以改善生活方式，预防并减少高血压和心血管疾病的发生。

如果您的病因是心肌病，建议您进行心肌保护治疗，包括控制血压、血糖、血脂、戒烟戒酒、避免过度劳累、保持情绪稳定等。此外，对于心肌病患者，需要进行心肌保护，如预防心肌梗死、心肌梗塞等并发症的发生。

具体治疗方案需要结合您的具体病因和病情，建议您到医院进行详细的检查和评估，由专业医生制定个性化的治疗方案。同时，您也可以咨询医生关于如何预防和治疗心脑血管疾病，以及如何保持健康的生活方式。希望我的回答能对您有所帮助，祝您早日康复！",0
1,2,4,human,可以只进行药物治疗吗,34
1,2,4,model,"药物治疗是心脑血管疾病治疗的一种常见方法，可以有效地控制疾病，预防并减少并发症的发生。但是，对于某些疾病，如心肌病，单纯的药物治疗可能无法达到理想的治疗效果。因此，对于这些疾病，除了药物治疗外，还需要结合其他治疗方法，如心肌保护、康复治疗、心理治疗等。

具体治疗方案需要根据患者病情、年龄、身体状况等因素进行个体化制定，建议您到医院进行详细的检查和评估，由专业医生制定个性化的治疗方案。同时，您也可以咨询医生关于如何预防和治疗心脑血管疾病，以及如何保持健康的生活方式。希望我的回答能对您有所帮助，祝您早日康复！",-2
