﻿4,3,25,human,心源性晕厥的孕妇应注意些什么,112
4,3,25,model,"尊敬的患者，如果您是心源性晕厥的孕妇，需要注意以下几点：

1. 避免长时间站立或坐着，尽量保持休息和睡眠的平衡，避免过度疲劳。

2. 如果出现心慌、胸闷等症状，应立即躺下，保持安静，松开衣领，以减轻心脏负担。

3. 饮食方面，建议避免食用高盐、高脂肪、高胆固醇的食物，多吃蔬菜、水果、粗粮等富含纤维素的食物，有助于预防高血压和妊娠期糖尿病。

4. 孕期需要进行定期产前检查，包括血压、血糖、血脂等指标的监测，以及胎儿心跳的监测。

5. 孕期应避免接触宠物、猫砂等可能引发过敏反应的物质，同时避免接触有毒气体和化学物质。

6. 注意保持室内空气流通，避免有害气体和粉尘的积累。

7. 孕期应避免过度劳累和精神紧张，保持心情愉快和心态平和。

8. 如果出现任何不适或症状加重，请及时就医，接受专业医生的指导和治疗。

希望以上建议对您有所帮助，祝您身体健康！",-1
4,3,25,human,为了更好的治疗我需做哪些检查,26
4,3,25,model,您好，如果您有尿频、尿急、尿痛或血尿等症状，建议您进行以下检查以明确诊断：尿常规、前列腺液检查、血常规、前列腺超声检查、直肠指检、尿流率检查和尿沉渣镜检查。这些检查将有助于明确您的病情，为您的治疗提供参考。如果您的症状比较严重，建议您及时就医，进行进一步的检查和治疗。同时，如果您有其他症状或疑问，也可以向医生咨询，以便更好地了解您的病情和制定治疗方案。请注意，以上检查和治疗建议仅供参考，具体治疗方案应根据您的具体情况制定。如果您还有其他问题，欢迎随时向我咨询。,-3
4,3,25,human,心脏不适对胎儿是否产生影响,103
4,3,25,model,尊敬的患者，心脏不适对胎儿的影响是存在的。如果您有心脏不适的症状，建议及时就医，接受专业医生的诊断和治疗。因为心脏问题可能会导致胎儿发育不良，甚至出现流产、早产等不良后果。因此，如果您正在计划怀孕或已经怀孕，建议定期进行孕前检查，确保身体状况良好，从而保护胎儿的健康。如果您已经怀孕，建议避免过度劳累，保持良好的心态，避免情绪波动，以促进胎儿的健康发育。如果您有任何其他问题或需要进一步的帮助，请及时咨询专业医生。祝您身体健康！,-4
4,3,25,human,孕妇出现晕厥该如何紧急处理,41
4,3,25,model,"尊敬的孕妇，如果您在孕期出现晕厥的情况，我们建议您立即采取以下紧急处理措施：

1. 保持平卧位：尽量避免站立或坐立不安，以免加重心脏负担。

2. 保持呼吸道通畅：如果晕厥时出现呼吸困难，您可以尝试深呼吸，同时用手轻轻按压背部，帮助呼吸。

3. 补充水分：晕厥时，身体会失去大量水分，因此您需要及时补充水分，可以喝一些水或含糖果汁。

4. 观察症状：晕厥后，您可以观察自己的症状，如头晕、恶心、呕吐等，以及是否有心跳加快、心悸等症状。

5. 及时就医：在晕厥后出现心跳加快、持续晕厥等症状时，建议您及时就医，以便专业医生进行进一步的诊断和治疗。

最后，如果您有任何疑问或需要进一步的帮助，请随时向医生咨询。祝您和宝宝健康！",-2
4,3,25,human,在怀孕期间，心源性晕厥有什么治疗方案,35
4,3,25,model,"尊敬的孕妇，您好！心源性晕厥在怀孕期间需要引起足够的重视，但不必过于担心。首先，建议您保持良好的心态，避免过度紧张和焦虑，这有助于缓解症状。其次，您可以尝试一些自我调节的方法，如适当运动、规律作息、保持饮食均衡等，这些都有助于改善血液循环和调节血压。

同时，您可以考虑采取以下措施来缓解症状：

1. 避免长时间站立或坐着，尽量保持休息和睡眠的平衡，避免过度疲劳。

2. 饮食方面，建议避免食用高盐、高脂肪、高胆固醇的食物，多吃蔬菜、水果、粗粮等富含纤维素的食物，有助于预防高血压和妊娠期糖尿病。

3. 定期进行产前检查，包括血压、血糖、血脂等指标的监测，以及胎儿心跳的监测。

4. 避免接触宠物、猫砂等可能引发过敏反应的物质，同时避免接触有毒气体和化学物质。

5. 注意保持室内空气流通，避免有害气体和粉尘的积累。

最后，如果您出现任何不适或症状加重，请及时就医，接受专业医生的指导和治疗。祝您和宝宝健康！",0
4,3,25,human,心脏电生理会对胎儿造成影响吗,53
4,3,25,model,"尊敬的患者，心脏电生理会对胎儿造成影响。正常情况下，心脏电生理活动应该协调，心电图波型正常。如果心脏电生理活动出现紊乱，心电图波型就会异常，这可能会导致胎儿心率异常，从而影响胎儿的正常发育。因此，如果您有心脏电生理活动异常的情况，建议及时就医，接受专业医生的诊断和治疗，以便及时采取相应的治疗措施，保护胎儿的健康。

同时，如果您正在计划怀孕或已经怀孕，建议定期进行孕前检查，确保身体状况良好，从而保护胎儿的健康。如果您已经怀孕，建议避免过度劳累，保持良好的心态，避免情绪波动，以促进胎儿的健康发育。

最后，如果您有任何疑问或需要进一步的帮助，请及时向医生咨询。祝您和宝宝健康！",-2
4,3,25,human,心源性休克相关检查会对我的宝宝产生什么影响,95
4,3,25,model,"尊敬的患者，感谢您的咨询。心源性休克是一种严重的心脏疾病，需要进行相关检查以确定病因和治疗方案。但是，具体的检查项目可能会对您的宝宝产生不同程度的影响。

首先，心电图是一种无创的检查方法，不会对您的宝宝产生任何影响。但是，如果您怀孕了，建议在检查前告知医生，以便医生采取相应的措施来保护您的宝宝。

其次，多普勒超声心动图是一种无创的检查方法，对您的宝宝的影响较小。但是，如果您怀孕了，需要提前告知医生，以便医生采取相应的措施来保护您的宝宝。

最后，动态心电图(HOLDER’S ECG)是一种记录24小时心电图的检查方法，需要在白天佩戴一个小型的便携式心电仪。这种检查方法不会对您的宝宝产生任何影响，但是需要您提前做好准备，包括佩戴好心电仪、保持安静、避免剧烈运动等。

总之，在进行相关检查之前，建议您与医生充分沟通，了解具体的检查方法和注意事项，以便更好地保护您的宝宝。如果您还有其他问题或需要进一步的帮助，请随时向我咨询。祝您和宝宝健康！",0
4,3,25,human,心脏电生理对宝宝影响有哪些,38
4,3,25,model,"尊敬的患者，心脏电生理活动对胎儿的影响需要引起足够的重视。正常情况下，心脏电生理活动应该协调，心电图波型正常。如果出现紊乱，心电图波型就会异常，这可能会导致胎儿心率异常，从而影响胎儿的正常发育。因此，如果您有心脏电生理活动异常的情况，建议及时就医，接受专业医生的诊断和治疗，以便及时采取相应的治疗措施，保护胎儿的健康。

同时，如果您正在计划怀孕或已经怀孕，建议定期进行孕前检查，确保身体状况良好，从而保护胎儿的健康。如果您已经怀孕，建议避免过度劳累，保持良好的心态，避免情绪波动，以促进胎儿的健康发育。

最后，如果您有任何疑问或需要进一步的帮助，请及时向医生咨询。祝您和宝宝健康！",-2
4,3,25,human,我是否可以选择保守治疗,30
4,3,25,model,"尊敬的患者，感谢您的咨询。对于心源性休克的治疗方案，具体的选择需要根据您的具体情况来确定。保守治疗是一种常见的治疗方式，它包括卧床休息、保持水电解质平衡、监测心率和血压等。但是，如果病情较为严重，可能需要进行手术治疗或其他药物治疗。

在选择治疗方案时，医生会根据您的病情、年龄、性别、基础疾病等因素来进行综合评估。如果您有任何疑问或需要进一步的帮助，请及时向医生咨询。医生会根据您的情况为您制定最合适的治疗方案。祝您早日康复！",-1
4,3,25,human,治病同时我更好怕我的宝宝受影响，心里很焦虑,43
4,3,25,model,"尊敬的患者，您好。我了解您目前面临的问题，担心治疗心源性休克会对宝宝产生影响，这是非常正常的情绪。在治疗过程中，我们会尽力确保您和宝宝的安全。

首先，心电生理检查是一种安全的检查方法，不会对宝宝产生任何影响。但是，如果您怀孕了，需要提前告知医生，以便医生采取相应的措施来保护宝宝。

其次，多普勒超声心动图是一种无创的检查方法，对宝宝的影响较小。但是，如果您怀孕了，需要提前告知医生，以便医生采取相应的措施来保护宝宝。

最后，动态心电图是一种记录24小时心电图的检查方法，需要在白天佩戴一个小型的便携式心电仪。这种检查方法不会对宝宝产生任何影响，但是需要您提前做好准备，包括佩戴好心电仪、保持安静、避免剧烈运动等。

总的来说，我们会根据您的具体情况来确定最合适的治疗方案，同时也会尽力确保您和宝宝的安全。如果您有任何疑问或需要进一步的帮助，请随时向医生咨询。祝您早日康复！",-1
