﻿1,3,2,human,我最近半年总出现耳鸣啊，有的时候眼前还会突然发黑，医生我很担心啊,70
1,3,2,model,"你好，我了解你的情况。耳鸣是一种常见的症状，可以有很多不同的原因。从你的描述来看，你可能患有耳源性眩晕。耳源性眩晕是指耳部疾病引起的眩晕，常伴随耳鸣和耳堵等症状。眼前突然发黑可能与低血压有关。

为了更好地帮助你，我建议你提供一些更详细的症状和病史信息。比如，你是否有听力下降、头痛、耳朵疼痛等症状？是否有过耳朵感染、外伤或其他相关疾病史？是否有家族中存在类似的疾病？

同时，我建议你进行一些必要的检查，如血常规、血压、血糖、耳鼻喉科检查等，以帮助确定诊断并排除其他疾病。

对于耳源性眩晕的治疗，我们通常会采取药物治疗和非药物治疗相结合的方式。药物治疗可以使用镇静药、抗晕动药或抗抑郁药等，以缓解症状。非药物治疗方面，可以进行物理治疗、行为治疗、心理治疗等，以帮助你恢复平衡功能和减轻症状。

最后，我希望你能够放松心情，积极配合医生的治疗，相信会有好转的。如果你还有其他问题或疑虑，可以随时向我咨询。祝你早日恢复健康！",-1
1,3,2,human,除了耳鸣意外，我这心脏也不大好，新冠转阴后心脏有的时候感觉不大舒服,192
1,3,2,model,"您好，根据您的描述，您最近出现了耳鸣和心脏不适的症状。耳鸣可能是耳源性眩晕引起的，但也有可能是其他原因引起的。建议您进行一些必要的检查，如血常规、血压、血糖、耳鼻喉科检查等，以帮助确定诊断并排除其他疾病。

至于心脏不适的感觉，新冠转阴后仍感到心脏不舒服，可能是由于其他原因引起的，如心脏疾病、焦虑等。建议您及时就医，进行心电图、心脏超声等检查，以明确诊断。同时，您可以注意休息，避免过度劳累，保持良好的心态，适当进行一些心理调节，有助于改善心脏不适的症状。

如果您还有其他问题或疑虑，可以随时向我咨询。祝您早日恢复健康！",-3
1,3,2,human,我有高血压，常年服用卡托普利类的降压药，血脂也有点高，之前吃过他丁类药，最近不吃了,159
1,3,2,model,"您好，根据您提供的情况，您是一位高血压患者，并且平时服用卡托普利类的降压药物，同时血脂也有点高。由于您最近停药了，建议您先进行血压监测，以确保血压稳定。另外，为了更好地了解您的病情，建议您进行血脂检查，并检查肾功能、尿常规等。

对于前列腺问题，建议您服用哈乐治疗。但是，卡托普利是一种常用的降压药，它的副作用相对较少，但是可能会引起头晕、乏力等症状。如果您出现了这些症状，建议您暂停使用，并咨询医生更换其他降压药物。

总之，针对您的情况，建议您定期监测血压和血脂，同时注意饮食和运动，避免过度劳累，保持良好的心态。如果出现任何不适或症状加重，请及时就医。祝您身体健康！",-2
1,3,2,human,15年前肺部结节切除术，现在上个楼梯就胸闷气短的,105
1,3,2,model,"尊敬的患者，您好。根据您的描述，您在15年前进行了肺部结节切除术，但现在上楼梯时感到胸闷气短。这种情况可能是由于手术后的并发症或肺部疾病引起的。建议您进行胸部CT检查，以确定手术后的情况。

另外，您提到有胸闷、气短等症状，这可能是由于肺部疾病引起的。建议您进行肺功能检查，以确定肺部功能情况。如果有必要，可以进行支气管镜检查，以排除支气管炎、结核、肿瘤等问题。

最后，建议您进行心电图检查，以排除心血管疾病的可能性。如果您有任何疑问或需要进一步的帮助，请随时咨询医生。祝您早日康复！",-3
1,3,2,human,我想进一步了解我的病情可以做那些检测,60
1,3,2,model,"您好，感谢您的咨询。针对您的病情，我们可以进行以下几项检查来进一步了解您的情况。首先是血常规检查，可以通过检查血液中的红细胞、白细胞、血小板等指标来了解您的贫血、炎症等情况。其次是肾功能检查，可以通过检查血液中的肌酐、尿素氮等指标来了解您的肾脏功能是否正常。另外，我们还可以进行肝功能检查、电解质检查、肝炎病毒标志物检查等，以了解您的肝功能和电解质情况是否正常，是否有肝炎等情况。此外，我们还可以进行尿液分析、肾盂输尿管造影等检查，以了解您的泌尿系统情况。

需要注意的是，以上检查项目仅为初步参考，具体检查项目还需要根据您的具体情况和医生的判断来决定。如果您还有其他问题或需要进一步了解，请随时向我提问。祝您早日康复！",-2
1,3,2,human,头晕症状是不是我的脑子出问题了，我很担心啊，我不能丢下我老伴,85
1,3,2,model,"亲爱的患者，您好。头晕是一种常见的症状，可能由多种原因引起。如果您的头晕症状持续存在，建议您尽快到医院进行检查，以明确病因。常见的头晕病因包括贫血、低血压、心律失常等。如果您的头晕症状是由低血压引起的，建议您注意饮食，避免过度饮水导致血容量增加，从而加重低血压的症状。如果您的头晕症状是由其他原因引起的，医生会根据您的具体情况制定相应的治疗方案。

同时，您提到您不能丢下您的老伴，这是非常 understandable 的。但是，作为医生，我们建议您尽量避免过度担心和焦虑，因为这可能会加重您的头晕症状。您可以尝试一些放松身心的方法，如深呼吸、冥想等，来缓解您的症状。同时，保持良好的生活习惯，如规律作息、适量运动等，也有助于改善您的身体状况。

最后，如果您有任何疑问或需要进一步的帮助，请随时向医生咨询。祝您早日康复！",-1
1,3,2,human,我是否通过服药去缓解我的症状，内心不想做手术，费用大还连累家人,98
1,3,2,model,您好，根据您的症状描述，可能是心脑血管方面的问题。建议您先进行一次全面的检查，包括血压、血脂、血糖等指标的检测，以确定病因。如果检查结果显示您的病情需要药物治疗，我们会为您开具适合您的药物处方，并定期进行复查。同时，我们也建议您积极调整生活方式，保持规律的作息和饮食习惯，适度运动，避免过度劳累和情绪波动。如果您有任何疑问或需要进一步的帮助，请随时向医生咨询。祝您早日康复！,-3
1,3,2,human,做颅脑CT有啥用啊，能查出病情吗,87
1,3,2,model,您好，颅脑CT检查主要用于检测颅脑结构和功能方面的问题。它可以帮助医生发现脑出血、脑梗塞、脑肿瘤、脑水肿、颅内感染等疾病，并能够对脑积水、脑囊肿、颅骨骨折、脑挫裂伤等损伤进行诊断。对于一些先天性疾病，如脑畸形、脑积水、脑积瘤、颅脑先天性畸形、蛛网膜下腔出血、动静脉畸形等，CT检查也能够发现。因此，颅脑CT检查在诊断颅脑疾病方面具有重要的作用。但是，具体的检查结果还需要结合临床症状和体征进行综合分析和判断。如果您有任何疑问或需要进一步的帮助，请随时向医生咨询。,-2
