﻿3,3,20,human,心源性晕厥有啥好的治疗方案,53
3,3,20,model,您好，心源性晕厥是一种比较常见的情况，通常可以通过药物治疗和生活方式改变来缓解症状。药物治疗方面，我们通常会使用一些抗心律失常药物，如普罗帕酮、利多卡因、奎尼丁、美西律等，以维持正常的心律和心室率。此外，我们还需要使用一些强心药物，如三尖杉酯碱、氢左旋咪唑、羟舒君注射液、羟强灵注射液等，以增强心肌收缩力和心排血量。如果症状严重，我们还可以考虑使用胺碘酮、普罗帕酮、利多卡因、卡托普利、双氢麦角隐亭、美西律、三尖杉酯碱、氢左旋咪唑、羟舒君注射液、羟强灵注射液等药物。此外，我们还建议您戒烟戒酒，避免食用含咖啡因的刺激性饮料，如咖啡、茶、可乐等，以及辛辣刺激性食物，如辣椒、花椒等。这些措施可以帮助您缓解症状，提高生活质量。如果您还有其他问题或需要更详细的建议，请随时向我提问。,-1
3,3,20,human,我近期出现晕厥，抽搐意识丧失等症状很是担心,48
3,3,20,model,您好，根据您的描述，您出现了晕厥、抽搐意识丧失等症状，这可能是癫痫的表现之一。癫痫是一种神经系统疾病，常见于儿童和老年人，但也可能发生在任何年龄段。建议您尽快到医院进行详细的检查和诊断，以便明确病因并进行有效的治疗。在治疗方面，我们通常会采用抗癫痫药物进行治疗，如丙戊酸镁片、卡马西平片、苯妥英钠片等，这些药物可以有效地控制癫痫的发作。同时，我们也需要注意休息，保证充足的睡眠和休息时间，避免过度疲劳和精神紧张，这些都有助于控制癫痫的发作。如果您还有其他问题或需要更详细的建议，请随时向我提问。,-3
3,3,20,human,心脏诊断室颤,39
3,3,20,model,您好，根据您提供的信息，您可能患有心脏室颤。室颤是一种心律失常，可能会导致心脏骤停。治疗方案需要根据您的具体情况而定，一般包括药物治疗和手术治疗。药物治疗可以帮助控制心律失常，但可能会导致副作用。而手术治疗可以永久性地治愈室颤，但需要考虑手术风险和恢复时间。建议您尽快到医院进行详细的检查和诊断，以便明确病因并进行有效的治疗。同时，您需要注意休息，避免过度疲劳和精神紧张，遵医嘱进行治疗和定期复查。如果您还有其他问题或需要更详细的建议，请随时向我提问。,-3
3,3,20,human,室颤有什么好的治疗方案吗,23
3,3,20,model,尊敬的患者，您好。室颤是一种严重的心律失常，需要及时治疗。根据您的病情，医生可能会采用药物治疗或手术治疗。药物治疗可以帮助控制心律失常，但可能会导致副作用。而手术治疗可以永久性地治愈室颤，但需要考虑手术风险和恢复时间。因此，建议您尽快到医院进行详细的检查和诊断，以便明确病因并进行有效的治疗。同时，您需要注意休息，避免过度疲劳和精神紧张，遵医嘱进行治疗和定期复查。如果您还有其他问题或需要更详细的建议，请随时向我提问。祝您早日康复！,-3
3,3,20,human,我是否可以选择保守治疗室颤,27
3,3,20,model,尊敬的患者，对于室颤的治疗，目前主要的治疗方法是药物治疗和手术治疗。药物治疗可以帮助控制心律失常，但可能会导致副作用。如果您患有室颤且病情较轻，医生可能会建议您采用保守治疗，即通过药物来控制室颤的发作。但是，如果您患有室颤且病情较重，医生可能会建议您进行手术治疗，以永久性地治愈室颤。手术治疗需要考虑手术风险和恢复时间，因此需要根据您的具体情况来决定最适合您的治疗方案。建议您尽快到医院进行详细的检查和诊断，以便明确病因并进行有效的治疗。同时，您需要注意休息，避免过度疲劳和精神紧张，遵医嘱进行治疗和定期复查。如果您还有其他问题或需要更详细的建议，请随时向我提问。祝您早日康复！,-2
3,3,20,human,我现在进行阿司匹林，氯吡格丁联合用药，有什么需要注意的,65
3,3,20,model,"您好，根据您提供的信息，您现在正在进行阿司匹林和氯吡格丁的联合用药，这是一种常用的抗凝药物，用于预防心脑血管疾病的发生。在使用这种药物时，需要注意以下几点：

1. 需要定期检查凝血酶原时间(PT)和国际标准化比值(INR)，以确保药物的剂量和治疗效果。

2. 在用药期间，需要避免食用富含维生素K的食物，如绿叶蔬菜、豆类、肝脏等，因为维生素K可以影响药物的抗凝效果。

3. 在用药期间，需要注意观察是否出现出血等不良反应，如果出现任何不适症状，请及时就医。

4. 如果正在使用其他药物，请告知医生，以便医生能够综合考虑药物之间的相互作用，避免不良反应的发生。

最后，建议您按照医生的指导进行用药，遵守药物的用法和用量，不要随意更改药物的剂量和用法，以免影响治疗效果和安全性。如果您有任何疑问或不适，请及时咨询医生。祝您健康！",-1
3,3,20,human,高血压和糖尿病以及吸烟史会对我后期治疗产生影响吗,46
3,3,20,model,尊敬的患者，您好。高血压、糖尿病和吸烟史都会对您的后期治疗产生一定的影响。首先，这些疾病会导致血管硬化，增加心血管疾病的风险。因此，您需要更加重视生活方式的改变，如戒烟、限制饮酒、保持健康的饮食习惯和适度的运动等，以帮助降低疾病的风险。其次，这些疾病会导致身体的代谢紊乱，增加患上其他疾病的风险。因此，您需要更加关注身体的营养和健康，以帮助控制疾病的进展。最后，这些疾病可能会导致一些并发症，如肾病、视网膜病变等。因此，您需要定期进行体检和治疗，以避免并发症的发生。如果您还有其他问题，欢迎随时向我咨询。祝您健康！,-3
3,3,20,human,吸烟十年很难戒,18
3,3,20,model,您好，我了解您想戒烟的问题。戒烟是一个长期的过程，需要您的毅力和坚持。首先，您可以制定一个戒烟计划，将戒烟时间分段，逐步减少吸烟量，以帮助您戒烟。其次，您可以尝试使用戒烟药物，如尼古丁替代疗法和非处方药物，以帮助减轻戒烟时的戒断症状。此外，您可以寻找一些戒烟辅助方法，如戒烟小组、戒烟支持热线等，以帮助您更好地戒烟。最后，您需要保持良好的生活习惯，如健康饮食、适度运动和充足的睡眠，以帮助您恢复身体的健康状态。如果您在戒烟过程中遇到任何问题，请随时咨询医生或寻求专业的戒烟帮助。祝您成功戒烟！,-2
3,3,20,human,医生建议ICD植入，这个有啥利弊吗,31
3,3,20,model,尊敬的患者，ICD（心脏复律除颤器）植入是一种安全的治疗方法，可以帮助您预防心脏病发作，并减少猝死的风险。ICD植入的适应证包括明显左心室肥厚、动态心电图诊断左室肥厚型心肌病、非动态心电图诊断的左室肥厚、非瓣膜性心肌病、家族性非综合征性左室肥厚、不明原因的晕厥或心动过缓等。ICD植入的优势在于可以有效地预防猝死的发生，提高患者的生活质量。但是，ICD植入也有一定的风险和副作用，例如植入部位的感染、出血、心包填塞等，但这些并发症的发生率相对较低。如果您有任何疑问或需要更多的信息，请随时向我提问。,-2
3,3,20,human,ICD费用怎么样，我一个人压力很大,29
3,3,20,model,尊敬的患者，您好。关于您的问题，心脏复律除颤器（ICD）植入手术的费用因医院而异，不同医院的收费标准也不一致。一般来说，市三甲医院的费用约为3000至8000元，具体费用还需要根据您的具体情况和手术方式来确定。如果您一个人面临高额费用感到压力很大，我建议您可以寻求家人或朋友的帮助，或者考虑申请医疗救助。同时，您也可以咨询医院的财务部门，了解更详细的费用情况，以便更好地做好经济准备。希望我的回答能对您有所帮助，如果您还有其他问题，欢迎随时向我咨询。祝您早日康复！,-3
