﻿5,2,37,human,孩子低头拿东西或者长时间站立就出现恶心头晕等症状,10
5,2,37,model,您好，根据您描述的症状，孩子可能存在颈椎问题，建议您带孩子去医院进行颈椎X线检查，以明确诊断。如果检查结果显示孩子颈椎曲度变直，可以考虑采用手法按摩、推拿、牵引、针灸、理疗、热敷、针刀、椎管内注射、小针刀等方法进行治疗。同时，建议孩子避免长时间低头或者站立，注意保持正确的坐姿和站姿，避免长时间低头看书、玩手机等不良习惯。如果症状严重，建议及时就医。如果您还有其他问题，请随时向我咨询。祝您和孩子健康！,-3
5,2,37,human,查出迷走性晕厥,16
5,2,37,model,您好，迷走性晕厥是一种常见的晕厥类型，通常由多种病因引起，如心律失常、脑血管病、内耳疾病、药物或毒品滥用等。治疗方法包括药物治疗、手术治疗和针刺疗法等。建议您带孩子到医院进行详细的检查和诊断，以确定病因和治疗方案。同时，建议孩子注意休息，避免长时间站立或坐着，保持良好的生活习惯和饮食习惯，避免过度疲劳和精神压力。如果您还有其他问题，请随时向我咨询。祝您和孩子健康！,-3
5,2,37,human,孩子早产，我孕期血糖有点高，会不会是导致孩子的病,4
5,2,37,model,早产和孕妇血糖高都可能会影响胎儿的健康，但并不是所有早产和孕妇血糖高都会导致孩子出现病。早产和孕妇血糖高都可能增加孩子出现疾病的风险。因此，建议您带孩子到医院进行详细的检查和诊断，以确定孩子的病因和治疗方案。同时，建议您注意孩子的饮食和生活习惯，保持良好的营养和休息，避免过度疲劳和精神压力。如果您还有其他问题，请随时向我咨询。祝您和孩子健康！,-3
5,2,37,human,家族里没有类似病情不适遗传的吧,3
5,2,37,model,迷走性晕厥是一种常见的晕厥类型，可能由多种病因引起，如心律失常、脑血管病、内耳疾病、药物或毒品滥用等。遗传因素也可能在某些情况下导致迷走性晕厥的发生。但是，由于迷走性晕厥的病因复杂，不同的病因所致的迷走性晕厥可能具有不同的遗传倾向。因此，尽管家族中有类似病情的患者，并不意味着孩子不会出现迷走性晕厥。建议您带孩子到医院进行详细的检查和诊断，以确定病因和治疗方案。同时，建议您注意孩子的饮食和生活习惯，保持良好的营养和休息，避免过度疲劳和精神压力。如果您还有其他问题，请随时向我咨询。祝您和孩子健康！,-1
5,2,37,human,医生建议起搏器，这样对病情恢复有帮助吗,6
5,2,37,model,对于患有心律失常或心律不齐等心脏问题的人，起搏器是一种常见的治疗方法。起搏器可以通过电刺激心脏，帮助恢复正常的心跳节律，从而缓解症状，改善患者的健康状况。对于您的孩子，如果确诊为心律失常或心律不齐，起搏器可能会对病情恢复有帮助。但是，具体是否需要起搏器治疗，还需要根据孩子的具体情况进行评估和决策。建议您带孩子到医院进行详细的检查和诊断，由专业医生根据孩子的病情和身体状况进行判断和建议。同时，也建议您注意孩子的饮食和生活习惯，保持良好的生活方式和规律的作息，有助于改善孩子的健康状况。如果您还有其他问题，请随时向我咨询。祝您和孩子健康！,-2
5,2,37,human,起搏器植入有完全恢复的可能吗,5
5,2,37,model,起搏器植入后，通常需要定期检查和调整，以确保其正常工作并达到预期的治疗效果。在合适的治疗和管理下，大多数患者能够完全恢复正常的生活和工作。起搏器植入后，患者需要进行定期的检查和监测，包括心电图、起搏器电池监测、心率监测、脉搏监测等。如果患者出现任何不适症状，应及时就医并进行治疗。因此，起搏器植入后需要长期的治疗和管理，以确保其正常工作并达到预期的治疗效果。同时，患者需要积极配合医生的治疗和管理，保持良好的生活习惯和心态，以促进康复和预防并发症的发生。如果您有任何疑问或需要进一步了解，请咨询您的医生。祝您和您的孩子健康！,-1
5,2,37,human,起搏器植入术后需要注意什么,6
5,2,37,model,"起搏器植入术后需要注意以下几点：

1. 遵守医生的治疗和管理方案，按时服药、定期复诊。

2. 保持起搏器清洁干燥，避免感染。

3. 避免过度运动和剧烈运动，以免对起搏器造成损伤。

4. 注意饮食，避免过量摄入咖啡因、酒精和刺激性食物。

5. 避免长时间站立或坐着，保持适当的休息和运动。

6. 注意心理调节，保持良好的心态和情绪。

7. 如果出现任何不适症状，如心悸、胸闷、头晕等，应及时就医。

8. 定期进行心电图检查，以监测起搏器的正常工作。

9. 如果需要进行起搏器更换或修复，需要在专业医生的指导下进行。

总之，起搏器植入术后需要患者和家人的密切配合和重视，遵守医生的治疗和管理方案，注意个人卫生和健康，定期进行检查和复诊，以确保起搏器的正常工作和治疗效果。如果您有任何疑问或需要进一步了解，请咨询您的医生。祝您和您的孩子健康！",0
5,2,37,human,术后可以带孩子坐飞机吗,7
5,2,37,model,通常情况下，术后带孩子坐飞机需要根据孩子的具体情况来决定。对于心律失常或心律不齐等心脏问题，由于起搏器对心脏的控制作用有限，因此在坐飞机时需要特别注意。如果孩子的病情稳定，需要坐飞机，建议在飞行前咨询医生的意见，根据医生的建议进行治疗和管理，以确保孩子的安全。如果孩子的病情不稳定，建议在医生的指导下进行治疗和管理，等到病情稳定后再考虑坐飞机。此外，在飞行前还需要进行详细的准备和检查，包括心电图、起搏器电池监测等，以确保孩子的安全。总之，如果孩子需要坐飞机，建议在医生的指导下进行治疗和管理，并根据医生的建议进行飞行前的准备和检查。如果您有任何疑问或需要进一步了解，请咨询您的医生。祝您和孩子健康！,-1
5,2,37,human,有什么健康指导意见,11
5,2,37,model,"作为医生，我建议您注意以下几点，以保持良好的健康状态：

1. 均衡饮食：饮食要均衡，注意摄入蛋白质、脂肪、碳水化合物、维生素和矿物质等营养素，避免过度摄入脂肪和糖分。

2. 定期运动：适当的运动有助于促进身体健康，提高免疫力和身体抵抗力。建议每天进行适量的有氧运动，如快走、游泳、跑步、骑车等。

3. 健康睡眠：保持良好的睡眠质量和睡眠时间，有助于调节身体机能，保持身体健康。

4. 心理健康：保持积极乐观的心态，避免过度压力和焦虑，可以通过心理咨询、放松训练等方式来缓解压力和焦虑。

5. 定期检查：定期进行体检、血液检查、心电图、B超等检查，以及根据医生的建议进行其他检查和治疗。

6. 预防疾病：注意个人卫生和环境卫生，避免接触病毒和细菌，如勤洗手、避免接触病人、避免去人多拥挤的场所等。

7. 合理用药：遵医嘱按时按量用药，不要自行增减药量或停药，避免药物滥用或对身体造成损害。

总之，保持健康的生活方式和心理状态，定期进行健康检查和治疗，是预防和治疗疾病、保持身体健康的重要措施。如果您有任何疑问或需要进一步了解，请咨询您的医生。祝您和您的孩子健康！",2
