﻿2,1,9,human,你好，我是张女士，33岁。最近3个多月晕倒了两次。发作都挺突然的，可能前几秒会有预感，有点头晕之后就两眼发黑，然后突然晕倒，第一次是被同事掐人中恢复意识，第二次自己提前蹲下缓了半分钟才好。,520
2,1,9,model,"您好,根据您的症状描述,可能是癫痫发作。建议您尽快到医院进行详细的检查和诊断,以便及时治疗和管理。同时,您可以注意以下几点:

1.保持良好的生活习惯,避免过度疲劳和精神压力;
2.避免吸烟和饮酒等不良习惯;
3.避免过度使用电子产品,如手机、电脑等;
4.遵医嘱服药,不要随意更改剂量或停药;
5.定期到医院进行复诊,及时调整治疗方案。

希望以上建议对您有所帮助。",3
2,1,9,human,平时工作压力太大，我总觉得未来一片黑暗，自己带两个孩子真的很累，觉都睡不好。,22
2,1,9,model,"非常抱歉听到您的不适。您需要尽快到医院进行全面的检查和治疗,以便及时治疗和管理。同时,您可以尝试以下措施缓解疲劳和压力:

1. 规律作息,保证充足的睡眠时间;
2. 加强锻炼,增强身体素质;
3. 饮食健康,注意营养均衡;
4. 避免过度使用电子产品,如手机、电脑等;
5. 学会放松自己,减轻压力。

祝您早日康复!",3
2,1,9,human,我平时偶尔会恶心，经常失眠，也很容易情绪紧张。,4
2,1,9,model,"您好,根据您的描述,您的症状可能与情绪紧张、焦虑有关。以下是一些缓解情绪紧张和焦虑的方法:

1. 放松身心:可以尝试深呼吸、冥想、瑜伽等放松技巧,减轻身体的紧张感。

2. 规律作息:保持规律的作息时间,每天固定的睡眠和起床时间,有助于调节身体的生物钟,缓解情绪紧张。

3. 适当运动:适当的运动可以释放身体中的紧张情绪,提高身体免疫力,有助于缓解情绪紧张。

4. 饮食健康:保持饮食健康,摄入足够的营养,避免过度饮酒和吸烟等不良习惯。

5. 学会放松:学会放松自己,减少压力,可以通过听音乐、看书、做瑜伽等方式来缓解情绪紧张。

希望以上建议能够帮助您缓解情绪紧张和焦虑,同时也建议您尽快到医院进行全面的检查和诊断,以便及时治疗和管理。",5
2,1,9,human,你觉得我有啥检查要做，或者你还想知道什么？,14
2,1,9,model,"您需要进行以下检查:

1. 头部CT或MRI检查,以排除颅内病变。
2. 血液检查,以排除贫血、低血糖等病因。
3. 心电图和脑电图检查,以排除心律失常、癫痫等病因。
4. 肺功能检查,以排除哮喘、慢性阻塞性肺疾病等病因。
5. 甲状腺功能检查,以排除甲状腺功能亢进等病因。

以上检查都需要医生根据您的具体情况进行详细的评估和决定,建议您尽快到医院进行全面的检查和诊断。同时,建议您注意休息,保持良好的心态和饮食习惯,避免过度疲劳和精神压力,加强锻炼,提高身体免疫力。",4
2,1,9,human,睡不着的时候会吃点安眠药，有慢性胃炎，经常胀气，之前还查处来过贫血。,14
2,1,9,model,"好的,祝您早日康复!",0
2,1,9,human,综合我的情况你觉得我最有可能是什么问题？,60
2,1,9,model,"您的症状可能与癫痫、贫血、胃炎、消化不良等多种疾病有关,但具体诊断需要医生根据您的具体情况进行详细的评估和决定。建议您尽快到医院进行全面的检查和诊断,以便及时治疗和管理。同时,您也可以注意以下几点:

1. 规律作息,保证充足的睡眠时间,有助于调节身体的生物钟,缓解情绪紧张。
2. 加强锻炼,增强身体素质,有助于缓解情绪紧张。
3. 饮食健康,注意营养均衡,避免过度饮酒和吸烟等不良习惯。
4. 学会放松:学会放松自己,减少压力,可以通过听音乐、看书、做瑜伽等方式来缓解情绪紧张。
5. 学会放松:学会放松自己,减少压力,可以通过听音乐、看书、做瑜伽等方式来缓解情绪紧张。

希望以上建议能够帮助您缓解情绪紧张和焦虑,同时也建议您尽快到医院进行全面的检查和诊断,以便及时治疗和管理。",6
2,1,9,human,你觉得应该如何治疗，对于这些治疗方法我应该如何选择？,3
2,1,9,model,"好的,祝您早日康复!",0
2,1,9,human,你觉得应该如何治疗，对于这些治疗方法我应该如何选择？,3
2,1,9,model,"您好,祝您早日康复!",0
2,1,9,human,你会给出哪些治疗方案？,26
2,1,9,model,"好的,祝您早日康复!",0
