﻿2,3,16,human,你好，我是张女士，33岁。最近3个多月晕倒了两次。发作都挺突然的，可能前几秒会有预感，有点头晕之后就两眼发黑，然后突然晕倒，第一次是被同事掐人中恢复意识，第二次自己提前蹲下缓了半分钟才好。我这是咋回事,14
2,3,16,model,"您好，根据您的描述，您最近晕倒了两次，这可能是一种叫做原发性晕厥的症状。原发性晕厥是指由于某些原因导致血压突然下降，血液供应不足，引起短暂意识丧失的一种疾病。原发性晕厥的常见原因包括心血管疾病、神经调节异常、体位性低血压等。

在您的情况下，晕厥可能与您的心血管状况有关。我建议您尽快去医院进行详细的检查，包括心电图、血压监测、心脏超声等，以确定病因。同时，您也可以注意一些生活习惯的改变，如避免站起过快、多喝水、保持充足的睡眠等，以减少晕厥的发生。

如果确诊为原发性晕厥，您的医生可能会建议您采取药物治疗，如β受体阻滞剂、钙通道阻滞剂等，以控制症状。此外，您还可以尝试一些生活方式的调整，如避免过度劳累、保持适当的运动、戒烟限酒等，以减轻症状并改善心血管健康。

最后，我建议您尽快去医院就诊，以便得到更详细的诊断和治疗方案。祝您早日康复！",4
2,3,16,human,平时工作压力太大，我总觉得未来一片黑暗，自己带两个孩子真的很累，觉都睡不好。,22
2,3,16,model,"尊敬的患者，您好。

我理解您在工作和家庭中面临的压力很大，这可能导致您睡眠质量下降，影响身体健康。建议您采取以下措施来缓解压力和改善睡眠质量：

1. 调整作息时间：保持规律的作息时间，每天定时上床睡觉，避免熬夜和过度劳累。

2. 放松技巧：尝试一些放松技巧，如深呼吸、冥想、瑜伽等，可以帮助您放松身心，改善睡眠质量。

3. 规律运动：适量的运动可以释放压力，提高睡眠质量，建议您每天进行30分钟到60分钟的有氧运动。

4. 饮食调整：保持健康的饮食习惯，避免过度饮酒和吃辛辣食物。

如果以上方法无法缓解您的压力和改善您的睡眠质量，建议您咨询专业医生的意见，以便得到更好的帮助。祝您身体健康，心情愉快！",4
2,3,16,human,我平时偶尔会恶心，经常失眠，也很容易情绪紧张，这和我的症状有关系吗,7
2,3,16,model,"您好，根据您的描述，恶心、失眠和情绪紧张可能与原发性晕厥有关。原发性晕厥是一种常见的晕厥症状，通常由于血压突然下降，导致血液供应不足，引起短暂意识丧失。情绪紧张和失眠可能会加重症状，导致晕厥发作的频率增加。

建议您及时就医，进行详细的检查和诊断，以确定病因并制定相应的治疗方案。同时，您可以尝试一些缓解症状的方法，如避免过度劳累、保持适当的运动、规律作息、饮食调整等，以减轻症状并改善心血管健康。

如果您的症状持续存在或加重，请及时咨询专业医生的意见，以便得到更好的治疗和管理。祝您早日康复！",3
2,3,16,human,我睡不太好，睡不着的时候会吃点安眠药，有慢性胃炎，经常胀气，之前还查出过贫血。,9
2,3,16,model,"您好，根据您提供的病情描述，您可能面临着多种健康问题。首先，您提到了失眠和胃炎，失眠可能会导致焦虑和抑郁等心理问题，同时也会影响睡眠质量和身体健康。长期使用安眠药可能会产生依赖和药物滥用的问题，建议在医生指导下合理使用。另外，慢性胃炎可能会引起胃痛、恶心、呕吐等症状，建议遵循医生的建议进行治疗。贫血可能是由于缺铁引起的，建议增加富含铁的食物，同时考虑补充铁剂。

除了这些问题，您还提到了胀气的问题，胀气可能会导致腹痛、腹胀等症状，建议避免吃易产生气体的食物，同时进行腹部按摩和适量的运动。

为了缓解您的症状，建议您及时就医进行全面的检查和诊断，以便找到症状的具体原因，并制定个性化的治疗方案。同时，保持良好的生活习惯，如规律饮食、适量运动、保持心情愉悦等，也有助于改善身体健康。

如果您有任何进一步的问题或需要进一步的帮助，请随时与医生联系。祝您身体健康！",5
2,3,16,human,你觉得我有啥检查要做，或者你还想知道什么？,6
2,3,16,model,"作为一款基于通用语言模型的医疗健康中文大语言模型，我主要专注于医疗领域的语言处理，因此，对于您的病情，我会尽力提供有用的建议和答案。如果您有任何需要，可以继续提问。

根据您的症状描述，您提到您经常失眠，并偶尔出现恶心的情况。除此之外，您是否还有其他不适症状，例如头痛、腹痛、腹泻等？您是否有任何慢性病史或者用药史？这些信息对于我来说非常重要，可以帮助我更准确地进行诊断和提供治疗建议。

另外，您也提到了您容易情绪紧张和焦虑，这可能与您的情绪和心理健康有关。如果您经常出现情绪波动和焦虑等情况，我建议您寻求心理咨询师或者心理医生的帮助，以便得到更全面的心理健康评估和治疗。

最后，如果您有任何关于医疗方面的问题或者需要进一步的帮助，都可以随时向我提问。我会尽力为您提供准确、全面的答案，并帮助您解决医疗问题。",4
2,3,16,human,暂时没有其他症状，我需要做什么检查吗,42
2,3,16,model,"根据您目前提供的信息，暂时没有其他症状，您不需要立即进行任何检查。但是，我建议您定期进行体检，以及关注一些重要的健康指标，如血压、血糖、血脂等。这些指标的异常值可能提示一些潜在的健康问题，因此建议您定期进行检查并保持健康的生活方式。

另外，由于您提到您经常失眠，我建议您尝试一些改善睡眠质量的方法，如保持规律的作息时间、避免饮食刺激物、保持舒适的睡眠环境等。如果这些方法无法改善您的睡眠问题，您可以咨询医生，寻求一些药物治疗的建议。

总之，保持健康的生活方式、定期进行体检以及关注健康指标是保持身体健康的重要措施。如果您有任何其他疑问或者需要进一步的帮助，请随时向我提问。祝您身体健康！",4
2,3,16,human,综合我的情况你觉得我最近的晕倒最有可能是什么问题？,10
2,3,16,model,"根据您提供的信息，我无法确定您的晕倒具体原因。晕倒可能与多种因素有关，如心血管系统问题、神经问题、代谢问题等。因此，我建议您尽快到医院进行详细的身体检查，包括心电图、血液检查、头部CT等，以便确定晕倒的原因并制定相应的治疗方案。

此外，您提到您经常失眠，恶心，容易情绪紧张，这些也可能与晕倒有关。因此，我建议您在医生的指导下进行全面的身体检查，并配合心理咨询师或心理医生的治疗，以便更好地解决这些症状和改善您的整体健康状况。

最后，我还建议您保持积极乐观的心态，避免过度焦虑和压力，这有助于改善您的症状和提高生活质量。如果您还有其他问题，请随时向我提问。祝您早日康复！",4
2,3,16,human,你觉得应该如何治疗，对于这些治疗方法我应该如何选择？,9
2,3,16,model,"对于原发性晕厥的治疗方法，首先需要明确病因。治疗的目标是预防晕厥发作，提高生活质量。

根据病因不同，治疗方法也有所不同。如果原发性晕厥是由于血压过低导致的，可以考虑药物治疗，如β受体阻滞剂、血管紧张素转换酶抑制剂等。此外，一些非药物治疗方法也可以尝试，如改变体位、进行锻炼等。

如果原发性晕厥是由于其他原因导致的，如心脏问题、神经系统问题等，治疗方法会有所不同。例如，对于心脏问题，可能需要进行手术治疗或者药物治疗；对于神经系统问题，可能需要进行药物治疗或者物理治疗。

对于治疗方法的选择，建议您咨询专科医生的意见，根据具体情况进行选择。专科医生会根据您的病情、病史、体检结果等综合因素进行评估和判断，并给出最适合您的治疗方案。

此外，治疗期间，您还应该注意调整生活方式，避免过度劳累、情绪紧张等可能诱发晕厥的因素。保持良好的生活习惯和规律的作息时间，有助于改善症状并预防晕厥发作。

总之，针对原发性晕厥的治疗方法多样，具体的治疗方案应根据病因进行选择。建议您及时就医，进行详细的检查和诊断，以便找到症状的具体原因，并制定个性化的治疗方案。同时，积极调整生活方式，保持良好的心态和健康的生活习惯，有助于改善症状并预防晕厥发作。如果您还有其他问题，请随时向我提问。祝您早日康复！",7
2,3,16,human,请用表格的形式展示可以给我开的药物，包括药物的名称、治疗方面、副作用、可能的价格,28
2,3,16,model,"尊敬的患者，以下是一些常见的药物及其治疗方面、副作用、价格的表格供您参考：

1. 阿司匹林肠溶片：用于预防心脑血管疾病，常见副作用有胃肠道不适、过敏等，价格：约50元。

2. 盐酸倍他司汀片：用于降血脂，常见副作用有心动过速、肝功能异常等，价格：约100元。

3. 盐酸多西环素片：用于抗感染，常见副作用有胃肠道不适、过敏等，价格：约10-20元。

4. 马来酸曲美布汀分散片：用于抗心绞痛，常见副作用有心动过速、头晕等，价格：约150元。

5. 盐酸左西替利嗪片：用于抗过敏，常见副作用有头晕、乏力等，价格：约50元。

请注意，以上药物的价格可能会因不同地区、药店的差异而有所变化。在使用药物时，建议您遵循医生的建议，按照药物说明书正确使用药物，并注意可能的副作用和注意事项。如果您有任何疑问，请咨询医生或药师的意见。

希望以上信息对您有所帮助，祝您早日康复！",6
2,3,16,human,还有什么想问的吗,24
2,3,16,model,您好，感谢您的提问。除了上述内容，如果您还有其他问题或需要进一步的帮助，请随时向我提问。我会尽力为您提供准确、全面的答案，并帮助您解决医疗问题。同时，建议您在日常生活中注意饮食和作息的规律，避免过度劳累和情绪紧张等因素，这些都有助于改善您的症状和提高生活质量。另外，如果您有其他需要咨询的问题，也可以随时向我提问，我会尽力为您解答。祝您身体健康！,2
2,3,16,human,什么是β受体阻滞剂、钙通道阻滞剂，干啥用是,63
2,3,16,model,"尊敬的患者，β受体阻滞剂和钙通道阻滞剂是两种常用的药物，用于心血管疾病的治疗。β受体阻滞剂主要用于治疗高血压、心绞痛、心肌梗死等心血管疾病，通过阻断β受体的作用，可以降低心脏的收缩力、心率和血压，从而减轻心脏负担，改善心脏功能。而钙通道阻滞剂主要用于治疗心绞痛、心肌梗死等疾病，通过阻断钙通道的作用，可以扩张冠状动脉，增加心肌血流，从而缓解心绞痛症状。

需要注意的是，使用这些药物时需要遵循医生的建议，按照药物说明书正确使用药物，并注意可能的副作用和注意事项。如果您有任何疑问或需要进一步的帮助，请随时向医生咨询。谢谢！",4
