﻿2,2,15,human,你好，我是张女士，33岁。最近3个多月晕倒了两次。发作都挺突然的，可能前几秒会有预感，有点头晕之后就两眼发黑，然后突然晕倒，第一次是被同事掐人中恢复意识，第二次自己提前蹲下缓了半分钟才好。我这是咋回事,12
2,2,15,model,您好，张女士，根据您的描述，您可能出现了眩晕症状。眩晕是一种常见的症状，可能由多种原因引起，包括颈椎病、脑部疾病、内耳疾病等。建议您到医院进行详细的检查，包括颈椎、脑部和内耳等方面的检查，以确定病因。同时，您可以注意一些生活习惯的调整，如避免长时间低头、保持充足的睡眠、避免过度疲劳等。如果您有其他症状或疑虑，也可以告诉我，我会尽力帮助您。祝您早日康复！,3
2,2,15,human,情绪：平时工作压力太大，我总觉得未来一片黑暗，自己带两个孩子真的很累，觉都睡不好。你还有什么想了解的吗,12
2,2,15,model,非常感谢您的分享，我了解到您最近出现了两次晕倒的症状，同时您也感到工作压力大，睡眠质量不佳，这些都可能对您的身体和健康产生影响。建议您可以尝试一些放松的方法，如深呼吸、瑜伽、冥想等，以缓解紧张和焦虑情绪。此外，您可以与家人或朋友沟通，寻求他们的支持和帮助，也可以考虑寻求专业的心理咨询或治疗。最后，我建议您定期进行身体检查，以及遵循医生的治疗方案，以保持身体健康和预防疾病。如果您有任何其他问题或疑虑，请随时与我联系。,3
2,2,15,human,我平时偶尔会恶心，经常失眠，也很容易情绪紧张，这和我的症状有关系吗,7
2,2,15,model,恶心、失眠和情绪紧张都可能是多种疾病的症状，包括焦虑、抑郁症、神经衰弱等。建议您到医院进行全面的身体检查，包括神经系统、消化系统和睡眠系统等方面，以确定病因。同时，您可以尝试一些自我调节的方法，如规律作息、避免过度疲劳、多进行运动、放松训练等。如果需要，您也可以考虑寻求专业的心理咨询或治疗，以帮助您缓解症状和改善生活质量。如果您有任何其他问题或疑虑，请随时与我联系。,3
2,2,15,human,我睡不太好，睡不着的时候会吃点安眠药，有慢性胃炎，经常胀气，之前还查出过贫血。,3
2,2,15,model,安眠药并不是长期治疗失眠的最佳选择，长期使用可能会对身体产生负面影响，如依赖、睡眠呼吸暂停综合征等。建议您到医院进行详细的检查和评估，以确定失眠的原因。根据您的病史和症状，您可能需要进行进一步的检查和治疗，如胃镜、贫血检查、睡眠监测等。同时，您可以尝试一些非药物治疗方法，如规律作息、放松训练、认知行为疗法等。如果您有任何其他问题或疑虑，请随时与我联系。,3
2,2,15,human,你觉得我有啥检查要做，或者你还想知道什么？,5
2,2,15,model,"您好，张女士，根据您的症状和病史，建议您进行以下检查和评估：

1. 睡眠监测：可以评估您的睡眠质量和睡眠障碍，包括入睡困难、睡眠中断、睡眠呼吸暂停等。

2. 睡眠脑电图：可以评估您的睡眠脑电信号，以了解您是否存在睡眠障碍。

3. 胃镜：可以检查您的胃部状况，如胃炎、胃溃疡等。

4. 贫血检查：可以评估您的贫血程度和原因。

5. 心理评估：可以评估您的心理状态和情绪状况，包括焦虑、抑郁、心理创伤等。

此外，如果您能够提供更多的病史和症状信息，我也可以更详细地了解您的情况，并为您提供更具体的建议和治疗方案。

最后，希望您能及早就医，积极配合医生的治疗，保持良好的心态和生活习惯，以促进身体健康和恢复。如果您有任何其他问题或疑虑，请随时与我联系。",6
2,2,15,human,综合我的情况你觉得我最近的晕倒最有可能是什么问题？,9
2,2,15,model,"根据您的症状，晕倒可能是由多种原因引起的，包括低血压、低血糖、贫血、颈椎病、脑血管疾病等。由于您最近晕倒的频率和情况，我建议您到医院进行详细的身体检查，包括血压、血糖、贫血、颈椎、脑部等方面的检查，以确定病因。同时，您也可以考虑进行一些辅助检查，如心电图、脑部影像学检查等，以评估您的心血管和神经系统状况。

在等待进一步检查结果的过程中，您可以尝试一些自我调节的方法，如避免过度疲劳、保持足够的睡眠、避免过度饮酒、避免吸烟等。同时，您也可以尝试一些放松训练，如深呼吸、瑜伽、冥想等，以缓解紧张和焦虑情绪。

最后，如果您出现任何不适或疑虑，建议您尽快就医。如果您有其他问题或疑虑，请随时与我联系。祝您早日康复！",5
2,2,15,human,你觉得应该如何治疗，对于这些治疗方法我应该如何选择？,13
2,2,15,model,"治疗方法需要根据您的具体情况和病因确定，一般包括以下几种：

1. 药物治疗：如抗抑郁药、抗焦虑药、镇定药等，可以缓解症状和改善情绪。

2. 心理治疗：如认知行为疗法、人际疗法、心理动力疗法等，可以帮助您改善情绪和行为。

3. 物理治疗：如针灸、按摩、理疗等，可以缓解肌肉疼痛和紧张。

4. 手术治疗：如颅内肿瘤切除术、颈椎手术等，可以治疗神经系统疾病。

在选择治疗方法时，需要根据您的具体情况和病因进行综合评估，包括病情的严重程度、病因、病史、年龄、身体状况等因素。同时，治疗过程中需要遵循医生的建议和指导，如按时服药、定期复查、注意饮食等，以促进治疗效果和预防不良反应。

最后，建议您积极配合医生的治疗，保持良好的心态和生活习惯，以促进身体健康和恢复。如果您有任何其他问题或疑虑，请随时与我联系。祝您早日康复！",7
2,2,15,human,你觉得应该如何治疗，对于这些治疗方法我应该如何选择？,13
2,2,15,model,"治疗方法需要根据您的具体情况和病因确定，一般包括以下几种：

1. 药物治疗：如抗抑郁药、抗焦虑药、镇定药等，可以缓解症状和改善情绪。

2. 心理治疗：如认知行为疗法、人际疗法、心理动力疗法等，可以帮助您改善情绪和行为。

3. 物理治疗：如针灸、按摩、理疗等，可以缓解肌肉疼痛和紧张。

4. 手术治疗：如颅内肿瘤切除术、颈椎手术等，可以治疗神经系统疾病。

在选择治疗方法时，需要根据您的具体情况和病因进行综合评估，包括病情的严重程度、病因、病史、年龄、身体状况等因素。同时，治疗过程中需要遵循医生的建议和指导，如按时服药、定期复查、注意饮食等，以促进治疗效果和预防不良反应。

最后，建议您积极配合医生的治疗，保持良好的心态和生活习惯，以促进身体健康和恢复。如果您有任何其他问题或疑虑，请随时与我联系。祝您早日康复！",7
2,2,15,human,请用表格的形式展示可以给我开的药物，包括药物的名称、治疗方面、副作用、可能的价格,8
2,2,15,model,"当然，以下是一个关于药物的表格，包括了一些常见的药物名称、治疗方面、副作用以及可能的价格，供您参考：

| 药物名称 | 治疗方面 | 副作用 | 价格(元/盒) |
| --- | --- | --- | --- |
| 阿司匹林 | 抗炎镇痛 | 胃肠道不适，出血 | 10-15元/盒 |
| 布洛芬 | 抗炎镇痛 | 胃肠道不适，肝肾损伤 | 20-30元/盒 |
| 曲安奈德 | 抗炎镇痛 | 皮肤过敏，消化道不适 | 30-40元/盒 |
| 头孢氨苄 | 抗生素 | 皮疹，过敏反应 | 60-80元/盒 |
| 阿托伐他汀 | 降脂治疗 | 高胆固醇，肌肉疼痛 | 100-150元/盒 |
| 替格瑞洛 | 降脂治疗 | 肌肉疼痛，低血压 | 100-150元/盒 |

以上药品价格仅供参考，具体价格可能会因地区和药店不同而有所差异，建议您在购买药品时，咨询医生或药师的建议，以确保药品的使用安全和有效。同时，药品的使用需要遵循医生的指导和处方，以避免不必要的副作用和风险。

最后，如果您有任何其他问题或疑虑，请随时与我联系。祝您早日康复！",9
