﻿1,2,5,human,你好我是患者马先生，男性82岁，我最近有点头脑不清爽，耳朵里面总有声音，经常眼前发黑，还摔了几次，有时候心跳的很快，躺着会好点，稍微动动就喘不过来气，你看看咋回事,82
1,2,5,model,您好，马先生，根据您的描述，您可能患有心脑血管疾病。您出现头脑不清爽、耳鸣、眼前发黑、心跳过快、呼吸困难等症状，这些都可能与心脑血管疾病有关。建议您尽快到医院进行心脑血管检查，包括血压、血脂、血糖、血粘度、心电图、脑CT、脑多普勒、脑血流、颈动脉超声等，以明确诊断。如果确诊为心脑血管疾病，您需要积极治疗，控制血压、血脂、血糖，预防脑梗死。同时，您还需要注意饮食，少吃高盐高脂高糖的食物，保持良好的心态和睡眠质量。如果您有其他问题或疑虑，请随时向我咨询。祝您早日康复！,7
1,2,5,human,我现在血压有点高，一直吃那个降压药，糖尿病倒是没有，很多年前脑梗过，当时话都不好讲，左腿都动不了，你看看这和我的症状有啥关系吗，,22
1,2,5,model,马先生，您的高血压和脑梗塞可能会增加心脑血管疾病的风险，导致您出现头脑不清爽、耳鸣、眼前发黑、心跳过快、呼吸困难等症状。因此，建议您继续按照医生的建议进行降压治疗，并定期进行心脑血管检查，以及根据医生的建议调整药物剂量和种类。同时，您还需要注意饮食，减少高盐高脂高糖的食物，保持良好的心态和睡眠质量。如果您的症状没有明显改善，建议您及时就医，接受进一步的检查和治疗。祝您早日康复！,5
1,2,5,human,刚刚做了一个心脏超声，说左心室肥大右心房扩大，心电图说有永久性房颤。,43
1,2,5,model,马先生，根据您的心脏超声和心电图结果，您的左心室肥大和右心房扩大，同时出现了永久性房颤。这些结果都提示您的心脏可能存在一些问题，需要进一步的检查和治疗。建议您及时就医，进行详细的检查和评估，以确定病情的严重程度和治疗方案。在治疗方面，除了药物治疗外，您还需要注意饮食和生活习惯，避免过度劳累和情绪波动，保持良好的心态和睡眠质量。同时，定期进行心电图监测和心脏超声检查，以及遵循医生的治疗方案，可以帮助您控制病情，预防并发症的发生。祝您早日康复！,6
1,2,5,human,哦对了，我常年吸烟，之前还切除过肺部结节，反正肺情况不太好,4
1,2,5,model,马先生，您长期吸烟，切除肺部结节，这些都增加了心脑血管疾病的风险。因此，建议您尽快戒烟，以减少心脑血管疾病的发生风险。同时，您还需要注意饮食，减少高盐高脂高糖的食物，保持良好的心态和睡眠质量。在治疗方面，除了药物治疗外，您还需要积极进行康复锻炼，保持良好的心态和心理状态，避免过度紧张和焦虑。如果您的症状没有明显改善，建议您及时就医，接受进一步的检查和治疗。祝您早日康复！,5
1,2,5,human,综合我的情况你觉得我最有可能是什么问题？,5
1,2,5,model,根据您的描述，您出现了头脑不清爽、耳鸣、眼前发黑、心跳过快、呼吸困难等症状，这些都可能与心脑血管疾病有关。您还有高血压和心脑血管病史，左心室肥大和右心房扩大，同时出现了永久性房颤。因此，您可能存在心脑血管疾病的风险。建议您尽快到医院进行心脑血管检查，包括血压、血脂、血糖、血粘度、心电图、脑CT、脑多普勒、脑血流、颈动脉超声等，以明确诊断。根据您的病情，您可能需要进行降压治疗、抗凝治疗和抗心律失常治疗等。同时，您还需要注意饮食，避免高盐高脂高糖的食物，保持良好的心态和睡眠质量，积极进行康复锻炼，以及定期进行心脑血管检查和治疗。如果您的症状没有明显改善，建议您及时就医，接受进一步的检查和治疗。祝您早日康复！,9
1,2,5,human,我新冠刚好，是不是病毒搞的鬼,22
1,2,5,model,马先生，您新冠病毒感染刚刚康复，出现心脑血管疾病的风险可能会有所增加。由于新冠病毒可能导致心脑血管疾病的发生，因此建议您在治疗过程中特别注意保护心血管系统，避免过度劳累和情绪波动，保持良好的心态和睡眠质量。同时，您还需要注意饮食，避免高盐高脂高糖的食物，积极进行康复锻炼，以及定期进行心脑血管检查和治疗。如果您的症状没有明显改善，建议您及时就医，接受进一步的检查和治疗。祝您早日康复！,5
1,2,5,human,能不能开点药，我不想做手术，药开的也便宜点，最好都能报销,130
1,2,5,model,"马先生，根据您的病情，建议您服用以下药物：
1. 阿司匹林肠溶片，用于预防血栓形成。
2. 阿托伐他汀钙片，用于降低血脂。
3. 比索洛尔，用于控制心率和血压。
4. 曲美他嗪片，用于控制心律失常。
这些药物可以缓解您的症状，减轻心脑血管疾病的风险。但是，这些药物需要医生的处方才能购买，并且需要按照医生的建议和剂量使用。此外，这些药物需要您支付一定的费用，具体费用会根据药品种类和您所在的地区有所不同。如果您的医保卡可以报销，您可以考虑使用医保卡购买药物。如果您的医保卡无法报销，您需要自费购买。另外，建议您定期进行心脑血管检查和治疗，以及遵守医生的治疗方案。祝您早日康复！",9
1,2,5,human,CT和MRI很必要做吗，太贵了,48
1,2,5,model,马先生，对于心脑血管疾病患者，进行心脑血管检查和治疗非常重要。其中，CT和MRI是常用的检查方法，可以帮助医生了解心脑血管疾病的情况。如果您的病情比较严重，医生可能会建议您进行心脑血管造影检查，以更加准确地了解病情。关于费用问题，CT和MRI检查的费用相对较高，但是对于心脑血管疾病患者来说，检查和治疗的费用非常重要。如果您需要进行心脑血管检查和治疗，建议您提前了解医保政策，了解医保卡的报销范围和额度，以便更好地掌握自己的医疗费用。此外，您可以咨询医院或诊所的医生，了解是否有其他的检查和治疗方案，以便更好地控制病情。最后，提醒您，心脑血管疾病是不可忽视的疾病，需要您高度重视，积极进行治疗和管理。祝您早日康复！,8
1,2,5,human,你还有哪些想问的？或者有哪些建议,74
1,2,5,model,"马先生，除了心脑血管疾病外，您还可能存在其他疾病或健康问题，比如高血压、糖尿病、高血脂等。建议您进行全面的身体检查，包括常规血液、尿液、心电图、肝肾功能、血脂、血糖、心脑血管病史、家族病史等方面的检查，以便更好地了解自己的身体状况。

另外，建议您保持健康的生活方式，注意饮食、锻炼、睡眠、压力管理等方面的调节。适量运动，保持正常的体重，戒烟戒酒，避免过度劳累，保持心态平衡等都是预防和控制心脑血管疾病的重要措施。

最后，建议您定期进行心脑血管检查和治疗，及时发现和治疗病情，避免病情加重。如果您有任何不适或疑问，建议及时就医，接受专业医生的诊治。祝您健康！",9
