﻿3,2,24,human,我是王先生，56岁，之前在家里站着的时候突然倒下抽搐并失去意识，几秒后恢复意识，但头被磕破了，同时胸痛。叫了120，送到医院时又抽搐了两次，失去意识，可能两秒后恢复。我这是什么问题,11
3,2,24,model,您好，根据您的描述，您可能出现了癫痫发作。癫痫是一种神经系统疾病，可能由多种因素引起，如遗传、脑部损伤、感染等。建议您进行脑部影像检查，如CT或MRI，以确定是否存在脑部损伤或异常。同时，您需要进行脑电图检查，以确定癫痫的类型和发作频率。治疗方面，您需要在医生的指导下进行药物治疗，以控制癫痫的发作。此外，您还需要注意避免过度劳累、精神紧张等诱发因素。如果您有任何疑问，请随时咨询医生。祝您早日康复。,3
3,2,24,human,我目前独居，由于是创业，压力很大，每天可能工作18小时以上，也没时间吃饭，吃的东西都比较油腻，你还有什么想问的？,5
3,2,24,model,非常感谢您提供的信息。考虑到您的情况，建议您尽量避免过度劳累和精神紧张，保证充足的休息和饮食。同时，您需要定期进行脑部影像检查和脑电图检查，以及遵循医生的治疗方案进行药物治疗。如果您有任何不适或疑问，可以随时向医生咨询。另外，建议您寻求家人、朋友或社区的支持，以减轻心理压力和焦虑情绪。最后，祝您身体健康，早日康复。,2
3,2,24,human,我有高血压和糖尿病，平时有吃降压药和打胰岛素，吸了20年烟了，抽的挺厉害的，一月前胸口疼痛，当时说是急性心肌梗塞，随后植入支架3枚，在心内科住院2周出院，在吃阿司匹林和氯吡格雷,3
3,2,24,model,非常感谢您提供的额外信息。由于您有高血压、糖尿病、吸烟史等风险因素，建议您定期进行血压、血糖、血脂等检查，以及进行心电图、心脏超声等检查，以了解心脏健康情况。此外，您需要继续进行降压药物和胰岛素治疗，以及阿司匹林和氯吡格雷的预防治疗，以减少心血管疾病的风险。在生活中，您需要保持良好的饮食习惯，避免高脂、高盐、高糖等食物，同时适量进行体育锻炼，以保持身体健康。如果您有任何疑问或不适，可以随时向医生咨询。最后，祝您身体健康，生活愉快。,4
3,2,24,human,你觉得我有啥检查要做，或者你还想知道什么？,2
3,2,24,model,"根据您的情况，建议您进行以下检查：

1. 心电图：可以了解心脏的电活动情况，包括心律不齐、心肌缺血等。

2. 心脏超声：可以了解心脏的结构和功能，包括心肌收缩能力、心腔大小等。

3. 血脂检查：可以了解血脂水平，包括胆固醇、甘油三酯等。

4. 血糖检查：可以了解血糖水平，包括空腹血糖、餐后血糖等。

5. 血压检查：可以了解血压水平，包括舒张压和收缩压等。

此外，您还需要进行一些常规的体检，如身高、体重、腰围、血压、脉搏、呼吸等基本指标的测量。

最后，建议您咨询医生，根据医生的建议进行检查和治疗。同时，需要注意保持健康的生活方式，包括戒烟、戒酒、控制饮食、适量运动等。希望您能够早日恢复健康。",6
3,2,24,human,"监护心电图显示:2,3,avF导联ST段压低，短阵室颤。到达急诊后心电图及心肌酶检测提示:陈旧心肌梗塞，快速心律失常:室颤。",2
3,2,24,model,"根据您提供的信息，您的监护心电图显示ST段压低和短阵室颤，同时心肌酶检测提示陈旧心肌梗塞和快速心律失常。这些结果表明您可能曾经出现过心肌梗塞，并可能存在心律失常的风险。

建议您在医生的指导下进行进一步的检查，包括心电图、心脏超声、血液检查等，以确定您的心脏状况。同时，您需要按照医生的建议进行药物治疗，如抗血小板、抗凝、降压等，以预防心血管事件的发生。

此外，建议您改变不健康的生活方式，如戒烟、戒酒、控制饮食、适量运动等，以减少心血管疾病的风险。如果您的症状有加重或出现新的不适，应及时就医。

最后，祝您早日康复，保持健康的生活方式，预防心血管疾病的发生。",5
3,2,24,human,综合我的情况你觉得我最近的晕倒最有可能是什么问题？,3
3,2,24,model,"根据您提供的症状，您最近的晕倒可能与心律失常有关。心律失常是指心脏的节律出现异常，导致心跳过快、过慢或出现心跳不规律等症状。

心律失常的种类很多，其中最常见的是室性心律失常，如室上性心动过速、室性心动过缓等。这些心律失常可能导致晕倒等症状，尤其是对于存在心血管疾病风险的人群，如高血压、糖尿病、心脏病等。

建议您到医院进行心电图、心肌酶等检查，以明确是否存在心律失常。如果确诊为心律失常，医生会根据您的具体情况制定相应的治疗方案，包括药物治疗、手术治疗等。同时，您需要避免过度劳累、精神紧张等因素，保持良好的生活习惯，如戒烟、戒酒、控制饮食、适量运动等，以预防心血管疾病的发生。

最后，建议您及时就医，并按医生的建议进行治疗。希望您早日康复，保持健康！",6
3,2,24,human,你觉得应该如何治疗，对于这些治疗方法我应该如何选择？,5
3,2,24,model,"对于心律失常，治疗方法有很多种，具体要根据您的具体情况来选择。一般来说，治疗心律失常的方法包括以下几种：

1. 药物治疗：包括抗心律失常药物、β受体阻滞剂、钙拮抗剂等，可以控制心律失常的发作。

2. 电生理治疗：包括心律调节器、电除颤等，可以恢复正常的心律。

3. 手术治疗：如心脏起搏器植入、心脏射频消融术等，可以根治心律失常。

4. 介入治疗：如冠状动脉支架植入、冠状动脉球囊扩张术等，可以改善心肌缺血。

具体治疗方法的选择要根据您的病情和医生的建议来进行。对于存在心肌梗塞的患者，治疗应该重点放在预防再次心梗和改善心功能上。建议您到医院进行详细的检查，包括心电图、心脏超声、血液检查等，以明确您的病情和治疗方案。

同时，除了治疗，您还需要注意日常生活中的健康，如戒烟、戒酒、控制饮食、适量运动等，以预防心血管疾病的发生。

最后，建议您在医生的指导下进行治疗，根据医生的建议进行治疗和管理。希望您早日康复，保持健康！",8
3,2,24,human,医生希望我住院治疗并植入心律转复除颤器(ICD)，我想了解 ICD植入的更多信息,2
3,2,24,model,"心律转复除颤器(ICD)是一种治疗心律失常的植入性医疗器械，可以帮助恢复正常的心律，预防心室颤、猝死等心脏事件的发生。

ICD植入手术需要在医院进行，通常需要在局部麻醉或全身麻醉下进行。植入手术后，ICD将会在您的心脏内部发挥作用，自动监测心电图，在心律失常发作时，ICD会自动发出电击，恢复正常的心律。

ICD植入手术一般需要住院数天至一周不等，手术后需要密切监测和管理，以确保ICD的正常工作。ICD植入手术需要经过专业的医生和设备进行，手术过程中需要遵循严格的消毒和操作流程，以避免感染和手术风险。

植入ICD后，您需要定期进行随访和检查，以确保ICD的正常工作和预防并发症的发生。同时，您还需要按照医生的建议进行药物治疗和管理，以提高治疗效果。

总之，ICD植入是一项重要的治疗手段，可以帮助恢复正常心律，预防心室颤等心脏事件的发生。在考虑ICD植入手术时，建议您与医生充分沟通，了解手术的风险和效果，并根据医生的建议进行决策。",10
3,2,24,human,有啥好处和坏处，是不是真的适合我，以及它ICD的电池寿命，价格会不会很贵。,1
3,2,24,model,"ICD植入的好处和坏处：

好处：
1. 防止心室颤和猝死：ICD可以帮助恢复正常的心律，预防心室颤等心脏事件的发生。
2. 减少心肌缺血：ICD可以通过自动放电，恢复正常心律，减少心肌缺血的发生。
3. 提高生活质量：ICD可以帮助您恢复正常的心律，减轻心脏负荷，提高生活质量。

坏处：
1. 植入ICD需要进行手术，存在手术风险。
2. ICD可能会导致心律失常，例如心房颤动等。
3. ICD需要定期进行检查和更换电池，存在维护成本。

是否适合您：
ICD是否适合您，需要根据您的具体情况来判断。如果您的心律失常症状较为明显，ICD可以帮助您恢复正常心律，预防心室颤等心脏事件的发生。但是，如果您的症状较轻，或者您的病情不适合ICD治疗，那么可能需要选择其他治疗方法。

ICD的电池寿命：ICD的电池寿命一般为5年左右，在电池寿命到期时，需要进行更换。

ICD的价格：ICD的价格因地区和医院而异，一般在10万元左右。但是，具体的费用需要根据医生和医院的建议来进行决策。

总的来说，ICD是一种有效的治疗心律失常的手段，但是需要根据您的具体情况来选择是否适合进行植入，并且需要进行长期的随访和管理。同时，在进行ICD植入手术时，需要进行充分的评估和讨论，以确保手术的安全和有效性。",10
3,2,24,human,你觉得icd适合我吗，我想了解更全面的室颤治疗方案，有没有保守治疗的可能性或者其他方案，请依次介绍。,2
3,2,24,model,"对于您的情况，是否适合进行ICD植入需要根据您的具体情况进行评估。ICD可以帮助您预防心室颤等心脏事件的发生，但对于轻度、中度的心律失常，保守治疗也是一种可行的治疗方案。

保守治疗包括药物治疗和非药物治疗两种，非药物治疗包括控制高血压、糖尿病等疾病，以及戒烟、戒酒、保持健康的生活方式。药物治疗则包括抗心律失常药物、抗凝药物等，可以帮助控制心律失常的发作。

对于室颤治疗，保守治疗和ICD治疗都是可行的方案。保守治疗包括药物治疗和非药物治疗，药物治疗包括抗心律失常药物、抗凝药物等，可以帮助控制心律失常的发作。非药物治疗包括控制高血压、糖尿病等疾病，以及戒烟、戒酒、保持健康的生活方式。

对于严重的心律失常，ICD治疗是更为有效的治疗方案。ICD是一种植入性医疗器械，可以帮助恢复正常的心律，预防心室颤等心脏事件的发生。ICD的植入需要在医院进行，需要考虑手术风险和随访管理等因素。

总的来说，对于心律失常的治疗，保守治疗和ICD治疗都是可行的方案。具体选择哪种治疗方案，需要根据您的具体情况进行评估和决策。同时，需要根据医生的建议进行治疗和管理，以达到最佳的治疗效果。",12
3,2,24,human,癫痫和心率失常有什么关系,60
3,2,24,model,"癫痫和心率失常之间存在一定的关系。心率失常是指心脏节律出现异常，导致心跳过缓或过快，从而引起癫痫的发作。

在某些情况下，心率失常可能会引起癫痫的发作。例如，心房颤动等心律失常可能会导致大脑血管内皮细胞的异常电活动，从而引发癫痫的发作。

对于癫痫患者，需要进行全面的评估和治疗，包括药物治疗、手术治疗和非药物治疗等。对于心率失常患者，需要进行及时的治疗和管理，以预防癫痫的发作。

总的来说，癫痫和心率失常之间存在一定的关系。对于癫痫患者，需要进行全面的评估和治疗，包括药物治疗、手术治疗和非药物治疗等。对于心率失常患者，需要进行及时的治疗和管理，以预防癫痫的发作。同时，需要根据医生的建议进行治疗和管理，以达到最佳的治疗效果。",13
