﻿3,3,21,human,我是王先生，56岁，之前在家里站着的时候突然倒下抽搐并失去意识，几秒后恢复意识，但头被磕破了，同时胸痛。叫了120，送到医院时又抽搐了两次，失去意识，可能两秒后恢复。我这是什么问题,7
3,3,21,model,"你好，王先生。根据你的描述，你可能经历了一次癫痫发作。癫痫是一种脑部神经元异常活动的疾病，可能导致意识丧失、肌肉收缩和感觉异常。你之前的胸痛可能是由于癫痫发作时肌肉的紧张引起的。

你的症状需要进一步的检查和诊断。你需要进行一些检查，如脑电图（EEG）和血液检查，以确定你是否患有癫痫或其他脑部疾病。如果确诊为癫痫，你的医生可能会给你开一些抗癫痫药物，如卡马西平或苯妥英钠，以控制癫痫发作。

此外，你需要注意头部的保护，避免再次发生癫痫发作时摔伤。你还可以进行一些身体锻炼和放松技巧，如深呼吸和冥想，以减轻肌肉紧张和提高心理健康。

希望你早日康复！",3
3,3,21,human,我目前独居，由于是创业，压力很大，每天可能工作18小时以上，也没时间吃饭，吃的东西都比较油腻，你还有什么想问的？,8
3,3,21,model,"根据你的症状和生活方式，你的癫痫发作可能与你的工作和饮食有关。长时间的工作和没有时间吃饭可能会导致身体疲劳和营养不良，这可能会影响你的神经系统功能，从而增加癫痫的风险。

建议你尽量减少工作时间，保证充足的睡眠和休息时间。在饮食方面，尽量选择健康的食物，如水果、蔬菜、全谷物和蛋白质，避免过多的油腻食物和糖分摄入。此外，你还可以考虑增加一些放松和减压的活动，如瑜伽或冥想，以减轻压力和焦虑。

如果你的症状持续存在或加重，请及时就医。医生可能会建议你进行更详细的检查，如心脏超声和心电图，以排除其他可能的疾病。

最后，希望你能够调整生活方式，保持健康的生活习惯，预防癫痫发作和其他健康问题的发生。祝你早日康复！",3
3,3,21,human,我有高血压和糖尿病，平时有吃降压药和打胰岛素，吸了20年烟了，抽的挺厉害的，一月前胸口疼痛，当时说是急性心肌梗塞，随后植入支架3枚，在心内科住院2周出院，在吃阿司匹林和氯吡格雷,6
3,3,21,model,"您好，根据您的描述，您之前出现了胸痛，经过检查后被诊断为急性心肌梗塞，并植入支架进行了治疗。阿司匹林和氯吡格雷是预防血栓形成的药物，需要长期坚持使用。同时，您还提到了高血压和糖尿病等疾病，需要继续按照医生的建议进行治疗和管理。

建议您定期复诊，注意控制血压和血糖水平，避免过度劳累和情绪波动，保持良好的生活习惯。如果出现胸痛、呼吸困难、心悸等症状，应及时就医。同时，您可以适当进行一些运动，如散步、慢跑等，但要避免剧烈运动和过度疲劳。

最后，祝您早日康复！如果您还有其他问题或需要进一步的帮助，请随时咨询医生。",3
3,3,21,human,你觉得我有啥检查要做，或者你还想知道什么？,10
3,3,21,model,"根据你的症状和体征，我怀疑你可能患有急性胰腺炎。急性胰腺炎是由于胰腺内的消化酶活化，导致胰腺组织炎症和坏死所引起的疾病。常见的症状包括上腹痛、恶心、呕吐、腹胀等。为了确诊，你需要进行一些检查。

首先，你需要进行一些血液检查，包括血清淀粉酶、脂肪酶等指标的检测，这些指标在急性胰腺炎时通常会升高。此外，还需要检查血常规、肝功能、肾功能等指标，以评估你的整体健康状况。

其次，你可以考虑进行腹部超声、CT或MRI等影像学检查，这些检查可以更清晰地观察胰腺和周围器官的情况，帮助医生做出准确的诊断。

最后，如果上述检查结果提示你可能患有急性胰腺炎，你可能还需要进行内镜下胰腺镜检查或手术治疗。

请注意，以上仅为参考，具体的检查方案需要根据你的具体情况和医生的建议来确定。如果你有任何疑问或需要进一步了解，请随时向我提问。",5
3,3,21,human,"监护心电图显示:2,3,avF导联ST段压低，短阵室颤。到达急诊后心电图及心肌酶检测提示:陈旧心肌梗塞，快速心律失常:室颤。",2
3,3,21,model,"您好，根据您提供的信息，您的监护心电图显示:2,3,avF导联ST段压低，短阵室颤。到达急诊后心电图及心肌酶检测提示:陈旧心肌梗塞，快速心律失常:室颤。这种情况需要综合考虑多种因素，如您的年龄、身体状况、病史等，才能做出最准确的诊断和治疗方案。

陈旧心肌梗塞是指曾经发生过心肌梗塞，而ST段压低可能是心肌梗塞的表现之一。室颤是一种快速而突然的心律失常，需要及时处理。因此，我们建议您尽快接受进一步的检查和治疗。

在治疗方面，我们可能会采取药物治疗、介入手术或心脏起搏器等方法，具体治疗方案需要根据您的具体情况来确定。同时，我们也需要关注您的心理健康，提供必要的心理支持和帮助。

如果您有任何疑问或需要进一步的帮助，请随时与我们联系。祝您早日康复！",4
3,3,21,human,综合我的情况你觉得我最近的晕倒最有可能是什么问题？,16
3,3,21,model,晕倒可能有很多原因，包括心脏问题、脑部问题、药物副作用、低血糖等等。根据您提供的信息，我无法确定您的晕倒具体原因，需要进一步的检查和评估。建议您尽快到医院进行详细的身体检查，以便明确诊断和制定治疗方案。同时，您可以注意休息，避免过度劳累和情绪波动，保持良好的生活习惯，如合理饮食、适量运动等，有助于改善身体状况。如果您有任何疑问或需要进一步的帮助，请随时与我们联系。祝您早日康复！,2
3,3,21,human,你觉得应该如何治疗，对于这些治疗方法我应该如何选择？,12
3,3,21,model,"针对您的症状和诊断结果，治疗方案需要根据具体情况制定。通常情况下，治疗急性胰腺炎的方法包括药物治疗、介入手术和康复治疗。

药物治疗方面，我们可能会给您使用抗生素、止痛药、抗炎药等药物，以减轻炎症反应和疼痛症状。此外，我们还会根据您的具体情况，考虑使用抗凝药或抗血小板药物，以预防血栓形成。

介入手术方面，我们可能会进行胰腺切除术、胰管引流术等手术治疗，以清除炎症组织和恢复胰腺功能。

康复治疗方面，我们可能会给您制定个性化的康复计划，包括饮食调整、体育锻炼、心理疏导等，帮助您恢复健康并改善生活质量。

至于如何选择治疗方法，需要根据您的具体情况来确定。建议您与医生进行详细沟通，了解不同治疗方法的优缺点、风险和效果，并根据医生的建议进行选择。同时，您也可以咨询医生关于不同治疗方法的注意事项和后续护理，以便更好地进行治疗和康复。

最后，希望您能积极配合医生的治疗和护理，遵守医嘱，保持良好的心态和生活习惯，早日康复。如果您还有其他问题或需要进一步的帮助，请随时与我们联系。祝您健康！",6
3,3,21,human,医生希望我住院治疗并植入心律转复除颤器(ICD)，我想了解 ICD植入的更多信息,2
3,3,21,model,"植入心律转复除颤器(ICD)是一种可以预防心脏突发的医疗装置。ICD主要适用于有高危心脏突发病的人群，例如有心肌梗死、心肌病、心律失常等病史的患者。ICD通过检测心脏的心律异常，并及时向心脏注射电击，以防止心脏骤停和猝死。ICD植入手术是一种常见的治疗方法，手术风险较低，术后恢复较快。

ICD植入手术需要在麻醉下进行，手术时间通常在2-3小时之间，具体取决于病情和手术需要。手术过程中，医生会通过胸部切口植入ICD装置，并连接起电击导线和其他相关设备，例如心电图监测仪和药物泵。手术后，患者需要进行一段时间的康复和观察，以确保ICD的正常工作。

ICD植入手术的并发症风险较低，但仍然存在一定的风险，例如感染、出血、胸骨后疼痛等。此外，ICD装置会记录心脏的电活动，因此需要定期进行心电图和ICD功能检查。

需要注意的是，ICD装置需要每年进行检查和维护，以确保其正常工作。如果您决定植入ICD，请咨询您的医生，了解更多关于ICD的信息和术前术后注意事项。",6
3,3,21,human,有啥好处和坏处，是不是真的适合我，以及它ICD的电池寿命，价格会不会很贵。,3
3,3,21,model,"植入心律转复除颤器(Implantable Cardioverter-Defibrillator，简称ICD)是一种可以预防心脏突发的医疗装置，主要适用于有高危心脏突发病的人群，例如有心肌梗死、心肌病、心律失常等病史的患者。ICD的优势在于可以提前检测心脏的心律异常，并通过电击来避免心脏骤停和猝死的发生。ICD不仅可以减少心脏突发病死亡的风险，还可以提高患者的生活质量。

ICD植入手术是一种常见的治疗方法，手术风险较低，术后恢复较快。ICD植入手术需要在麻醉下进行，手术时间通常在2-3小时之间，具体取决于病情和手术需要。手术过程中，医生会通过胸部切口植入ICD装置，并连接起电击导线和其他相关设备，例如心电图监测仪和药物泵。手术后，患者需要进行一段时间的康复和观察，以确保ICD的正常工作。

ICD植入手术的并发症风险较低，但仍然存在一定的风险，例如感染、出血、胸骨后疼痛等。此外，ICD装置会记录心脏的电活动，因此需要定期进行心电图和ICD功能检查。

关于适合不适合您植入ICD的问题，需要医生根据您的具体情况进行评估和判断。一般来说，ICD适用于有高危心脏突发病的人群，例如心肌梗死、心肌病、心律失常等病史的患者。但是，具体是否适合您植入ICD，需要医生根据您的检查结果和病情来确定。建议您与您的医生进行详细咨询和讨论，了解更多关于ICD的信息和治疗方案。

关于ICD的电池寿命，ICD装置需要定期更换电池，以确保其正常工作。ICD的电池寿命一般为2-5年，具体取决于使用的频率和ICD装置的工作模式。ICD装置会发出警报，提示患者进行电池更换。

关于价格，ICD的价格因品牌、型号和医院等因素而异。ICD的价格通常较高，因为它需要手术植入和后续的康复和检查。具体价格您可以咨询当地医院或专业的医疗机构，他们会给出最准确的价格。

希望以上回答对您有所帮助。如果您还有其他问题或需要进一步的帮助，请随时与我们联系。祝您健康！",11
3,3,21,human,你觉得icd适合我吗，我想了解更全面的室颤治疗方案，有没有保守治疗的可能性或者其他方案，请依次介绍。,4
3,3,21,model,"对于室颤的治疗，我们通常建议患者进行ICD植入手术。ICD是一种可以预防心脏突发的医疗装置，通过检测心脏的心律异常，并及时向心脏注射电击，以防止心脏骤停和猝死。ICD植入手术是一种常见的治疗方法，手术风险较低，术后恢复较快。

除了ICD植入手术，还有一些保守治疗的可能性或者其他方案。保守治疗主要是通过药物来控制心脏病的症状和风险因素。例如，抗心律失常药物可以用于控制心律失常的发作，降低心室颤动的风险。此外，β受体阻滞剂、钙通道阻滞剂等药物也可以用于控制心脏病的症状和预防复发。

此外，对于一些患有室颤的高危患者，还可以考虑射频消融术。射频消融术是一种介入性治疗方法，通过导管在心腔内放置电极，对引起心律失常的异常电路进行消融，从而达到预防心脏骤停和室颤发作的目的。

需要注意的是，每种治疗方法都有其优缺点和适应症，具体选择治疗方法需要根据患者的具体情况来确定。建议您与医生进行详细沟通，了解更多关于室颤治疗方案的信息，并根据医生的建议进行选择。同时，您也可以咨询医生关于不同治疗方法的注意事项和后续护理，以便更好地进行治疗和康复。

最后，希望您能积极配合医生的治疗和护理，遵守医嘱，保持良好的心态和生活习惯，早日康复。如果您还有其他问题或需要进一步的帮助，请随时与我们联系。祝您健康！",7
