﻿5,3,37,human,患者是6岁男孩，一个月内经常在站立时出现恶心、头晕脸色惨白，通时浑身是汗并晕倒，2分钟后才清醒，持续乏力精神不振。最近一次抽搐后出现抽搐和大小便失禁。患者这是什么问题？你还想知道什么,6
5,3,37,model,根据您提供的信息，患者可能患有癫痫。癫痫是一种神经系统疾病，其特征是反复发作的癫痫发作。这些发作可能包括意识丧失、抽搐、肌肉僵硬和恶心等。建议您尽快就医，进行详细的检查和诊断，以确定确切的病因和诊断。治疗癫痫的方法包括药物治疗和手术治疗。您还应该注意患者的饮食和生活习惯，避免过度劳累和情绪波动，以减少癫痫发作的风险。如果您还有其他问题，请随时向我提问。,2
5,3,37,human,患者是早产儿，母亲孕期内有血糖升高和严重低蛋白血症，患者有癫痫病史，小时候血压低一直在80/40mmhg左右，同时轻微贫血血红蛋白指数低,2
5,3,37,model,根据您提供的信息，患者可能患有代谢性疾病，如低血糖、低蛋白血症等。癫痫病史和低血压可能与这些代谢性疾病有关。建议您带患者到医院进行详细检查，包括血糖、血常规、肝肾功能等方面的检查，以明确病因并制定针对性的治疗方案。同时，建议患者保持良好的饮食习惯，避免过度劳累和情绪波动，定期复查并遵医嘱进行治疗。如果患者有其他症状或不适，也应该及时就医并告知医生。,2
5,3,37,human,你觉得患者有啥检查要做，或者你还想知道什么？,1
5,3,37,model,根据您的描述，我建议您进行以下检查：血常规检查、肝功能检查、肾功能检查、颅脑MRI检查、心电图检查、尿常规检查。这些检查可以帮助我们了解您的身体状况，确定是否存在代谢性疾病、神经系统问题、心血管系统问题等。另外，我们还需要了解您患者家族中是否有类似的疾病史，以便更准确地诊断和治疗。如果您还有其他疑问或需要进一步了解，请随时告诉我。,2
5,3,37,human,综合患者的情况你觉得患者最近的晕倒最有可能是什么问题？,1
5,3,37,model,患者最近的晕倒最有可能是癫痫发作。癫痫是一种神经系统疾病，其特征是反复发作的癫痫发作。晕倒、抽搐、脸色苍白、乏力等症状都是癫痫常见的表现之一。但是，为了确定诊断，您还是需要到医院进行详细的检查和诊断，以便找出导致患者症状的确切原因。在诊断出问题后，医生会为您制定适合您情况的治疗方案，以帮助您控制症状并改善生活质量。,2
5,3,37,human,医院诊断为血管迷走性晕厥，并进行起搏器植入手术，请介绍一下这个治疗方式,1
5,3,37,model,根据您提供的信息，医院诊断患者为血管迷走性晕厥，并进行起搏器植入手术。起搏器是一种可植入体内的小型装置，用于调节心脏节律和节律。在血管迷走性晕厥的情况下，由于迷走神经的作用，心脏可能会出现过缓，导致血液无法得到充分氧合。起搏器可以通过向心脏发送电信号来调节节律，从而帮助患者避免晕厥和其他严重并发症的发生。手术后，患者需要定期检查起搏器的工作情况，并注意避免感染和其他并发症。建议患者在医生的指导下进行适当的康复锻炼，以帮助恢复身体功能。,3
5,3,37,human,起搏器植入手术可以让患者的病症完全恢复吗，有没有后遗症或者负面影响？,1
5,3,37,model,根据目前的研究，起搏器植入手术可以有效地缓解血管迷走性晕厥的症状，并避免晕厥引起的严重后果。然而，手术后可能会出现一些副作用和负面影响，如感染、过敏反应、导线移位等。此外，如果起搏器的使用不当，也可能导致心脏节律失常等问题。因此，患者在接受起搏器植入手术后，需要定期接受医生的随访和检查，以确保起搏器的正常工作，并及时发现和处理任何问题。同时，患者也需要遵循医生的建议，避免过度运动、饮酒、使用兴奋剂等可能导致心脏节律失常的行为。总的来说，起搏器植入手术是一种有效的治疗血管迷走性晕厥的方法，可以帮助患者避免晕厥引起的严重后果，但患者需要做好术后的护理和康复工作。,4
5,3,37,human,患者植入起搏器后如何持续进行健康管理？,1
5,3,37,model,"患者植入起搏器后需要持续进行健康管理，以保持起搏器的正常工作和维持身体健康。以下是一些建议：

1. 定期复诊：患者需要定期到医院接受医生的随访和检查，以确保起搏器的工作情况，以及及时调整起搏器的设置。

2. 健康饮食：患者应该保持均衡的饮食，摄入足够的营养物质，避免过度摄入盐分、脂肪等不良营养成分。

3. 适度运动：患者可以进行适度的有氧运动，如散步、慢跑、游泳等，但需要避免过度运动或剧烈运动，以免对心脏造成负担。

4. 戒烟限酒：患者应该戒烟、限制饮酒，以减少对心脏的伤害。

5. 注意心理健康：患者应该保持良好的心理状态，避免情绪波动、压力过大等可能对心脏产生负面影响的因素。

6. 定期检查起搏器电池状态：患者需要定期检查起搏器电池的状态，以及是否需要更换电池。

总之，患者需要积极配合医生的治疗和管理，定期复诊，保持健康的生活方式，以维护起搏器的正常工作和保持身体健康。",5
5,3,37,human,患者植入起搏器后可以乘坐飞机吗？,1
5,3,37,model,"尊敬的患者，根据您的问题，我了解到您想知道患者植入起搏器后是否可以乘坐飞机。一般来说，起搏器植入手术后，患者是可以乘坐飞机的。起搏器是一种用于调节心脏节律的小型装置，它可以帮助患者维持正常的心脏节律，从而避免晕厥和其他严重并发症的发生。因此，在起搏器植入手术后，患者可以放心地乘坐飞机，并正常进行日常活动。

需要注意的是，在乘坐飞机前，患者应该向医生咨询，并按照医生的建议进行安排。此外，患者在乘坐飞机时应该注意起搏器的位置，避免剧烈运动、摔倒等可能导致起搏器移位或受损的行为。如果患者在乘坐飞机期间出现任何不适症状，如心悸、胸闷等，应及时向机组人员寻求帮助。

最后，我建议患者在乘坐飞机前，与医生进行详细咨询，并按照医生的建议进行安排和行动，以确保自身的安全和健康。祝您旅途愉快！",5
