﻿3,2,22,human,我是王先生，56岁，之前在家里站着的时候突然倒下抽搐并失去意识，几秒后恢复意识，但头被磕破了，同时胸痛。叫了120，送到医院时又抽搐了两次，失去意识，可能两秒后恢复。我这是什么问题,11
3,2,22,model,您好，根据您的描述，您可能患有癫痫发作。癫痫发作是一种神经系统疾病，可以导致突然的抽搐、意识丧失等症状。建议您尽快到医院进行详细的检查和诊断，以确定病因和治疗方案。在等待就医的过程中，您可以保持安静，避免过度活动和精神紧张，以减少癫痫发作的风险。同时，您可以向医生详细描述您的症状，包括发作的时间、持续时间、频率、程度等，这些信息有助于医生更好地了解您的情况，制定更合适的治疗方案。祝您早日康复！,3
3,2,22,human,我目前独居，由于是创业，压力很大，每天可能工作18小时以上，也没时间吃饭，吃的东西都比较油腻，你还有什么想问的？,11
3,2,22,model,感谢您提供的信息。除了工作压力大、作息不规律、饮食油腻等因素，还有哪些可能导致癫痫发作的因素？例如，头部受伤、感染、神经系统疾病、药物或毒品滥用等等。您是否曾出现过类似的症状？这些信息都可以帮助医生更好地了解您的病情。另外，由于癫痫发作可能会对身体造成一定的伤害，建议您在就医过程中告知医生您的病情及病史，以便医生制定合适的治疗方案。同时，建议您在日常生活中保持规律的作息和饮食，避免过度疲劳和精神压力，保持良好的心态和情绪。祝您早日康复！,3
3,2,22,human,我有高血压和糖尿病，平时有吃降压药和打胰岛素，吸了20年烟了，抽的挺厉害的，一月前胸口疼痛，当时说是急性心肌梗塞，随后植入支架3枚，在心内科住院2周出院，在吃阿司匹林和氯吡格雷,8
3,2,22,model,非常感谢您提供的信息。您的高血压和糖尿病可能导致了心血管疾病的发生，包括心肌梗塞和支架植入。吸烟也可能对心血管健康产生负面影响，如增加心脑血管疾病的风险。建议您继续按医生的建议进行药物治疗，并注意生活方式的调整，如戒烟、控制饮食、适度运动等，以预防心血管疾病的发生和复发。同时，您也可以向医生咨询关于治疗癫痫的药物和方法，以便更好地控制病情。祝您身体健康！,3
3,2,22,human,你觉得我有啥检查要做，或者你还想知道什么？,4
3,2,22,model,"根据您提供的病史，建议您进行以下检查：

1. 心电图：可以检测心脏电活动，了解心肌缺血和心肌梗塞的情况。

2. 动态心电监测：可以监测心脏电活动的变化，了解心肌缺血和心肌梗塞的情况。

3. 超声心动图：可以了解心脏结构和功能，排除其他心脏疾病。

4. 血脂检查：可以了解血脂水平是否正常，是否需要进行相应的治疗。

5. 血糖检查：可以了解血糖水平是否正常，是否需要进行相应的治疗。

此外，您还可以向医生咨询关于治疗癫痫的药物和方法，以及是否需要进行神经系统检查等相关问题。希望我的回答能对您有所帮助，祝您早日康复！",4
3,2,22,human,"监护心电图显示:2,3,avF导联ST段压低，短阵室颤。到达急诊后心电图及心肌酶检测提示:陈旧心肌梗塞，快速心律失常:室颤。",2
3,2,22,model,"非常感谢您提供的详细信息。根据您所描述的监护心电图结果，显示存在ST段压低和室颤，这提示存在陈旧心肌梗塞的情况。同时，心肌酶检测也提示存在心肌细胞损伤。这些结果都提示您需要进行进一步的检查和治疗。

建议您尽快到医院进行详细的检查和诊断，以确定病因和治疗方案。在等待就医的过程中，您可以保持安静，避免过度活动和精神紧张，以减少病情的恶化。同时，您可以向医生详细描述您的症状，包括发作的时间、持续时间、频率、程度等，这些信息有助于医生更好地了解您的情况，制定更合适的治疗方案。

在治疗过程中，建议您严格遵守医生的治疗方案，如按时服药、控制饮食、适当锻炼等，同时定期进行复查和随访。祝您早日康复！",5
3,2,22,human,综合我的情况你觉得我最近的晕倒最有可能是什么问题？,1
3,2,22,model,根据您提供的病史和症状，您最近的晕倒可能与您的高血压、糖尿病和抽烟等因素有关，也可能与您的心肌梗塞和心律失常有关。但是，需要进一步的检查和诊断才能确定具体病因。建议您尽快到医院进行详细的检查和诊断，以确定病因和治疗方案。在等待就医的过程中，您可以保持安静，避免过度活动和精神紧张，以减少病情的恶化。同时，您可以向医生详细描述您的症状，包括发作的时间、持续时间、频率、程度等，这些信息有助于医生更好地了解您的情况，制定更合适的治疗方案。祝您早日康复！,6
3,2,22,human,你觉得应该如何治疗，对于这些治疗方法我应该如何选择？,1
3,2,22,model,"根据您提供的病史和症状，治疗方法主要包括药物治疗和手术治疗。具体的治疗方案需要根据您的具体情况和医生的建议来确定。

药物治疗是治疗癫痫的主要方法，可以控制癫痫发作的频率和严重程度。常用的药物包括抗癫痫药物、β受体阻滞剂、钙通道阻滞剂等。但是，药物治疗需要根据患者的具体情况进行个体化调整，以达到最佳的疗效和安全性。

手术治疗是治疗癫痫的一种选择，包括切除癫痫灶、癫痫灶切除术和癫痫灶电极术等。手术治疗的适应症和手术方式需要根据患者的具体情况进行个体化选择，以达到最佳的疗效和安全性。

在治疗过程中，建议您密切配合医生的治疗，按时服药、控制饮食、适当锻炼等，以达到更好的治疗效果。同时，定期进行复查和随访，及时调整治疗方案，以确保病情得到控制。

总之，具体的治疗方案需要根据患者的具体情况和医生的建议来确定。在治疗过程中，需要密切配合医生的治疗，并注意生活方式的调整，以达到更好的治疗效果。祝您早日康复！",7
3,2,22,human,医生希望我住院治疗并植入心律转复除颤器(ICD)，我想了解 ICD植入的更多信息,2
3,2,22,model,"ICD是一种心律转复除颤器，用于治疗心律失常和猝死。ICD植入是一种手术治疗方法，将ICD植入到患者的心脏中，通过检测心电信号和电击的方式，有效地预防和治疗心律失常和猝死。

ICD植入手术是一种常规的手术，一般在局部麻醉下进行。手术过程中，医生会通过切口将ICD植入到患者的心脏中，并通过电极检测心电信号。手术时间通常在30分钟到1小时之间，手术风险和恢复时间取决于患者的具体情况和手术方案。

植入ICD后，患者需要长期定期进行心电监测和随访，以确保ICD的正常工作和疗效。通常，ICD需要进行定期电池更换，以保证其持续的正常功能。

需要注意的是，ICD是一种有效的治疗方法，但并非适用于所有患者。在决定是否进行ICD植入之前，患者需要进行全面的评估和评估，包括心电检查、心脏超声、血液检查等，以确定是否适合进行ICD植入。

希望我的回答能对您有所帮助，如还有其他问题，欢迎随时向我咨询。祝您早日康复！",9
3,2,22,human,有啥好处和坏处，是不是真的适合我，以及它ICD的电池寿命，价格会不会很贵。,2
3,2,22,model,"ICD植入是一种有效的治疗方法，可以预防和治疗心律失常和猝死等疾病，但是是否适合您需要根据您的具体情况进行评估。

好处：
1. 预防心律失常和猝死等疾病
2. 维持心律，改善心功能
3. 提高生活质量

坏处：
1. 手术风险和恢复时间取决于患者的具体情况和手术方案
2. 需要长期定期进行心电监测和随访
3. 电池寿命和更换周期需要定期监测

价格：
ICD的价格因地区和厂商而异，一般来说，ICD的价格较高，需要几万元到十几万元不等。

电池寿命：
ICD的电池寿命因ICD的类型和患者的具体情况而异，一般可以持续数年到十年左右。电池更换周期需要根据医生的建议进行定期监测。

总之，ICD植入是一种有效的治疗方法，但需要根据患者的具体情况进行评估。如果您决定进行ICD植入，需要进行全面的评估和评估，包括心电检查、心脏超声、血液检查等，以确定是否适合进行ICD植入。同时，需要注意手术风险和电池更换周期等信息，并定期进行心电监测和随访，以确保ICD的正常工作和疗效。如果您有任何疑问或需要进一步了解，请咨询您的医生。",8
3,2,22,human,你觉得icd适合我吗，我想了解更全面的室颤治疗方案，有没有保守治疗的可能性或者其他方案，请依次介绍。,3
3,2,22,model,"针对室颤的治疗方案通常包括药物治疗、心律调节治疗、手术治疗和ICD植入治疗等。对于治疗方案的选择，需要根据患者的具体情况进行评估，包括室颤的类型、严重程度、病因、患者年龄和身体状况等。

药物治疗：药物治疗是治疗室颤的主要方法之一，常用的药物包括抗心律失常药物、β受体阻滞剂、钙通道阻滞剂等。药物治疗可以通过控制心率、心律和心肌收缩力，减少室颤的发生和严重程度，但药物治疗的效果因患者个体差异而异。

心律调节治疗：心律调节治疗是指通过药物或手术等手段，调节心脏的电学和机械特性，达到治疗室颤的目的。心律调节治疗的效果因患者个体差异而异，需要根据患者的具体情况进行个体化选择。

手术治疗：手术治疗包括切除室颤灶、心脏电极植入、心房调搏等。手术治疗的效果因患者个体差异而异，需要根据患者的具体情况进行个体化选择。

ICD植入治疗：ICD植入治疗是治疗室颤的有效方法之一，可以预防和治疗室颤。ICD植入治疗的效果因患者个体差异而异，需要根据患者的具体情况进行个体化选择。

除了上述治疗方案外，还有一些保守治疗方法，如戒烟、控制体重、戒酒、避免刺激性物质等，可以减少室颤的发生和严重程度。

需要注意的是，在治疗室颤的过程中，需要密切配合医生的治疗，并注意生活方式的调整，以达到最佳的治疗效果。同时，定期进行心电监测和随访，及时调整治疗方案，以确保病情得到控制。

最后，针对您的具体情况和病情，需要结合医生的建议进行评估和选择治疗方案。如果还有其他问题，欢迎随时向我咨询。",16
