﻿4,2,29,human,我是29岁的陈女士，目前怀孕21周，之前在家一个多月左右晕厥了两次，没有抽搐或者意识模糊。第一次晕厥时感觉心跳加速、心悸和恶心，但是没有胸痛，去医院检查都正常，胎儿也很正常。第二次持续心慌，去医院心电图显示室上性心动过速。我这大概是什么问题,5
4,2,29,model,"您好，根据您的描述，您可能存在心律失常的情况。心律失常是指心脏的节律出现异常，导致心跳过快或过慢，出现心悸、胸闷、头晕等症状。您之前出现晕厥的情况，可能是由于心律失常引起的，建议您及时就医进行治疗。

另外，您提到心电图显示室上性心动过速，这是一种心律失常，需要进一步了解您的病情，比如是否存在心脏病、高血压等情况，才能确定是否需要治疗。

建议您及时就医，进行详细的检查和诊断，以便及时治疗。同时，您也可以注意休息，避免过度劳累，保持良好的心态和饮食习惯。祝您和宝宝健康！",4
4,2,29,human,我非常担心胎儿的健康，会不会有什么问题，你有什么想问的吗？,2
4,2,29,model,"非常理解您的担心，您可以告诉我更多关于胎儿的健康状况和您自己的身体情况吗？比如，您的孕期是否有高血压、糖尿病等慢性疾病？您是否有吸烟、喝酒等不良习惯？您的孕期体重增长情况如何？是否有过孕期并发症的经历？

这些信息有助于我更好地了解您的病情，以便给出更准确的诊断和治疗建议。同时，建议您定期进行产前检查，以确保胎儿的健康和安全。",3
4,2,29,human,没有慢性疾病和不良习惯，我之前有两次早孕流产、还有妊娠高血压史，这有什么关系吗？,40
4,2,29,model,"早孕流产和妊娠高血压是孕妇常见的并发症，但并不是导致您出现心律失常的原因。心律失常可能是由多种原因引起的，如心脏病、电解质紊乱、药物滥用等。

建议您定期进行产前检查，包括测量血压、心率、体重等指标，以及进行心电图、超声心动图等检查，以了解胎儿和您自己的健康状况。此外，建议您保持良好的心态和饮食习惯，避免过度劳累，注意休息，保持良好的生活习惯。

如果您的症状加重或出现其他不适，建议您及时就医，以便及时治疗和管理。祝您和宝宝健康！",4
4,2,29,human,综合我的情况你觉得我最近的晕厥最有可能是什么问题？,3
4,2,29,model,"根据您的描述，您的晕厥可能与心律失常有关。晕厥的症状可能与心律失常的严重程度和类型有关，但并不一定能够确定具体的病因。因此，建议您及时就医，进行详细的检查和诊断，以确定病因并进行治疗。

除了心律失常，晕厥的其他可能病因还包括血压过低、心力衰竭、甲状腺问题等。因此，您需要进行全面的身体检查和心电图等检查，以排除其他可能的病因。

总之，建议您及时就医，寻求专业医生的帮助，以便及时进行诊断和治疗。祝您和宝宝健康！",4
4,2,29,human,你觉得我有啥检查要做，或者你还想知道什么？,1
4,2,29,model,"您需要进行详细的身体检查和心电图等检查，以排除其他可能的病因。此外，建议您进行血液检查，包括检查血红蛋白、白细胞计数、血糖和甲状腺功能等指标，以及进行超声检查，以了解胎儿和您自己的健康状况。

此外，建议您向医生详细描述您的症状和病史，包括过去的孕期并发症、药物使用史、家族病史、个人生活习惯等，以便医生更好地了解您的病情，制定合理的治疗方案。

最后，建议您保持良好的心态和饮食习惯，避免过度劳累，注意休息，保持良好的生活习惯。祝您和宝宝健康！",4
4,2,29,human,医院确诊室上性心动过速，但要继续进行心脏电生理检查和射频消融治疗，我害怕这些治疗中的辐射会伤害到胎儿。,1
4,2,29,model,"您好，我了解您的担忧。心脏电生理检查和射频消融治疗是目前治疗室上性心动过速的有效方法，但是在治疗过程中可能会产生一定的辐射。不过，这些辐射的剂量是安全的，一般不会对胎儿产生不良影响。

在进行这些治疗前，您需要与医生进行详细的咨询和讨论，了解治疗的风险和收益，以及可能的并发症和注意事项。同时，您可以向医生咨询如何减少辐射剂量，如采取适当的屏蔽措施、调整治疗时间和方式等。

总之，在治疗过程中，您需要密切关注胎儿的生长发育情况，如有异常情况，及时向医生反映并进行评估和治疗。同时，保持良好的心态和饮食习惯，避免过度劳累，保持良好的生活习惯，有助于保护胎儿的健康。祝您和宝宝健康！",5
4,2,29,human,可以详细介绍一下心脏电生理检查和射频消融治疗吗，会不会有辐射,1
4,2,29,model,"心脏电生理检查是通过将电极贴在心肌上，记录心肌的电活动，以了解心律失常的类型和程度。射频消融治疗是一种介入性治疗方法，通过导管将射频能量输送至心律失常的部位，以消除心律失常。

在心脏电生理检查和射频消融治疗中，可能会产生一定的辐射。不过，辐射的剂量是安全的，不会对胎儿产生不良影响。对于孕妇来说，辐射对胎儿的危害更大，因此在进行这些检查和治疗前，医生会进行详细的评估和讨论，并采取适当的措施，以减少辐射的剂量。

需要注意的是，这些治疗过程中的辐射是电磁辐射，与核辐射不同，不会对胎儿造成致畸或致癌的影响。但是，由于胎儿的细胞分裂速度较快，对辐射的敏感性较高，因此在治疗过程中，需要采取适当的保护措施，以确保胎儿的健康和安全。

总之，心脏电生理检查和射频消融治疗是治疗室上性心动过速的有效方法，但在治疗过程中可能会产生一定的辐射，但辐射的剂量是安全的，不会对胎儿产生不良影响。在进行这些治疗前，需要进行详细的评估和讨论，并采取适当的保护措施，以确保胎儿的健康和安全。同时，保持良好的心态和饮食习惯，避免过度劳累，保持良好的生活习惯，有助于保护胎儿的健康。",9
4,2,29,human,这些心脏电生理检查和射频消融治疗对于孕妇有怎样的风险，是否可以保守治疗,1
4,2,29,model,"心脏电生理检查和射频消融治疗虽然是治疗室上性心动过速的有效方法，但是对于孕妇来说，仍存在一定的风险。其中包括：

1. 电离辐射：心脏电生理检查和射频消融治疗过程中，可能会产生一定量的电离辐射，对胎儿的发育有一定的影响。但是，辐射的剂量是安全的，不会对胎儿造成致畸或致癌的影响。

2. 麻醉和镇痛：在治疗过程中，需要使用麻醉和镇痛药物，这些药物可能会对胎儿产生一定的影响。但是，这些药物的剂量也是安全的，不会对胎儿造成不良影响。

3. 出血：治疗过程中，可能会有少量出血，如果出现大量出血，需要及时处理。

4. 心律失常：治疗过程中，可能会出现心律失常，如心房颤动等，需要密切监测和处理。

因此，对于孕妇来说，需要在医生的指导下进行治疗，并采取适当的保护措施，如避免使用有毒物质、避免暴露于辐射、减少手术和镇痛剂的使用等，以确保胎儿的健康和安全。

对于某些病情轻微的室上性心动过速，可以采用保守治疗，如药物治疗、射频消融治疗等。但是，如果病情严重，需要进行手术治疗，则需要在医生的指导下进行治疗，以确保胎儿的健康和安全。

总之，心脏电生理检查和射频消融治疗对于孕妇来说存在一定的风险，需要在医生的指导下进行治疗，并采取适当的保护措施，以确保胎儿的健康和安全。同时，保守治疗也是治疗室上性心动过速的一种有效方法，但需要根据具体情况进行选择。",11
