﻿1,3,4,human,你好我是患者马先生，男性82岁，我最近有点头脑不清爽，耳朵里面总有声音，经常眼前发黑，还摔了几次，有时候心跳的很快，躺着会好点，稍微动动就喘不过来气，你看看咋回事,20
1,3,4,model,尊敬的马先生，您好。根据您的描述，您最近出现了头脑不清、耳朵有声音、眼前发黑、心跳加快、呼吸困难等症状。这些症状可能与多种原因有关，如心脏病、高血压、肺部疾病等。建议您及时到医院进行详细的身体检查，包括心电图、血压、肺功能等方面的检查，以明确病因。同时，您也可以注意一下饮食和生活习惯，避免过度劳累和情绪波动，保持良好的心态和健康的生活方式。如果有必要，医生会根据检查结果给予相应的药物治疗。祝您早日康复！如果您还有其他问题，可以随时向我咨询。,4
1,3,4,human,我新冠刚好，是不是病毒搞的鬼,6
1,3,4,model,尊敬的患者，您好。首先，我了解到您最近确诊了新冠病毒，这是非常不幸的消息。但是，您提到的症状可能与新冠病毒无关，而是由其他原因引起的。您描述的头脑不清、耳朵有声音、眼前发黑、心跳加快、呼吸困难等症状可能与心脏病、高血压、肺部疾病等有关。建议您尽快到医院进行详细的身体检查，包括心电图、血压、肺功能等方面的检查，以明确病因。同时，您也可以注意一下饮食和生活习惯，避免过度劳累和情绪波动，保持良好的心态和健康的生活方式。如果您有任何疑问或需要进一步的帮助，请随时与医生联系。祝您早日康复！,4
1,3,4,human,我年纪大了身体也有点问题，有些老毛病，你觉得有啥可能是对你看病有帮助的？,21
1,3,4,model,"尊敬的患者，您好。根据您的年龄和身体状况，我会尽量为您提供一些对健康有帮助的建议。首先，您提到的摔倒和眼前发黑的情况，可能与您的平衡器官有关，建议您进行一下检查，如眼科和康复科的相关检查，以确定是否存在平衡障碍，并根据检查结果进行相应的治疗或康复训练。

另外，您提到了心跳加快和呼吸困难的情况，这可能与您的心脏和肺部健康有关。建议您进行心电图和肺功能检查，以了解您的心脏和肺部状况。如果有必要，还可以进行心脏超声、CT等进一步检查，以确定是否存在心脏或肺部疾病。

此外，您提到了头脑不清爽的情况，这可能与您的脑部健康有关。建议您进行一下脑部CT或MRI检查，以了解是否存在脑血管疾病、脑萎缩等情况。

最后，您提到了耳朵有声音的情况，这可能与您的耳鼻喉科健康有关。建议您就诊耳鼻喉科医生，进行相关检查和治疗。

总的来说，根据您的症状，建议您进行全面的身体检查，以明确病因，并根据检查结果进行相应的治疗和康复训练。同时，保持良好的生活习惯，如合理饮食、适量运动、保持心情愉悦等，有助于促进身体健康。如果您还有其他问题，可以随时向我咨询。祝您身体健康！",9
1,3,4,human,我现在血压有点高，一直吃那个降压药，糖尿病倒是没有，很多年前脑梗过，当时话都不好讲，左腿都动不了，你看看这和我的症状有啥关系吗，,25
1,3,4,model,您好，根据您的描述，您现在血压有点高，一直服用降压药。而您曾经发生过脑梗，导致左腿无法活动。根据中医理论，高血压和脑梗都是由于脑血液循环不畅引起的。因此，您的脑部血液循环不畅，导致脑供血不足，引起了您的症状。建议您采用中医药治疗，如服用一些具有活血化瘀、通络止痛作用的药物，并配合针灸等物理治疗，以促进脑部血液循环，减轻症状。同时，您也需要注意饮食和生活习惯，如限制盐分摄入、戒烟限酒、保持适当的运动等，以帮助控制血压和预防疾病的发生。如果您还有其他问题，请随时向我咨询。,5
1,3,4,human,刚刚做了一个心脏超声，说左心室肥大右心房扩大，心电图说有永久性房颤。,14
1,3,4,model,您好，根据您提供的信息，您的左心室和右心房都有扩大，同时心电图显示您有永久性房颤。这种情况可能与心肌缺血和心房扑动有关。建议您及时就医，进行进一步的检查和治疗。同时，您可以适当服用一些抗凝药物，如华法林、拜阿司匹林等，以防止血栓形成。如果需要调整药物剂量，建议您到医院心内科进行专业治疗。此外，您还需要注意饮食和生活习惯，避免过度劳累和情绪波动，保持良好的心态和健康的生活方式。如果您有任何疑问或需要进一步的帮助，请随时与医生联系。祝您早日康复！,4
1,3,4,human,哦对了，我常年吸烟，之前还切除过肺部结节，反正肺情况不太好，你看看我这情况到底是啥问题呢？,15
1,3,4,model,"根据您的描述，您常年吸烟，并且之前还切除过肺部结节，这可能是导致您肺情况不太好的原因之一。吸烟对肺部的伤害非常大，长期吸烟会导致肺部组织受损，容易出现肺部疾病，如肺癌、慢性阻塞性肺疾病等。此外，您切除肺部结节后，也需要注意肺部的保健和预防。

根据您的超声检查结果，您的左心室和右心房都有扩大，这可能与心肌缺血和心房扑动有关。心肌缺血是指心脏供血不足，导致心肌营养不良和损伤。心房扑动是指心房收缩频率异常，导致心脏泵血功能受损。这些疾病都与心脏血液循环不畅有关。

建议您尽快到医院进行进一步的检查和治疗，以确定病因并采取相应的治疗措施。同时，您也需要注意饮食和生活习惯，戒烟限酒，保持适当的运动，以帮助控制血压和预防疾病的发生。如果您有任何疑问或需要进一步的帮助，请随时与医生联系。祝您早日康复！",7
1,3,4,human,综合我的情况你觉得我最有可能是什么问题？,8
1,3,4,model,根据您提供的信息，我无法确定您具体是什么问题。因为疾病的诊断需要进一步的检查和评估，包括病史、体格检查、实验室检查和影像学检查等。如果您可以提供更多的症状、病史和检查结果，我可以更准确地为您做出诊断。同时，建议您尽快到医院就诊，接受专业的医生的诊断和治疗。只有通过科学合理的检查和治疗，才能找到合适的解决方案，恢复健康。如果您还有其他问题，可以随时向我咨询。祝您早日康复！,3
1,3,4,human,那你觉得我要还要做哪些检查呢，CT和MRI要做吗,41
1,3,4,model,"根据您提供的信息，我无法确定您需要哪些检查。疾病的诊断需要根据患者的具体情况进行综合评估，包括病史、症状、体格检查、实验室检查和影像学检查等。如果您能提供更多的症状和检查结果，我可以更准确地为您做出诊断。

关于CT和MRI检查，它们是常用的影像学检查方法，可以提供详细的身体结构和功能信息。对于您的情况，如果医生怀疑您存在心肌缺血或心房扑动等心脏问题，可能会建议您进行CT或MRI检查，以更准确地评估心脏结构和功能。

但是，是否需要进行CT或MRI检查还需要医生根据您的具体情况做出判断。因此，建议您尽快到医院就诊，接受专业医生的诊断和治疗。只有通过科学的检查和治疗，才能找到合适的解决方案，恢复健康。如果您还有其他问题，可以随时向我咨询。祝您早日康复！",6
1,3,4,human,能不能开点药，我不想做手术，药开的也便宜点，最好都能报销,7
1,3,4,model,"尊敬的患者，您好！根据您的病情描述，您可能需要进行手术治疗或其他更加专业的治疗方式。我了解到您希望药物开价便宜，并且能报销。实际上，治疗肺动静脉畸形这种疾病需要专业的医生和专业的医疗设备，药物只是其中的一部分。因此，我建议您不要仅仅考虑药物的价格和报销情况，而是应该选择正规的医院和专业的医生进行治疗。

对于肺动静脉畸形的治疗，手术是一种常见的方法，可以彻底解决血管畸形的问题。但是，手术并非适用于所有的患者，医生会根据您的具体情况进行评估和决策。此外，药物和介入治疗也是治疗肺动静脉畸形的可选方法，但需要根据您的病情和身体状况进行选择。

最后，我建议您尽快到正规的医院就诊，接受专业医生的诊断和治疗。肺动静脉畸形是一种严重的疾病，需要及时治疗以避免出现更严重的后果。祝您早日康复！",6
1,3,4,human,肺动静脉畸形？怎么看出来的,53
1,3,4,model,"您好，肺动静脉畸形是一种先天性血管疾病，通常可以通过一些检查方法来诊断。常见的检查方法包括肺通气灌注扫描、血管造影、心血管造影和磁共振血管成像等。这些检查方法可以帮助医生确定肺动静脉畸形的存在和位置，从而制定相应的治疗方案。

除了这些检查方法，医生还可能会根据您的症状和体征进行诊断。如果您出现了咯血、胸痛、气短、心悸等症状，或者体检发现肺动脉杂音，这些都是肺动静脉畸形的可能表现。但是，这些症状和体征并不一定就是肺动静脉畸形，还需要进一步的检查来确定诊断。

最后，我建议您尽快到医院进行检查，以便及早发现和治疗肺动静脉畸形。如果您还有其他问题或疑虑，可以随时向我咨询。祝您健康！",6
