﻿4,3,26,human,我是29岁的陈女士，目前怀孕21周，之前在家一个多月左右晕厥了两次，没有抽搐或者意识模糊。第一次晕厥时感觉心跳加速、心悸和恶心，但是没有胸痛，去医院检查都正常，胎儿也很正常。第二次持续心慌，去医院心电图显示室上性心动过速。我这大概是什么问题,11
4,3,26,model,"你好，陈女士。根据你的症状描述，你可能患有妊娠期晕厥。这是一种在怀孕期间常见的症状，由于孕妇血压下降和心排出量减少所致。你的症状可能是由于血压下降引起的，但是需要进一步检查以确定诊断。

你的心电图显示室上性心动过速，这可能是由于心脏病或者其他原因引起的。建议你进行进一步检查，包括心脏超声、心脏核磁共振等，以确定具体的诊断。

在怀孕期间，你需要特别注意身体健康。建议你定期进行产前检查，保持良好的饮食和休息习惯，避免过度劳累和长时间站立。如果你的症状加重或者出现其他不适，应及时就医。

针对你的病情，医生可能会给你开一些药物，如利尿剂、β受体阻滞剂等，以帮助控制症状。此外，你还需要注意补充营养，保持充足的睡眠和适当的运动。

最后，祝你早日康复，宝宝健康成长。",4
4,3,26,human,我非常担心胎儿的健康，会不会有什么问题，你有什么想问的吗？,5
4,3,26,model,"陈女士，作为医生，我理解你的担心。在怀孕期间，我们会尽最大努力保护胎儿的健康。晕厥可能是由于多种原因引起的，但是你的症状可能与妊娠期晕厥有关。我们会根据你的具体情况制定相应的治疗方案，以确保你和宝宝的健康。

关于你的担忧，我建议你注意饮食和休息，避免过度劳累和长时间站立。此外，你可以尝试增加盐分和水分的摄入，以帮助预防晕厥。如果你有其他不适或疑问，可以随时向医生咨询。

同时，我想提醒你，晕厥本身并不会直接影响胎儿的健康。但是，一些潜在的健康问题可能会在晕厥期间出现，如胎儿缺氧。因此，我们需要密切关注你的身体状况，以确保胎儿的健康。

最后，我建议你定期进行产前检查，以确保胎儿的发育和你的健康。如果你有任何疑问或需要帮助，请随时联系我们。我们会尽力帮助你度过这段特殊的时期。",4
4,3,26,human,我之前有两次早孕流产、还有妊娠高血压史，这有什么关系吗？,3
4,3,26,model,"陈女士，你的病史中提到了早孕流产和妊娠高血压，这些都是与妊娠期晕厥有关的疾病。早孕流产是指在怀孕前12周内胎儿死亡和排出，可能是由于多种原因引起的，包括妊娠期高血压、子宫颈松弛等。妊娠高血压是指孕妇在妊娠20周以后出现的高血压，可能导致蛋白尿、水肿等并发症。这些疾病可能会增加晕厥的风险，但并不一定直接导致晕厥。

在治疗方面，针对早孕流产，医生可能会建议进行抗凝治疗、补充营养、控制血压等。对于妊娠高血压，医生可能会建议控制血压、补充营养、监测胎儿健康等。具体的治疗方案需要根据你的具体情况制定。

此外，建议你定期进行产前检查，保持良好的生活习惯，避免过度劳累和长时间站立。如果出现任何不适或疑问，应及时向医生咨询。我们会尽力保护你和宝宝的健康。

最后，祝你早日康复，宝宝健康成长。如果你需要任何帮助或支持，请随时联系我们。",4
4,3,26,human,综合我的情况你觉得我最近的晕厥最有可能是什么问题？,1
4,3,26,model,"陈女士，根据你的症状描述和病史，晕厥最有可能是由于妊娠期晕厥引起的。妊娠期晕厥是一种在怀孕期间常见的症状，由于孕妇血压下降和心排出量减少所致。你的症状可能是由于血压下降引起的，但是需要进一步检查以确定诊断。

除了妊娠期晕厥，还有其他可能引起晕厥的原因，如心脏病、贫血、低血糖等。因此，我们需要进一步检查以确定具体的诊断。建议你进行心脏超声、心脏核磁共振等检查，以排除其他潜在的健康问题。

在治疗方面，针对妊娠期晕厥，医生可能会给你开一些药物，如利尿剂、β受体阻滞剂等，以帮助控制症状。此外，你还需要注意补充营养，保持充足的睡眠和适当的运动。

最后，建议你定期进行产前检查，以确保胎儿的发育和你的健康。如果你有任何疑问或需要帮助，请随时联系我们。我们会尽力帮助你度过这段特殊的时期。祝你早日康复，宝宝健康成长。",4
4,3,26,human,你觉得我有啥检查要做，或者你还想知道什么？,1
4,3,26,model,"陈女士，根据你的症状和病史，我们建议你进行以下检查以确定具体的诊断：

1. 心电图：心电图可以检测心脏的电活动，帮助确定是否存在心脏疾病。

2. 心脏超声：心脏超声可以形成关于心脏结构和功能的详细图像，帮助检测心脏结构和功能异常。

3. 心脏核磁共振：心脏核磁共振可以提供更详细的图像，帮助确定心脏结构和功能异常，以及排除其他潜在的疾病。

此外，我们还需要对你的血压、血糖、血脂等进行全面检查，以排除其他可能的健康问题。

在治疗方面，针对妊娠期晕厥，医生可能会给你开一些药物，如利尿剂、β受体阻滞剂等，以帮助控制症状。此外，你还需要注意补充营养，保持充足的睡眠和适当的运动。

最后，建议你定期进行产前检查，以确保胎儿的发育和你的健康。如果你有任何疑问或需要帮助，请随时联系我们。我们会尽力帮助你度过这段特殊的时期。祝你早日康复，宝宝健康成长。",5
4,3,26,human,医院确诊室上性心动过速，但要继续进行心脏电生理检查和射频消融治疗，我害怕这些治疗中的辐射会伤害到胎儿。,1
4,3,26,model,"患者，不用太担心，心脏电生理检查和射频消融治疗在医学上是非常安全的，不会对胎儿造成伤害。事实上，这些治疗通常会在专业医生的指导下进行，以最大程度地减少对胎儿的不良影响。

心脏电生理检查是一种非侵入性的诊断方法，通过在患者体内放置电极，然后使用仪器记录心脏的电活动，以确定心脏的异常。射频消融治疗则是通过将高频电流传递到心脏组织中，从而破坏异常的电路，恢复正常的心律。

这些治疗方法通常会在患者身体状况稳定的情况下进行，以确保治疗的安全性和有效性。在治疗过程中，医生会使用最小有效剂量进行治疗，并密切监测患者的生命体征和治疗效果。此外，医生还会在治疗前对患者进行详细的评估和解释，以确保患者充分理解治疗的过程和风险。

因此，您不用太担心这些治疗中的辐射对胎儿的影响。在专业的医生指导下，我们会尽力保证治疗的安全性，并为您提供最佳的医疗服务。如果您还有其他疑问或需要更多的信息，请随时向我们咨询。",5
4,3,26,human,可以详细介绍一下心脏电生理检查和射频消融治疗吗，会不会有辐射,2
4,3,26,model,"患者，心脏电生理检查是一种通过记录心脏的电活动来确定心脏异常的非侵入性检查方法。在检查过程中，医生会在患者体内放置一些电极，通过这些电极来记录心脏的电活动。这些电极可以放置在胸前、手腕、腿部等位置，以获取不同部位的电信号。

心脏电生理检查通常需要在医院或诊所进行，医生会根据您的具体情况来决定最佳的检查位置和方式。检查过程中，医生会通过仪器观察和记录您的心脏电活动，并根据异常的心电图或节律来进一步确定是否存在心脏疾病。

射频消融治疗是一种通过高频电流破坏异常电路的治疗方法。在治疗中，医生会通过皮肤和胸腔进入心脏，并在心脏内部找到异常电路。然后，医生会使用射频消融导管将高频电流传递到电路中，以破坏异常电路，恢复正常的心律。

射频消融治疗通常需要在医院或诊所进行。在治疗前，医生会对您进行详细的评估和准备工作，以确保治疗的安全性和有效性。治疗过程中，医生会使用最小有效剂量进行治疗，并密切监测患者的生命体征和治疗效果。

关于辐射的问题，心脏电生理检查和射频消融治疗在医学上是非常安全的，不会对身体和胎儿造成明显的辐射损伤。医生会在治疗中尽量控制射频消融导管的距离和能量，以减少辐射对周围组织的损伤。此外，医生还会根据患者的具体情况进行个体化的治疗方案，以确保治疗的安全性和有效性。

综上所述，心脏电生理检查和射频消融治疗在医学上是非常安全的，不会对身体和胎儿造成明显的辐射损伤。如果您还有其他问题或需要更多的信息，请随时向我们咨询。我们会尽力为您提供最佳的医疗服务。",9
4,3,26,human,这些心脏电生理检查和射频消融治疗对于孕妇有怎样的风险，是否可以保守治疗,2
4,3,26,model,"患者，针对您的问题，心脏电生理检查和射频消融治疗在孕妇身上并没有明显的风险。这些治疗方法通常会在专业医生的指导下进行，以确保最大程度地减少对胎儿的不良影响。

心脏电生理检查是一种非侵入性的诊断方法，通过在患者体内放置电极，然后使用仪器记录心脏的电活动，以确定心脏的异常。这种检查方法对于孕妇来说是安全的，因为它不会对身体和胎儿造成明显的辐射损伤。

射频消融治疗是一种通过高频电流破坏异常电路的治疗方法。在治疗中，医生会通过皮肤和胸腔进入心脏，并在心脏内部找到异常电路。然后，医生会使用射频消融导管将高频电流传递到电路中，以破坏异常电路，恢复正常的心律。

射频消融治疗在孕妇身上也是安全的，因为治疗过程中医生会使用最小有效剂量进行治疗，并密切监测患者的生命体征和治疗效果。此外，医生还会在治疗前对患者进行详细的评估和解释，以确保患者充分理解治疗的过程和风险。

因此，对于您这种患有室上性心动过速的孕妇，我们建议您接受心脏电生理检查和射频消融治疗，以帮助控制症状，并最大程度地减少对胎儿的不良影响。如果您还有其他问题或需要更多的信息，请随时向我们咨询。我们会尽力为您提供最佳的医疗服务。",7
