﻿1,2,7,human,你好我是患者马先生，男性82岁，我最近有点头脑不清爽，耳朵里面总有声音，经常眼前发黑，还摔了几次，有时候心跳的很快，躺着会好点，稍微动动就喘不过来气，你看看咋回事,12
1,2,7,model,您好，马先生。根据您的描述，您可能存在脑血管疾病、耳石症和心脏疾病等多种因素导致的症状。建议您到医院进行头颈部和心血管系统的检查，以便明确诊断。同时，您可以进行听力检查，以确定是否存在耳石症。如果确诊为耳石症，可以采用手法复位的方法进行治疗。请您注意休息，避免剧烈运动和情绪波动，保持良好的生活习惯。如果您有任何疑问或需要进一步的帮助，请随时与医生联系。祝您早日康复！,5
1,2,7,human,我年纪大了身体也有点问题，有些老毛病，你觉得有啥可能是对你看病有帮助的？,50
1,2,7,model,年龄大、身体有病的情况确实会对诊断和治疗有影响。但是，您描述的症状可能与多种疾病相关，包括脑血管疾病、耳石症和心脏疾病等。因此，建议您到医院进行全面的身体检查，以便明确诊断和治疗方案。医生会根据您的病史、体格检查和必要的辅助检查结果，制定出最适合您的治疗方案。同时，您也可以向医生详细描述自己的症状，以便医生更好地了解您的情况，并进行必要的诊断和治疗。祝您早日康复！,5
1,2,7,human,我现在血压有点高，一直吃那个降压药，糖尿病倒是没有，很多年前脑梗过，当时话都不好讲，左腿都动不了，你看看这和我的症状有啥关系吗，,3
1,2,7,model,高血压和糖尿病都是导致血管疾病的风险因素，而血管疾病是导致您出现头脑不清、耳鸣、眼前发黑、心跳过快、喘不过气等症状的原因之一。因此，建议您继续按医嘱服用降压药，并定期检查血压，以便及时调整治疗方案。对于您的脑梗病史，也需要定期进行脑部影像学检查，以及进行相关生活方式干预，如戒烟、限制饮酒、保持健康的饮食和运动习惯等。同时，您可以咨询医生关于糖尿病的治疗和管理建议，以控制糖尿病的病情。如果您的症状持续或加重，建议及时就医，进行进一步的检查和治疗。祝您早日康复！,6
1,2,7,human,你觉得我有啥检查要做，或者你还想知道什么？,10
1,2,7,model,"根据您提供的症状和病史，建议您进行以下检查和评估：

1. 血压监测：定期测量血压，了解血压的变化情况，以判断是否需要调整治疗方案。

2. 血脂检查：检查胆固醇和甘油三酯的水平，以评估心血管疾病的风险。

3. 心电图(ECG)：检查心脏的电活动情况，以评估心脏是否存在异常。

4. 头颈部血管超声：检查血管的形态和结构，了解是否存在异常。

5. 脑部影像学检查：如头颅CT或MRI等，以评估是否存在脑血管疾病。

此外，还需要评估您的糖尿病控制情况，包括血糖水平、胰岛素使用情况等。

最后，建议您定期进行身体检查，保持健康的生活方式，如戒烟、限制饮酒、保持健康的饮食和运动习惯等，以预防和控制心血管疾病、糖尿病等慢性病的发生。同时，如出现任何不适症状，请及时就医并告知医生您的病史和药物使用情况，以便医生更好地制定治疗方案。祝您身体健康！",11
1,2,7,human,刚刚做了一个心脏超声，说左心室肥大右心房扩大，心电图说有永久性房颤。,5
1,2,7,model,"根据您提供的心脏超声结果，左心室肥大和右心房扩大，这可能是心衰或其他心脏疾病导致的。同时，心电图显示有永久性房颤，这可能与您的心脏病有关，需要进一步的评估和治疗。

建议您到医院进行进一步的检查和评估，包括心电图、心脏彩超、动态心电图、心脏核磁共振等，以明确诊断。根据诊断结果，医生会制定最适合您的治疗方案，包括药物治疗、手术治疗、改变生活方式等。

同时，建议您积极控制高血压、高血脂、糖尿病等慢性病，保持健康的生活方式，如戒烟、限制饮酒、保持健康的饮食和运动习惯等，以预防和控制心血管疾病、心衰等疾病的发生。

最后，如果您的症状有所恶化，如心悸、气短、晕厥等，请及时就医并告知医生您的病史和药物使用情况，以便医生更好地制定治疗方案。祝您早日康复！",10
1,2,7,human,哦对了，我常年吸烟，之前还切除过肺部结节，反正肺情况不太好，你看看我这情况到底是啥问题呢？,15
1,2,7,model,"吸烟和肺部结节的病史都增加了您发生肺部疾病的风险，而肺部疾病是导致您出现头脑不清、耳鸣、眼前发黑、心跳过快、喘不过气等症状的原因之一。因此，建议您尽快戒烟，避免吸二手烟，保持室内空气清新，并进行肺部检查，以评估您的肺功能和肺部病变的程度。

同时，您也可以咨询医生关于肺部结节的处理建议，了解是否需要进行进一步的检查或治疗。肺部结节需要根据具体情况进行评估，包括结节的性质、大小、位置、数量、形态等因素，以及患者是否有其他肺部疾病或症状，如咳嗽、胸痛等。

最后，建议您定期进行肺部检查和评估，如肺部CT、肺功能检查等，以及进行相关的肺部筛查，如低剂量CT、PET-CT等，以便及早发现和治疗肺部疾病。同时，保持健康的生活方式，如戒烟、限制饮酒、保持健康的饮食和运动习惯等，有助于预防和控制肺部疾病的发生和发展。

祝您早日康复！",11
1,2,7,human,综合我的情况你觉得我最有可能是什么问题？,5
1,2,7,model,"根据您提供的症状和病史，可能存在以下问题：

1. 左心室肥大和右心房扩大：这可能是心衰或其他心脏疾病导致的。

2. 永久性房颤：这可能是心房颤动的表现之一，也可能与心脏病有关。

3. 吸烟和肺部结节：吸烟和肺部结节都增加了您发生肺部疾病的风险。

综合以上因素，您可能存在心脏病、肺部疾病、高血压等慢性病，需要进一步的检查和评估，以明确您的具体诊断。建议您及时就医，到医院进行全面的身体检查和评估，包括心电图、心彩超、肺部CT、肺功能检查等，以及进行相关的肺部筛查，如低剂量CT、PET-CT等，以便及早发现和治疗您的疾病。

同时，建议您积极控制高血压、高血脂、糖尿病等慢性病，保持健康的生活方式，如戒烟、限制饮酒、保持健康的饮食和运动习惯等，以预防和控制心血管疾病、心衰等疾病的发生。

最后，如果您出现了任何不适症状，请及时就医并告知医生您的病史和药物使用情况，以便医生更好地制定治疗方案。祝您早日康复！",13
1,2,7,human,有什么治疗的办法呢,27
1,2,7,model,"治疗方案需要根据您的具体诊断结果和病情严重程度来制定，建议您尽快到医院进行全面的身体检查和评估，以便及早发现和治疗您的疾病。

对于左心室肥大和右心房扩大的问题，可能需要进行药物治疗、手术治疗或其他治疗，具体治疗方案需要根据您的具体情况来确定。

对于永久性房颤，可能需要进行药物治疗、电复律、消融治疗等，具体治疗方案需要根据您的具体情况来确定。

对于吸烟和肺部结节，建议您积极戒烟、减少吸入有害物质，如尘埃、花粉等，以及进行肺部检查和治疗，以减少肺部疾病的发生和发展。

总之，治疗需要根据您的具体情况来制定，建议您到医院进行全面的身体检查和评估，以便及早发现和治疗您的疾病，并积极配合医生的治疗，保持良好的心态和生活习惯，以促进康复。祝您早日康复！",10
1,2,7,human,能不能开点药，我不想做手术，药开的也便宜点，最好都能报销,4
1,2,7,model,"您好，根据您提供的病史和症状，我建议您尽快到医院进行全面的身体检查和评估，以明确您的具体诊断，并根据您的病情制定个性化的治疗方案。

对于左心室肥大和右心房扩大的问题，可能需要进行药物治疗、手术治疗或其他治疗，具体治疗方案需要根据您的具体情况来确定。

对于永久性房颤，可能需要进行药物治疗、电复律、消融治疗等，具体治疗方案需要根据您的具体情况来确定。

至于药物治疗，我建议您在医生的指导下使用药物，根据医生的建议进行规范的治疗。药物治疗可能包括抗心衰、抗高血压、抗糖尿病等药物，具体用药方案需要根据您的病情和身体情况来确定。

最后，我还是建议您到医院进行全面的身体检查和评估，以明确您的具体诊断，并根据您的病情制定个性化的治疗方案。祝您早日康复！",10
