﻿1,3,3,human,你好我是患者马先生，男性82岁，我最近有点头脑不清爽，耳朵里面总有声音，经常眼前发黑，还摔了几次，有时候心跳的很快，躺着会好点，稍微动动就喘不过来气，你看看咋回事,21
1,3,3,model,您好，根据您的描述，您可能存在一些心血管系统的问题，建议您尽快到医院进行详细的检查和诊断。您所描述的头脑不清爽、耳朵里有声音、眼前发黑、心跳过快等症状可能与心律失常有关，需要进一步检查以明确诊断。同时，老年人的摔跤可能与老年痴呆有关，建议进行相关检查以排除疾病。在等待检查结果的过程中，您可以注意休息，保持良好的生活习惯，避免过度劳累和情绪波动。如果需要，可以适当服用一些调节血压、心脏功能的药物，但请务必在医生指导下使用。祝您早日康复！,7
1,3,3,human,我新冠刚好，是不是病毒搞的鬼,25
1,3,3,model,您好，根据您的描述，您最近出现了头脑不清爽、耳朵里有声音、眼前发黑、心跳过快等症状，这些症状可能与多种疾病有关，包括但不限于心律失常、贫血、甲状腺功能减退等。新冠病毒感染可能会引起一些症状，但并不是所有感染者都会出现这些症状。建议您及时到医院进行详细的检查和诊断，以明确病因并进行相应的治疗。同时，您可以注意休息，保持良好的生活习惯，避免过度劳累和情绪波动。如果您有其他疑问或需要进一步的帮助，请随时与我们联系。祝您早日康复！,4
1,3,3,human,我年纪大了身体也有点问题，有些老毛病，你觉得有啥可能是对你看病有帮助的？,75
1,3,3,model,患者先生，您好！我了解到您年纪较大，身体也有一些慢性疾病，这对您的医疗诊断会有一定的帮助。根据您的症状描述，您可能存在一些心血管系统的问题，如心律失常、心跳过快等。此外，您还可能患有老年痴呆，导致摔跤的情况。这些症状可能与您的生活方式、饮食习惯、药物使用等有关。因此，在诊断过程中，我们会综合考虑这些因素，并结合您的病史、体检结果以及其他相关检查结果，进行综合分析和判断，制定出最适合您的治疗方案。如果您有任何疑问或需要进一步的帮助，请随时与我们联系。祝您早日康复！,4
1,3,3,human,我现在血压有点高，一直吃那个降压药，糖尿病倒是没有，很多年前脑梗过，当时话都不好讲，左腿都动不了，你看看这和我的症状有啥关系吗，,22
1,3,3,model,尊敬的患者，您好。根据您的描述，您之前有脑梗塞并导致左腿残疾的情况，同时血压也有点高。这些症状可能与您目前的症状有关。高血压是脑梗塞的主要危险因素之一，高血压引起的脑动脉破裂导致的脑梗塞，会直接损伤脑细胞，特别是大脑皮层，从而引起语言功能障碍，包括失语和理解力下降。建议您及时到医院进行详细的检查和诊断，以便及时采取相应的治疗措施。同时，您也可以注意控制血压，保持健康的生活方式，如适当运动、饮食健康等，以帮助改善症状。如果您有任何疑问或需要进一步的帮助，请随时与我们联系。祝您早日康复！,4
1,3,3,human,刚刚做了一个心脏超声，说左心室肥大右心房扩大，心电图说有永久性房颤。,83
1,3,3,model,您好，根据您提供的信息，您可能存在左心室肥大和永久性房颤的问题。左心室肥大是指心脏左心室壁增厚，这是心脏长期负荷过重的结果，常见于高血压、冠心病等心血管疾病。永久性房颤是指心脏电活动异常，导致心房不规律跳动，这会增加血栓形成的风险，进而引发中风。建议您尽快到医院进行进一步的检查和治疗，以便及时控制病情。医生可能会建议您服用抗凝药物，如华法林，以预防血栓形成。同时，您也需要注意控制血压和血糖，保持健康的生活方式，如适当运动、饮食健康等，以帮助改善病情。如果您还有其他问题，请随时向我咨询。祝您早日康复！,5
1,3,3,human,哦对了，我常年吸烟，之前还切除过肺部结节，反正肺情况不太好，你看看我这情况到底是啥问题呢？,25
1,3,3,model,"根据您提供的信息，您常年吸烟且之前还切除过肺部结节，这些情况都可能对您的肺部健康造成影响。您现在所描述的情况可能是由于吸烟造成的慢性支气管炎和肺气肿所致。慢性支气管炎是一种常见的慢性疾病，会导致气道狭窄、黏液分泌增多，从而引发咳嗽、咳痰等症状。肺气肿是一种慢性阻塞性肺疾病，会导致肺泡气体交换功能受损，从而出现呼吸困难等症状。

为了明确诊断，您还需要进行一些肺部检查，如肺功能检查、胸部X光等。同时，戒烟是非常重要的，可以减缓疾病的进展，并降低相关的并发症风险。

建议您尽快就医，进行相关检查，以便明确诊断并采取相应的治疗措施。同时，戒烟也是非常重要的，可以减缓疾病的进展，并降低相关的并发症风险。如果您还有其他问题，欢迎随时向我咨询。祝您早日康复！",6
1,3,3,human,综合我的情况你觉得我最有可能是什么问题？,23
1,3,3,model,"根据您提供的症状和情况，我了解到您可能患有肺气肿和慢性支气管炎。这两种疾病都是由于吸烟引起的，而您常年吸烟的情况也支持了这一诊断。肺气肿是由于肺泡气体交换功能受损，导致呼吸困难等症状。慢性支气管炎则会导致气道狭窄、咳嗽、咳痰等症状。

为了进一步确认诊断，我建议您进行肺功能检查和胸部X光等检查。肺功能检查可以评估您的肺部功能，而胸部X光可以检查肺部是否有其他异常。

同时，我也建议您尽快戒烟，因为吸烟是导致肺部疾病的主要原因之一。戒烟可以减缓疾病的进展，并降低相关的并发症风险。

如果您需要进一步的帮助或有其他问题，请随时向我咨询。祝您早日康复！",6
1,3,3,human,脑袋里面的问题大吗,48
1,3,3,model,您好，脑血管痉挛是一种常见的脑血管疾病，其症状包括头痛、眩晕、恶心、呕吐等。脑血管痉挛的严重程度取决于痉挛血管的数量和部位，以及是否有脑缺血表现。如果痉挛血管数量少、痉挛程度轻，没有脑缺血表现，那么病情可能相对较轻，预后较好。但如果痉挛血管数量多、痉挛程度重，或者已经出现脑缺血表现，那么病情可能相对较重，预后较差。因此，建议您及时就医，接受专业医生的诊断和治疗。如果您还有其他问题，欢迎随时向我咨询。祝您早日康复！,5
1,3,3,human,那你觉得我要还要做哪些检查呢，CT和MRI要做吗,10
1,3,3,model,您好，针对您的问题，我建议您先进行脑部CT或MRI检查，以了解您的脑部情况。这些检查可以帮助医生更全面地了解您的病情，从而制定更合适的治疗方案。此外，我建议您进行一些辅助检查，如心电图、脑血流图、脑电图等，以帮助医生更准确地诊断您的病情。在治疗方面，您可以考虑进行抗凝、溶栓或血管扩张治疗，以解除血管痉挛，改善脑血流，预防或减轻脑缺血发作。同时，您还需要注意控制血压、血糖和血脂，保持健康的生活方式，如适当运动、饮食健康等，以帮助改善病情。如果您还有其他问题，欢迎随时向我咨询。祝您早日康复！,5
1,3,3,human,你为什么建议我做脑部CT或MRI检查，肺气肿和慢性支气管炎做这个干啥,46
1,3,3,model,您好，针对您的问题，我建议您进行脑部CT或MRI检查，以了解您的脑部情况。这些检查可以帮助医生更全面地了解您的病情，从而制定更合适的治疗方案。对于肺气肿和慢性支气管炎的患者，脑部CT或MRI检查可以帮助医生判断是否存在脑血管痉挛等并发症，以及是否存在其他潜在的脑部问题。同时，肺功能检查也可以帮助医生评估您的肺部功能情况，从而更好地了解您的病情。在治疗方面，您可以考虑进行抗凝、溶栓或血管扩张治疗，以解除血管痉挛，改善脑血流，预防或减轻脑缺血发作。同时，您还需要注意控制血压、血糖和血脂，保持健康的生活方式，如适当运动、饮食健康等，以帮助改善病情。如果您还有其他问题，欢迎随时向我咨询。祝您早日康复！,6
1,3,3,human,能不能开点药，我不想做手术，药开的也便宜点，最好都能报销,49
1,3,3,model,您好，根据您的病情，我建议您选择中成药进行治疗。因为手术对于血管痉挛并不是首选治疗方法，而药物治疗是更常见的选择。对于血管痉挛，您可以尝试使用尼莫地平或盐酸氟桂利嗪进行治疗。这两种药物的价格都比较便宜，并且都可以报销一部分费用。在使用这些药物时，您需要注意药物的用量和用法，以及药物的副作用和注意事项。如果您的病情没有得到明显改善，我建议您咨询医生，了解其他治疗方案。同时，您还需要注意控制血压、血糖和血脂，保持健康的生活方式，以帮助改善病情。如果您还有其他问题，欢迎随时向我咨询。祝您早日康复！,5
