﻿2,3,12,human,你好，我是张女士，33岁。最近3个多月晕倒了两次。发作都挺突然的，可能前几秒会有预感，有点头晕之后就两眼发黑，然后突然晕倒，第一次是被同事掐人中恢复意识，第二次自己提前蹲下缓了半分钟才好。我这是咋回事,19
2,3,12,model,您好，根据您的描述，您可能患有突发性晕厥。突发性晕厥是指在没有任何明显的外科原因的情况下，突然出现意识丧失和晕倒的症状。晕厥的原因有很多种，可能是由于心脏问题、血压突然下降、贫血、药物反应等引起的。建议您尽快到医院进行详细的检查，以确定晕厥的原因。在等待就医的过程中，您可以注意休息，避免过度劳累和情绪波动，同时避免过度饥饿和饮酒等可能诱发晕厥的因素。如果您的晕厥症状严重影响到日常生活，可以考虑佩戴医用记录仪进行监测，以了解晕厥发作的具体情况。请注意，以上建议仅供参考，具体治疗方案需要根据您的具体情况制定，建议您及时就医并咨询专业医生的意见。祝您早日康复！,3
2,3,12,human,平时工作压力太大，我总觉得未来一片黑暗，自己带两个孩子真的很累，觉都睡不好。你需要了解我的其他病史吗？,68
2,3,12,model,是的，了解您的病史对于我们诊断和治疗是非常重要的。您是否有其他疾病？比如高血压、糖尿病、心脏病等？还有您的家族中是否有类似的疾病？这些信息可以帮助我们更好地了解您的身体状况，从而制定更合适的治疗方案。另外，您是否有服用过任何药物或者有其他特殊的饮食习惯？这些信息也会对我们的诊断和治疗起到辅助作用。请您提供尽可能详细的信息，这样我们才能更好地帮助您。,2
2,3,12,human,我平时偶尔会恶心，经常失眠，也很容易情绪紧张，这和我的症状有关系吗,14
2,3,12,model,根据您的描述，您的症状可能与情绪和睡眠问题有关，但还需要进一步了解您的身体状况和生活习惯。突发性晕厥可能与您的心脏问题有关，因此我们建议您进行心电图和心脏超声检查，以了解您的心脏状况。此外，我们也建议您进行血压监测、血液检查和头颅MRI等检查，以确定晕厥的原因。在等待就医的过程中，您可以尽量保持心情愉快，避免过度紧张和压力，同时注意良好的睡眠习惯，保持规律的作息时间。如果您的症状严重影响到日常生活，可以考虑一些辅助措施，如佩戴医用记录仪进行监测，记录晕厥发作的具体情况，以便医生更好地了解您的病情并制定更合适的治疗方案。请您尽快到医院进行检查，以便及早发现问题并采取相应的治疗措施。祝您早日康复！,3
2,3,12,human,我睡不太好，睡不着的时候会吃点安眠药，有慢性胃炎，经常胀气，之前还查出过贫血。,8
2,3,12,model,根据您的描述，您的症状可能与多种因素有关。首先，您提到的失眠和胃炎可能会导致消化系统问题，从而影响您的睡眠质量。此外，贫血也可能导致疲劳和头晕的症状。安眠药的使用也可能会对身体产生一定的负面影响。因此，我们建议您首先尝试一些非药物的方法来改善睡眠质量，例如保持规律的作息时间，避免刺激性饮食和饮料，进行适当的体育锻炼等。如果这些方法无法改善您的睡眠问题，可以咨询医生并考虑使用一些安全有效的药物来帮助入睡。另外，对于您的胃炎和胀气问题，建议您遵循医生的建议进行治疗，同时注意饮食调理，避免过度进食和食用刺激性食物。最后，我们建议您定期进行体检，监测身体状况，及时发现和处理潜在的健康问题。请注意，以上建议仅供参考，具体治疗方案需要根据您的具体情况制定，建议您及时就医并咨询专业医生的意见。祝您早日康复！,4
2,3,12,human,你觉得我有啥检查要做，或者你还想知道什么？,14
2,3,12,model,根据您的症状和描述，我们可能需要进行一些进一步的检查来确定您的病因和制定相应的治疗方案。首先，我们建议您进行心电图和心脏超声检查，以了解您的心脏状况。这对于诊断您是否患有心脏病以及病情的严重程度非常重要。此外，我们还需要进行血压监测、血液检查和头颅MRI等检查，以确定晕厥的原因。这些检查可以帮助我们排除一些可能存在的严重疾病，例如脑血管疾病和癫痫等。在等待就医的过程中，您可以注意休息，避免过度劳累和情绪波动，同时避免过度饥饿和饮酒等可能诱发晕厥的因素。如果您的症状严重影响到日常生活，可以考虑佩戴医用记录仪进行监测，以了解晕厥发作的具体情况。请您尽快到医院进行检查，以便及早发现问题并采取相应的治疗措施。如果您有任何其他问题或者需要进一步了解，请随时与我沟通。祝您早日康复！,4
2,3,12,human,综合我的情况你觉得我最近的晕倒最有可能是什么问题？,20
2,3,12,model,根据您的症状描述，突发性晕厥可能是一个比较有可能的原因。然而，为了确诊您的病情，我们还需要进一步的检查和评估。晕厥可能由多种因素引起，包括心脏问题、血压突然下降、贫血、药物反应等。因此，为了准确诊断和制定最佳的治疗方案，我们建议您进行上述提到的检查以进一步了解您的病情。同时，我们也会根据您的病史、体检结果和检查结果来确定您的具体病因，并制定相应的治疗计划。请您不要过度担心，我们会尽最大努力为您提供最好的医疗服务。如果您有任何其他问题或者需要进一步了解，请随时与我沟通。祝您早日康复！,3
2,3,12,human,你觉得应该如何治疗，对于这些治疗方法我应该如何选择？,13
2,3,12,model,"突发性晕厥的治疗方法需要根据具体的病因来确定。针对不同的病因，治疗方案也会有所不同。一般来说，治疗突发性晕厥的方法包括以下几种：

1. 病因治疗：针对具体的病因进行治疗。例如，如果晕厥是由于心脏问题引起的，我们可能会采取药物治疗、手术治疗或者其他介入治疗来改善心脏功能。如果晕厥是由于低血压或低血糖等原因引起的，我们可能会建议患者调整饮食和生活方式，以维持稳定的血糖和血压水平。

2. 药物治疗：对于一些病因明确、症状较轻的患者，药物治疗可能是一种有效的治疗方式。例如，针对心脏问题引起的晕厥，我们可能会使用一些药物来调节心律、增加心脏输出量等。

3. 生活方式调整：针对一些与生活方式相关的病因，如饮食不合理、长时间站立或坐着不动等，我们可以建议患者调整生活方式，改善症状。例如，建议患者保持规律的饮食、适当锻炼、避免长时间站立或坐着不动等。

4. 康复训练：对于一些病因复杂、症状较严重的患者，康复训练可能是一种有效的治疗方式。康复训练包括物理治疗、心理治疗等，旨在通过一系列的训练和治疗，帮助患者改善身体功能和生活质量。

在选择治疗方法时，我们需要综合考虑患者的具体情况和病因，以及治疗的优势和风险。不同治疗方法的效果和副作用可能会有所不同，并且可能需要长期的治疗和维护。因此，我们建议您与医生进行详细的讨论和沟通，并根据医生的建议来选择最适合您的治疗方法。同时，我们也会为您提供详细的指导和建议，帮助您更好地管理和控制病情。请您放心，我们会全力支持您的治疗和康复，祝您早日恢复健康！",8
2,3,12,human,可以开点药吗,33
2,3,12,model,尊敬的患者，根据您的情况，我建议您先进行一些必要的检查和评估，以确定您的病因和制定最佳的治疗方案。药物治疗可能是一种有效的治疗方式，但具体使用哪种药物需要根据您的具体情况来确定。因此，我建议您先到医院进行详细的检查和评估，以便医生能够更好地了解您的病情并制定最合适的治疗方案。在治疗过程中，您需要注意休息，避免过度劳累和情绪波动，同时遵循医生的建议进行治疗和维护。如果您有任何疑问或需要进一步的帮助，请随时与医生进行沟通和咨询。祝您早日康复！,3
