﻿4,3,27,human,我是29岁的陈女士，目前怀孕21周，之前在家一个多月左右晕厥了两次，没有抽搐或者意识模糊。第一次晕厥时感觉心跳加速、心悸和恶心，但是没有胸痛，去医院检查都正常，胎儿也很正常。第二次持续心慌，去医院心电图显示室上性心动过速。我这大概是什么问题,9
4,3,27,model,您好，很高兴为您服务。您所描述的症状听起来很像是体位性低血压，不过为了确诊，我需要了解更多的细节。请问您晕厥后有没有头晕或者眼花？您有没有感觉到自己的血压突然下降或者出汗？您有没有其他不适的症状，比如头痛、乏力、食欲不佳等？,1
4,3,27,human,有点头晕，我之前有两次早孕流产、还有妊娠高血压史，这有什么关系吗？,48
4,3,27,model,非常感谢您提供的信息。您的早孕流产史和妊娠高血压史可能会增加您目前晕厥的风险。另外，您是否按照医生的建议定期进行产检？,0
4,3,27,human,有定期产检，胎儿状态还是比较好的，我非常担心胎儿的健康，会不会有什么问题，你有什么想问的吗？,32
4,3,27,model,根据您的症状和病史，我建议您进行详细的产检和检查，以确定胎儿的健康状况。您的晕厥症状可能是由于体位性低血压引起的，但也可能是其他疾病的表现。建议您进行血压监测、心电图、超声检查等，以确定病因。如果确诊为体位性低血压，可以通过改变体位、多喝水、增加盐分等方法来缓解症状。如果发现其他疾病，需要根据具体情况进行治疗。同时，建议您保持良好的生活习惯，避免过度劳累、饮食均衡、定期运动等，以维持健康。祝您早日康复！,2
4,3,27,human,综合我的情况你觉得我最近的晕厥最有可能是什么问题？,2
4,3,27,model,根据您的症状和病史，体位性低血压是最有可能是您晕厥的原因。但是为了确诊，我们需要进一步的检查和观察。请您继续按照医生的建议进行产检，并及时就诊以获取更准确的诊断。同时，我建议您平时多注意休息，避免长时间站立或坐姿不正确，注意饮食和药物的合理搭配，避免过度劳累，以预防和减少晕厥的发生。,2
4,3,27,human,你觉得我有啥检查要做，或者你还想知道什么？,5
4,3,27,model,根据您的症状和病史，我建议您进行以下检查：血压监测、心电图、超声检查等。血压监测可以检测您的血压是否经常波动，心电图可以观察您的心脏功能和心律是否正常，超声检查可以观察您的心血管结构和功能是否正常。此外，建议您定期进行产检，以确保胎儿的健康状况。如果您的症状加重或出现其他不适症状，请及时就诊。最后，祝您早日康复！,2
4,3,27,human,医院确诊室上性心动过速，但要继续进行心脏电生理检查和射频消融治疗，我害怕这些治疗中的辐射会伤害到胎儿。,2
4,3,27,model,"了解您对于治疗和辐射的担忧，在您进行心脏电生理检查和射频消融治疗时，医生会采取一系列措施来减少辐射对您和胎儿的影响。首先，医生会在检查和治疗过程中尽量减少照射时间和剂量，以减少对细胞的直接伤害。其次，医生会选择使用低剂量的电生理仪器，以减少对周围组织的辐射。另外，在治疗过程中，医生会监测胎儿的胎动和心率，以确保胎儿的安全。

此外，除了心脏电生理检查和射频消融治疗，您还需要配合其他治疗措施，如药物治疗、手术治疗等。这些治疗方案都经过了严格的评估和筛选，医生会根据您的具体情况制定最适合您的治疗方案。同时，医生也会在治疗过程中密切关注胎儿的发育和健康状况，以确保治疗的安全性和有效性。

最后，作为孕妇，您需要定期进行产检，以了解胎儿的发育情况和健康状况。同时，您也需要注意饮食和生活习惯，保持良好的心态和情绪，避免过度劳累和压力，以促进胎儿的健康发育。

如果您还有其他疑问或担忧，请随时与医生沟通，医生会根据您的具体情况给予您最专业的建议和帮助。祝您和宝宝健康！",5
4,3,27,human,可以详细介绍一下心脏电生理检查和射频消融治疗吗，会不会有辐射,13
4,3,27,model,"心脏电生理检查是一种通过记录心脏电活动来诊断心脏疾病的无创性检查方法。在心脏电生理检查中，医生会使用电极贴在患者的胸部和四肢上，记录心脏电活动的变化。这项检查通常需要在医院进行，以确保患者的安全和舒适。心脏电生理检查一般不会对胎儿产生直接的影响，因此是一种相对安全的检查方法。

射频消融治疗是一种通过将高频电流传递到心脏组织中，破坏异常的电路，以恢复正常心律的治疗方法。在射频消融治疗中，医生会通过导管将射频电极插入患者心脏的异常电路中，然后使用射频能量破坏异常电路中的组织。这项治疗一般需要在医院进行，以确保患者的安全和舒适。射频消融治疗可能会产生一些辐射，但医生会尽量减少辐射的剂量和时间，以减少对患者的辐射损伤。同时，医生会监测患者的心电图和生命体征，以确保治疗的安全性。

总的来说，心脏电生理检查和射频消融治疗在专业医生的指导下，是一种安全有效的诊断和治疗心脏疾病的治疗方法。医生会根据您的具体情况，制定最适合您的治疗方案，并密切关注您的健康和胎儿的发育状况，以确保治疗的安全性和有效性。如果您还有其他疑问或担忧，请随时与医生沟通。祝您和宝宝健康！",6
4,3,27,human,这些心脏电生理检查和射频消融治疗对于孕妇有怎样的风险，是否可以保守治疗,1
4,3,27,model,"对于孕妇来说，心脏电生理检查和射频消融治疗是相对安全的检查和治疗方法。虽然这些检查和治疗可能会对胎儿产生一些影响，但医生会根据孕妇的具体情况，权衡利弊，选择最适合的治疗方案。

对于体位性低血压引起的晕厥症状，一般建议进行心脏电生理检查和射频消融治疗。这是因为体位性低血压是一种常见的心脏疾病，如果不及时治疗，可能会导致严重的并发症，如心脏骤停和猝死。通过心脏电生理检查和射频消融治疗，可以有效地控制症状，预防并发症的发生。

对于其他心脏病引起的晕厥症状，医生会根据具体情况制定相应的治疗方案，可能包括药物治疗、手术治疗等。这些治疗方法在孕妇中也是相对安全的，可以通过药物调整心脏功能，修复异常的心脏结构和功能，从而缓解症状，预防并发症的发生。

对于一些病情较轻的孕妇，医生可能会建议保守治疗，即通过调整生活方式和饮食习惯来改善心脏状况。这包括避免长时间站立或坐姿不正确，多喝水、增加盐分等。保守治疗相对安全，适用于一些轻度病情的孕妇。

综上所述，心脏电生理检查和射频消融治疗对于孕妇是相对安全的检查和治疗方法。医生会根据孕妇的具体情况，制定最适合的治疗方案，并密切关注孕妇和胎儿的健康状况。如果您还有其他疑问或担忧，请随时与医生沟通。祝您和宝宝健康！",7
