﻿5,1,35,human,患者是6岁男孩，一个月内经常在站立时出现恶心、头晕脸色惨白，通时浑身是汗并晕倒，2分钟后才清醒，持续乏力精神不振。最近一次抽搐后出现抽搐和大小便失禁。患者这是什么问题？你还想知道什么,8
5,1,35,model,"根据您提供的症状,这可能是晕厥或癫痫的症状。晕厥是一种短暂的意识丧失,通常伴随着头晕、晕眩和出汗。癫痫是一种神经系统疾病,会导致意识丧失和抽搐。

建议您带孩子去医院做进一步检查,例如脑电图、头部CT或MRI等,以确定具体的病因。同时,家长也可以注意观察孩子的症状,避免过度疲劳、紧张和压力等因素,保持良好的生活习惯和饮食习惯,以帮助孩子恢复健康。",3
5,1,35,human,患者是早产儿，母亲孕期内有血糖升高和严重低蛋白血症，患者有癫痫病史，小时候血压低一直在80/40mmhg左右，同时轻微贫血血红蛋白指数低,5
5,1,35,model,"您的孩子的症状可能与低血糖和贫血有关。低血糖是指血糖浓度低于正常范围,会导致头晕、乏力、恶心、晕倒等症状。贫血是指血液中红细胞数量或血红蛋白浓度低于正常范围,也会导致头晕、乏力、心慌等症状。

建议您带孩子去医院做进一步检查,例如血糖监测、血常规、头部CT或MRI等,以确定具体的病因。同时,家长也可以在日常生活中注意孩子的饮食和生活习惯,保持良好的生活习惯和饮食习惯,以帮助孩子恢复健康。",3
5,1,35,human,你觉得患者有啥检查要做，或者你还想知道什么？,1
5,1,35,model,"您已经提供了孩子的症状,例如晕厥和抽搐,这些都是低血糖和贫血的常见症状。建议您带孩子去医院做进一步的检查,例如血糖监测、血常规、头部CT或MRI等,以确定具体的病因。同时,家长也可以在日常生活中注意孩子的饮食和生活习惯,保持良好的生活习惯和饮食习惯,以帮助孩子恢复健康。",2
5,1,35,human,综合患者的情况你觉得患者最近的晕倒最有可能是什么问题？,1
5,1,35,model,"根据您提供的症状,患者可能患有低血糖和贫血。低血糖是指血糖浓度低于正常范围,会导致头晕、乏力、恶心、晕倒等症状。贫血是指血液中红细胞数量或血红蛋白浓度低于正常范围,也会导致头晕、乏力、心慌等症状。

建议您带孩子去医院做进一步检查,例如血糖监测、血常规、头部CT或MRI等,以确定具体的病因。同时,家长也可以在日常生活中注意孩子的饮食和生活习惯,保持良好的生活习惯和饮食习惯,以帮助孩子恢复健康。",3
5,1,35,human,医院诊断为血管迷走性晕厥，并进行起搏器植入手术，请介绍一些这个治疗方式,1
5,1,35,model,"血管迷走性晕厥是一种比较罕见的疾病,通常是由于心脏或血管的异常引起的。起搏器植入是一种手术方式,可以通过刺激心脏的起搏点来调节心脏节律,减少晕厥的发生。

具体治疗方式需要根据患者的具体情况来确定,一般来说,起搏器植入可以缓解晕厥的症状,但需要定期复查,以确保起搏器的位置和功能正常。同时,还需要进行一些其他的治疗措施,例如药物治疗、康复训练等,以帮助孩子恢复健康。

建议您带孩子去医院做进一步的检查和治疗,以确定具体的病因,并根据医生的建议进行治疗。同时,家长也需要在日常生活中注意孩子的饮食和生活习惯,保持良好的生活习惯和饮食习惯,以帮助孩子恢复健康。",4
5,1,35,human,起搏器植入手术可以让患者的病症完全恢复吗，有没有后遗症或者负面影响？,1
5,1,35,model,"起搏器植入手术是一种较为安全的手术,可以改善患者的头晕、乏力、晕厥等症状。但是,手术前需要进行全面的评估和检查,以确保手术的安全和有效。手术后需要定期复查,以确保起搏器的位置和功能正常。同时,需要注意饮食、生活习惯和康复训练,以帮助孩子恢复健康。

需要注意的是,起搏器植入手术可能会有一定的后遗症和负面影响,例如手术部位的疼痛、感染、出血等,需要患者在手术后密切关注和治疗。此外,手术后需要遵守医生的建议,进行康复训练和饮食调整,以帮助孩子恢复健康。",3
5,1,35,human,患者植入起搏器后如何持续进行健康管理？,1
5,1,35,model,"植入起搏器后,家长需要注意以下几点:

1.定期复查:患者在术后需要定期复查,以确保起搏器的位置和功能正常。

2.注意饮食和生活习惯:患者需要注意饮食、生活习惯和饮食调整,以帮助孩子恢复健康。

3.康复训练:患者需要进行康复训练,以帮助孩子恢复健康。

4.避免过度疲劳:患者需要避免过度疲劳,保持充足的睡眠和休息。

5.避免感染:患者需要避免感染,保持卫生,勤洗手,避免交叉感染。

6.定期复查:患者需要定期复查,以确保起搏器的位置和功能正常。

以上是一些基本的注意事项,具体需要根据患者的具体情况来确定。建议您咨询专业的医生,以制定更加科学的治疗方案。",5
5,1,35,human,患者植入起搏器后可以乘坐飞机吗？,1
5,1,35,model,"植入起搏器后可以乘坐飞机,但需要注意以下几点:

1. 确保起搏器位置正常,避免脱落或损坏。
2. 避免在高空、水中等危险环境中活动,以免发生意外。
3. 避免长时间乘坐,以免影响起搏器的使用寿命。
4. 定期复查,以确保起搏器的位置和功能正常。

总之,植入起搏器后需要密切关注孩子的病情,保持良好的生活习惯和饮食习惯,以帮助孩子恢复健康。同时,家长也需要在日常生活中注意孩子的饮食、生活习惯和饮食习惯,以帮助孩子恢复健康。",4
