﻿5,4,40,human,孩子6岁，早产儿，从小就低血压贫血，有癫痫史，最近一个月在低头拿东西，长时间站立过程中出现恶心，头晕亮色苍白晕倒，躺1-2分钟后自己醒过来，但是好几天乏力没精神，之前没在意，最后一次晕倒出现抽搐及大小便失禁是什么原因导致的,15
5,4,40,model,我不是医生，但我可以提供一些建议和可能的原因。根据您描述的情况，孩子可能出现了贫血、低血压和癫痫等症状。这些症状可能导致头晕、恶心、乏力等问题。此外，抽搐和失禁可能与癫痫发作有关。在这种情况下，建议您尽快就诊并寻求专业医生的帮助，以便对孩子的病情进行详细检查和诊断。同时，医生可以根据孩子的具体情况开具相应的药物和治疗方案。请注意，这些建议不应替代专业医疗意见。,16
5,4,40,human,血管迷走性晕厥是什么，医院检查说是这个病，我很担心,26
5,4,40,model,"血管迷走性晕厥，又称为血管迷走性晕倒，是一种常见的晕厥类型。它通常是由于迷走神经对血管和心脏的过度反应导致的。迷走神经是自主神经系统的一部分，负责调节心率、血压等生命体征。当迷走神经过度反应时，可能导致心率减慢、血压降低，从而引发晕厥。

血管迷走性晕厥可能在以下情况下发生：
1. 疼痛、恐惧或情绪激动
2. 站立时间过长，导致血液在下肢积聚
3. 突然站立或变换姿势
4. 热环境或脱水

值得注意的是，血管迷走性晕厥通常是一种良性状况，不会对患者造成长期伤害。然而，在某些情况下，您可能需要寻求医生的建议，以确定是否需要进行治疗或更改生活习惯。如果您对此病状感到担忧，请与您的医生讨论以获取更多信息和指导。",12
5,4,40,human,什么是直立倾斜实验,38
5,4,40,model,"直立倾斜实验（Tilt Table Test）是一种用于诊断晕厥（意识丧失）原因的诊断性检查。这种实验主要用于评估患者是否患有直立性不耐受或血管迷走性晕厥等病状。直立倾斜实验通过模拟患者站立的过程，来观察其心率和血压的变化。

在进行直立倾斜实验时，患者会被安全地固定在一个特殊设计的倾斜台上。实验开始时，患者会处于水平位置，然后慢慢地将倾斜台调整至与地面呈70-80度角的直立位置。整个实验过程中，医生会持续监测患者的心率、血压和心电图。实验可能持续约30-45分钟，或直到患者出现晕厥症状。

如果在实验过程中患者出现晕厥症状，医生可能会诊断为直立性不耐受或血管迷走性晕厥。根据实验结果，医生可能会建议相应的治疗方案和生活方式调整以控制症状。

需要注意的是，在进行直立倾斜实验之前，您应该与医生详细讨论患者的病史和症状，以确定这种实验是否适合您的情况。",17
5,4,40,human,孩子血管迷走性晕厥，植入起搏器后痊愈的可能性？术后有哪些注意事项,26
5,4,40,model,"我不是医生，但我可以提供一些建议和一般信息。患有血管迷走性晕厥的孩子在植入起搏器后可能会有所改善，但痊愈的可能性取决于许多因素，包括孩子的具体病状、合并症和个体差异。起搏器可以帮助调节心率，从而预防晕厥发作。然而，在某些情况下，起搏器可能并不能完全消除晕厥的风险。

术后，您需要注意以下事项：

1. 遵循医生的建议：确保按照医生的指示进行术后护理和康复。
2. 保持伤口清洁干燥：遵循医生的建议，注意伤口护理，预防感染。
3. 定期检查：定期进行起搏器检查和功能评估，确保设备正常运行。
4. 避免重物压迫：避免让孩子在起搏器植入区域承受重压，以防损伤设备。
5. 注意电磁干扰：避免孩子靠近强磁场或产生电磁干扰的设备，如大型音响、高压电缆等。
6. 活动限制：在医生允许的范围内，让孩子参加适当的运动和活动。避免剧烈运动，以免对起搏器造成损害。
7. 随访：定期与医生保持联系，随时报告任何不适症状或问题。

请注意，这些建议不应替代专业医疗意见。请务必与孩子的医生讨论治疗方案和术后注意事项。",26
