﻿4,2,29,human,上性心动过塑必须要进行心脏电生理检查和射频消融治疗吗？,22
4,2,29,model,您好，对于上性心动过速的治疗，心脏电生理检查和射频消融治疗是常规的治疗方法之一。心脏电生理检查可以帮助医生了解您的心脏电活动情况，确定心律失常的类型和程度，为治疗提供参考。而射频消融治疗则可以根治心律失常，但是需要在专业医生的指导下进行。建议您到正规医院进行治疗，医生会根据您的具体情况制定个性化的治疗方案。同时，也要注意保持良好的生活习惯，如戒烟、戒酒、控制饮食等，有助于改善心脏健康。如果您还有其他问题，可以随时向我咨询。,4
4,2,29,human,心脏电生理检查和射频消融治疗对胎儿和孕妇有什么影响吗，怀孕21周有流产史？,42
4,2,29,model,"心脏电生理检查和射频消融治疗对胎儿和孕妇一般没有明显的影响。但是，由于治疗过程中可能需要使用药物或麻醉药物，建议在进行治疗前告知医生您的怀孕情况，以便医生根据您的情况进行个性化的治疗方案设计。

对于怀孕21周的孕妇，由于怀孕期间体内激素水平和心率等生理变化，心脏电生理检查和射频消融治疗可能会增加孕妇心脏负荷和耗氧量，因此需要在专业医生的指导下进行。建议您及时就诊，告知医生您的怀孕情况，医生会根据您的情况制定合理的治疗方案，同时监测孕产妇的病情和胎儿的状况，确保治疗的安全和有效。

总之，在进行任何治疗前，一定要告知医生您的怀孕情况，以便医生根据您的情况进行个性化的治疗方案设计，并确保治疗的安全和有效。同时，也建议您在怀孕期间保持良好的生活习惯，如戒烟、戒酒、控制饮食等，以保持身体的健康。如果您还有其他问题，可以随时向我咨询。",6
4,2,29,human,一个月内出现两次晕厥，心跳加速心悸恶心，但是没有胸痛和口吐白沫的情况，心电图结果是室上性心动过速，因为怀孕，想问除了心脏电生理检查和射频消融治疗有什么其他保守治疗的方法吗,48
4,2,29,model,"您好，对于您的症状，除了心脏电生理检查和射频消融治疗，还有一些保守治疗的方法可以缓解症状，具体如下：

1. 药物治疗：可以使用β受体阻滞剂、钙通道阻滞剂、胺碘酮等药物，以减轻心悸、心跳加速等症状。

2. 心理治疗：可以采用放松训练、心理疏导等方法，缓解精神压力，减轻心悸、心跳加速等症状。

3. 生活方式调整：可以注意饮食健康，避免过度劳累，保持良好的睡眠质量，避免吸烟和饮酒等不良习惯。

4. 中西医结合治疗：可以采用针灸、推拿、中药等中西医结合治疗方法，缓解症状，改善心境。

需要注意的是，以上措施仅适用于轻度或中度心律失常患者，对于严重心律失常患者，应及时进行治疗。建议您及时就诊，进行详细的检查和评估，以便制定个性化的治疗方案。同时，在治疗过程中，也要注意遵循医生的建议，积极配合治疗，避免自行停药或更改治疗方案等行为，以确保治疗的安全和有效。如果您还有其他问题，可以随时向我咨询。",7
4,2,29,human,对于有有妊娠高血压史和流产史，一个月内出现两次晕厥，心跳加速心悸恶心，但是没有胸痛和口吐白沫的情况算是严重的心律失常吗？,74
4,2,29,model,"妊娠高血压和流产史等病史的存在，可能会增加患者出现心律失常的风险。而您描述的晕厥、心跳加速、心悸、恶心等症状，虽然没有胸痛和口吐白沫的情况，但仍可能涉及到严重的心律失常。因此，建议您及时就诊，进行详细的检查和评估，以确定病因和病情的严重程度，并制定个性化的治疗方案。

根据您的症状，您可能需要进行心脏电生理检查和/或心电监测等检查，以评估心律失常的类型和程度。在治疗过程中，您还需要密切关注病情的变化和治疗效果，如药物剂量、心电监测结果等，并及时向医生报告和反馈，以便进行调整和优化治疗方案。

总之，心律失常是一种严重的心脏疾病，需要及时诊断和治疗。建议您积极配合医生的治疗，并注意饮食、休息和避免过度劳累等不良习惯，以促进恢复和预防病情进一步恶化。同时，也要注意监测自己的病情变化，如症状加重或出现新的症状，应及时就诊，并向医生汇报和反馈。如果您还有其他问题，可以随时向我咨询。",7
4,2,29,human,我目前出现心源性晕厥室上性心动过速，有妊娠高血压史，选择保守治疗，不进行射频消融治疗我突发心脏病死亡的概率大吗？,23
4,2,29,model,"您好，心源性晕厥室上性心动过速是一种严重的心律失常，需要及时诊断和治疗。根据您的情况，建议您积极进行治疗，包括药物治疗、心理治疗和行为治疗等。虽然保守治疗能够缓解症状，但无法根治病情，因此对于严重的心律失常患者，建议进行射频消融治疗。

同时，您提到有妊娠高血压史，这也是心律失常的危险因素之一，需要积极控制血压，避免诱发心衰等并发症。因此，建议您积极配合医生的治疗，注意休息、饮食和药物治疗等，并定期进行心脏电生理检查和心电监测等检查，以便及时调整治疗方案和监测病情。

总之，心律失常是一种严重的心脏疾病，需要积极治疗。对于您的情况，建议您积极进行治疗，注意预防和控制高血压、糖尿病等危险因素，并保持健康的生活方式，如戒烟、戒酒、保持良好的心态等。同时，定期进行心脏电生理检查和心电监测等检查，以监测病情变化和调整治疗方案。如果病情严重或出现新的症状，应及时就诊并向医生汇报和反馈。如果您还有其他问题，可以随时向我咨询。",8
4,2,29,human,流产过两次会不会增大流产的概率，室上性心动过速引起的晕厥会不会对胎儿产生影响？,44
4,2,29,model,"流产的概率与个体差异有关，包括遗传、生殖系统、免疫系统等多个方面。但是，流产的概率与您有过流产史的情况有关，因此需要进行全面的评估和治疗。

室上性心动过速引起的晕厥虽然可能对胎儿产生影响，但具体影响的程度和范围需要根据具体情况进行评估。一般来说，室上性心动过速的频率和程度对胎儿的影响程度、出生后的健康状况和生存率等都有影响。因此，建议您积极进行治疗，控制心律失常的症状，避免诱发晕厥等严重情况。

同时，孕妇在怀孕期间需要密切关注自己的身体状况和胎儿的发育情况，定期进行产前检查和心电监测等检查，及时发现和处理任何不适和异常情况。如果出现任何不适症状，应及时就医并向医生汇报和反馈，以便及时调整治疗方案和监测病情。

总之，孕妇需要积极进行治疗，保持健康的生活方式，定期进行产前检查和心电监测等检查，并注意预防和控制高血压、糖尿病等危险因素，以减少心律失常和晕厥对胎儿的影响。同时，也需要注意观察孕期健康状况和胎儿的发育情况，及时就医并向医生汇报和反馈，以便及时调整治疗方案和监测病情。如果您还有其他问题，可以随时向我咨询。",9
