﻿2,2,9,human,医生你好，我最近总是有两次晕倒，感觉身体有问题想咨询一下,491
2,2,9,model,您好，根据您的描述，晕倒的原因有很多种可能性，包括低血压、心律不齐、脑部疾病等。为了更好地帮助您，我需要了解更多的信息。您最近是否有其他不适症状，比如头痛、胸闷、恶心、呕吐等？您的晕倒是在什么情况下发生的？是在起床、下蹲或活动时发生的吗？您是否有过高血压、糖尿病、心脏病等慢性疾病？这些信息有助于我们更好地了解您的病情。建议您尽快到医院进行详细的检查，以明确病因并进行相应的治疗。同时，您也可以注意保持良好的生活习惯，如规律作息、饮食健康、适当运动等，以帮助缓解症状。如果您有任何其他问题，请随时向我咨询。祝您早日康复！,4
2,2,9,human,我没有恶心呕吐的症状，就是在地铁和公司突然晕倒了，我有点轻度贫血，之前有慢性胃炎经常胃胀气,106
2,2,9,model,感谢您提供的更多信息。根据您的症状，晕倒的原因可能是由于低血压或脑部问题引起的。由于您有轻度贫血和慢性胃炎的病史，建议您平时注意饮食，尽量避免过度饮食和暴饮暴食，同时也要保持充足的睡眠。此外，您可以考虑进行一些适当的锻炼，如散步、慢跑等，以帮助改善身体状况。如果症状持续或加重，建议您及时到医院进行进一步检查和治疗。另外，您可以咨询医生是否需要进行贫血的治疗，以缓解贫血症状。祝您早日康复！,3
2,2,9,human,我最近也总是睡不好，压力很大，需要吃助睡眠的药才能入睡，我晕倒会不会是有肿瘤之类的需要做什么检查，家里还有两个孩子都离不开我,100
2,2,9,model,您好，对于睡眠不好和压力大的情况，建议您采取一些改善睡眠质量和缓解压力的措施，如规律作息、适当运动、放松训练、饮食调节等。同时，如果症状较为严重，建议您到医院进行详细的检查和治疗。至于晕倒的原因，可能是由于多种因素引起的，包括脑部疾病、心脏病、低血糖等。如果您出现晕倒，建议您尽快就医，进行相关检查，如血压、血糖、心电图、脑部CT等，以明确病因并进行相应的治疗。至于您是否需要进行肿瘤方面的检查，需要根据具体情况而定。建议您到医院进行全面的检查，医生会根据检查结果来决定是否需要进一步的检查和治疗。祝您早日康复！,4
2,2,9,human,我这总是晕倒可能是什么原因导致的？,34
2,2,9,model,晕倒的原因有很多种可能性，包括低血压、心律不齐、脑部疾病、心脏病、贫血、低血糖、甲状腺功能障碍等。由于晕倒的原因可能较为复杂，建议您到医院进行全面的检查和诊断，以明确病因并进行相应的治疗。医生可能会根据您的病史、体格检查和必要的检查结果，来确定您是否需要进一步的检查和治疗。同时，建议您平时注意保持良好的生活习惯，如规律作息、饮食健康、适当运动等，以帮助缓解症状。如果您有任何其他问题，请随时向我咨询。祝您早日康复！,3
2,2,9,human,可以告诉我明确的病因吗我想快点好起来，不能再出现这种突然晕倒的情况了，我很担心,40
2,2,9,model,非常理解您对健康的关注和担忧。根据您描述的情况，晕倒的原因可能是由于低血压、心律不齐、脑部疾病等引起的。建议您到医院进行全面的检查和诊断，以明确病因并进行相应的治疗。医生可能会根据您的病史、体格检查和必要的检查结果，来确定您是否需要进一步的检查和治疗。同时，您也可以注意一些日常生活习惯的调整，如规律作息、饮食健康、适当运动等，以帮助缓解症状。如果您有任何其他问题，请随时向我咨询。祝您早日康复！,3
2,2,9,human,可能是脑部疾病是吗？我需要去医院挂什么科室,26
2,2,9,model,脑部疾病是导致晕倒的常见原因之一，建议您到神经内科或者脑科进行检查和诊治。医生可能会根据您的病史、体格检查和必要的检查结果，来确定您是否需要进一步的检查和治疗。同时，您也可以注意一些日常生活习惯的调整，如规律作息、饮食健康、适当运动等，以帮助缓解症状。如果您有任何其他问题，请随时向我咨询。祝您早日康复！,3
2,2,9,human,我最近非常的焦虑，压力也很大，要是我这查出来真的有问题我都不知道怎么面对,27
2,2,9,model,非常理解您对健康的关注和担忧。焦虑和压力是常见的心理问题，可能会导致身体上的不适。建议您到医院心理科或者精神科进行检查和治疗，医生会根据您的症状和检查结果，制定相应的治疗方案。同时，您也可以采取一些自我调节的方法，如放松训练、运动、听音乐、阅读等，以缓解焦虑和压力。如果您有任何其他问题，请随时向我咨询。祝您早日康复！,3
2,2,9,human,有什么治疗方法符合我现在的情况,25
2,2,9,model,治疗焦虑和压力的方法有很多种，包括药物治疗和心理治疗等。药物治疗可以缓解症状，但需要在医生的指导下进行。心理治疗则可以帮助您了解和控制焦虑和压力的原因，并学会应对技巧和方法，如放松训练、认知行为疗法、心理治疗等。建议您到医院心理科或者精神科进行检查和治疗，医生会根据您的症状和检查结果，制定相应的治疗方案。同时，您也可以采取一些自我调节的方法，如运动、听音乐、阅读等，以缓解焦虑和压力。如果您有任何其他问题，请随时向我咨询。祝您早日康复！,4
2,2,9,human,我平时要照顾两个孩子又要工作，没有时间休息放松,30
2,2,9,model,非常理解您的困境，照顾两个孩子和工作都是非常大的压力。建议您采取一些缓解压力的方法，如运动、听音乐、阅读等，以缓解焦虑和压力。同时，也可以尝试一些放松训练，如深呼吸、渐进性肌肉松弛等，以帮助您放松身心，缓解症状。如果您的症状严重影响到日常生活，建议您到医院心理科或者精神科进行检查和治疗，医生会根据您的症状和检查结果，制定相应的治疗方案。同时，您也可以和家人、朋友等人沟通交流，分享自己的感受和烦恼，以缓解压力。如果您有任何其他问题，请随时向我咨询。祝您早日康复！,4
2,2,9,human,缓解压力可能对我的疾病有帮助吗？,21
2,2,9,model,缓解压力对疾病治疗有一定的帮助，可以减轻症状，提高生活质量，并有助于促进身体康复。对于焦虑和压力导致的疾病，如焦虑障碍、抑郁症、消化系统疾病、心血管疾病等，缓解压力的方法可以有助于缓解症状，改善症状。但是，需要注意的是，缓解压力并不能代替治疗，如果您的疾病已经严重影响到日常生活，仍需要进行相应的治疗。建议您在医生的指导下采取缓解压力的方法，并积极配合医生进行治疗。同时，也可以采取一些健康的生活方式，如规律作息、饮食健康、适当运动等，以帮助缓解症状，促进身体康复。如果您有任何其他问题，请随时向我咨询。祝您早日康复！,4
