﻿2,2,14,human,医生你好，我最近又晕倒了，上次晕倒是三个月前在办公室开会的时候突然晕倒从椅子上滑下去同事们掐人中才恢复意识，后来又没什么大问题工作太忙没在意，最近在地铁上又差点晕倒了，我好担心啊想咨询一下,87
2,2,14,model,"您好，根据您的描述，您可能存在心血管系统疾病。建议您尽快到医院进行心电图检查，以了解您的心脏状况。此外，您还需要进行血压、血糖、血脂等方面的检查，以排除其他潜在的健康问题。

在等待检查结果的过程中，您可以注意以下几点：避免过度劳累，保持充足的睡眠，避免过度兴奋或情绪波动，保持饮食健康，避免饮酒和吸烟等不良习惯。

如果您有任何疑问或需要进一步的帮助，请随时与医生联系。祝您早日康复。",3
2,2,14,human,心脑血管疾病，我今年才33岁，是心脑血管疾病的可能性大吗,40
2,2,14,model,"您好，心脑血管疾病是一种常见的疾病，但是具体是否属于心脑血管疾病，需要进行进一步的检查和诊断。您所描述的晕倒和晕倒后的情况，可能是多种疾病引起的，如心血管系统疾病、神经系统疾病等。因此，建议您尽快到医院进行心脑血管疾病的相关检查，包括心电图、血压、血糖、血脂等方面的检查，以明确病因和诊断。

同时，建议您注意生活方式的调整，如保持健康的饮食习惯、适量运动、避免过度劳累等，以预防和控制心脑血管疾病的发生。

最后，如果您有任何疑问或需要进一步的帮助，请随时与医生联系。祝您早日康复。",4
2,2,14,human,我最近工作压力比较大， 偶尔得服用助眠药才能够入睡，家里其他人也都没有这样，我觉得可能是压力大引起的，您觉得到底是什么原因导致我晕倒的呢,59
2,2,14,model,"您好，晕倒的原因可能有很多种，包括心血管系统疾病、神经系统疾病、药物不良反应等。您所描述的工作压力大可能是一个导致晕倒的原因之一，但也有可能是其他疾病或药物引起的。因此，建议您尽快到医院进行全面的身体检查，包括心电图、血压、血糖、血脂等方面的检查，以明确病因和诊断。

同时，您所描述的失眠和过度使用助眠药也可能会对身体产生不良影响，建议您尽量避免使用或减少使用，同时采取一些健康的生活方式，如规律的睡眠、适量的运动、放松技巧等，以改善睡眠质量和减少压力。

最后，如果您有任何疑问或需要进一步的帮助，请随时与医生联系。祝您早日康复。",4
2,2,14,human,我还有点轻度贫血，有慢性胃炎，综合来说，您觉得是什么原因导致我两次晕倒呢,48
2,2,14,model,"您好，贫血和慢性胃炎都可能导致晕倒。贫血是由于红细胞数量或质量不足引起的一种疾病，会导致氧气供应不足，从而引起晕厥和乏力等症状。而慢性胃炎则会导致胃黏膜受损，导致胃酸分泌异常，进而刺激心脏和大脑，引起晕倒。

因此，建议您到医院进行全面的身体检查，包括贫血和胃炎的检查，以明确病因和诊断。在等待检查结果的过程中，您可以注意以下几点：避免过度劳累、保持充足的睡眠、避免过度兴奋或情绪波动、保持饮食健康等。

最后，如果您有任何疑问或需要进一步的帮助，请随时与医生联系。祝您早日康复。",4
2,2,14,human,我平时都很累，要带孩子还有工作，经常睡眠不足，这没办法,41
2,2,14,model,"您好，睡眠不足和工作压力大都会对身体产生不良影响，包括心血管系统疾病、神经系统疾病等。建议您尽量调整好自己的作息时间，保证充足的睡眠时间，同时也要注意保持心情愉快，避免过度紧张和焦虑。

在工作和生活中，您可以尝试一些放松技巧，如深呼吸、渐进性肌肉松弛、冥想等，以缓解压力和焦虑。此外，适当的运动和锻炼也有助于改善睡眠质量和缓解压力。

最后，如果您的症状持续存在或加重，建议您及时到医院进行全面的身体检查，以明确病因和诊断。祝您早日康复。",4
2,2,14,human,这不太符合我的实际情况，我想休息也休息不了，这现在身体也垮了，有什么方法能够治好吗,66
2,2,14,model,"您好，了解您的情况，建议您先从改变生活习惯和饮食方面入手，以缓解身体不适。

1. 调整饮食：注意饮食营养均衡，尽量少吃油炸、辛辣、刺激性食物，多吃蔬菜水果和粗粮。

2. 改善睡眠质量：保持规律的睡眠时间，睡前放松身体，避免使用电子产品。

3. 减轻压力：可以采用一些放松技巧，如深呼吸、渐进性肌肉松弛、冥想等，以及适当的运动和锻炼。

4. 规律运动：根据身体情况，适当进行有氧运动，如快走、游泳、瑜伽等，有助于缓解身体不适。

5. 药物治疗：如果症状严重或持续不缓解，建议您到医院就诊，根据医生的建议进行药物治疗。

最后，建议您保持乐观心态，积极面对生活和工作，加强锻炼和营养，保持身体健康。祝您早日康复。",6
