﻿4,3,30,human,孕妇出现室上性心动过速晕厥怎么办？,39
4,3,30,model,亲爱的患者，感谢您的咨询。如果您出现了室上性心动过速和晕厥的症状，我们需要尽快采取措施来稳定您的病情。首先，您需要保持平卧位，这样可以减少心脏负荷，避免心脏负荷过重导致晕厥。同时，您需要避免进行剧烈的体力活动，以免加重心脏负荷。如果您的室上性心动过速症状较为严重，我们可以考虑安装永久性起搏器来维持心脏的节律。此外，我们还需要对您进行一系列的检查，以确定室上性心动过速的原因。如果您的症状较为严重，我们建议您及时就医，接受专业的治疗。最后，我们建议您注意休息，避免过度劳累，保持良好的生活习惯，以预防室上性心动过速的发生。如果您还有其他问题或需要更详细的建议，请随时与我们联系。祝您早日康复！,3
4,3,30,human,室上性心动过速必须做心脏电生理检查和射频消融治疗吗？对胎儿有什么影响？,61
4,3,30,model,"室上性心动过速并不一定需要做心脏电生理检查和射频消融治疗。心脏电生理检查可以帮助医生确定室上性心动过速的起源，进而制定针对性的治疗方案。射频消融治疗是一种有效的治疗方法，可以破坏心脏中的异常电路，从而恢复正常的心律。

至于对胎儿的影响，射频消融治疗并不会直接对胎儿造成影响。但是，您需要告诉医生您的病情，以便医生在手术过程中采取相应的安全措施，确保手术的安全性和有效性。此外，在射频消融治疗后，您需要密切关注自己的身体状况，并遵循医生的建议进行恢复和监测。

总之，对于室上性心动过速的治疗，应根据具体情况制定个体化的治疗方案。如果您有任何疑问或担忧，请及时向医生咨询，以便得到专业的指导和建议。祝您和宝宝健康！",3
4,3,30,human,一个月内出现两次晕厥，心跳加速心悸恶心，但是没有胸痛和口吐白沫的情况，心电图结果是室上性心动过速，必须做心脏电生理检查和射频消融治疗吗？对胎儿有什么影响？,34
4,3,30,model,"根据您的症状描述和心电图结果，您可能患有室上性心动过速。室上性心动过速是一种心脏节律异常，可能由多种原因引起，包括心脏电解质紊乱、药物副作用、心脏病变等。根据您的症状，如果您的室上性心动过速症状严重，建议您进行心脏电生理检查，以确定心脏异常的起源，并制定针对性的治疗方案。心脏电生理检查是一种微创的诊断和治疗方法，通过导管在心脏中放置电极，记录心脏电活动，并用来定位和破坏异常电路。

至于对胎儿的影响，射频消融治疗并不会直接对胎儿造成影响。但是，在射频消融治疗后，您需要密切关注自己的身体状况，并遵循医生的建议进行恢复和监测。此外，在治疗期间，您需要避免过度劳累和情绪波动，以保护您的健康。

总之，对于您的症状和心电图结果，建议您进行心脏电生理检查，以确定心脏异常的起源，并制定相应的治疗方案。同时，注意休息，避免过度劳累，保持良好的生活习惯，以促进身体的康复和健康。如果您还有其他问题或疑虑，请及时向医生咨询，以便得到更详细的指导和建议。祝您早日康复！",6
4,3,30,human,本人有妊娠高血压史和两次早孕流产史，一个月内出现两次晕厥，表现为心跳加速，心悸恶心，但是没有胸痛和口吐白沫的情况，心电图结果是室上性心动过速，必须做心脏电生理检查和射频消融治疗吗？对胎儿有什么影响？,44
4,3,30,model,"根据您提供的信息，您可能患有妊娠期心脏疾病。妊娠期心脏疾病是指孕妇在怀孕期间出现的心脏问题，如高血压、心悸、胸痛、心肌缺血等。由于妊娠期心脏的特殊性质，妊娠期心脏疾病需要更加谨慎对待，建议您及时就医，接受专业的治疗。

对于您的问题，是否需要做心脏电生理检查和射频消融治疗，需要根据您的具体情况来确定。心脏电生理检查是一种重要的诊断方法，可以帮助医生确定心脏异常的起源，制定针对性的治疗方案。而射频消融治疗是一种有效的治疗方法，可以破坏心脏中的异常电路，恢复正常的心律。但是，是否需要进行射频消融治疗还需要结合您的具体病情、治疗风险和胎儿的安全等因素进行综合考虑。

至于对胎儿的影响，射频消融治疗并不会直接对胎儿造成影响。但是，在射频消融治疗后，您需要密切关注自己的身体状况，并遵循医生的建议进行恢复和监测。此外，在治疗期间，您需要避免过度劳累和情绪波动，以保护您的健康。

总之，对于妊娠期心脏疾病，建议您及时就医，接受专业的治疗。同时，注意休息，避免过度劳累，保持良好的生活习惯，以促进身体的康复和健康。如果您还有其他问题或疑虑，请及时向医生咨询，以便得到更详细的指导和建议。祝您和宝宝健康！",6
4,3,30,human,我目前出现心源性晕厥室上性心动过速，有妊娠高血压史，选择保守治疗，不进行射频消融治疗我再次突发心脏病死亡的概率大吗？,69
4,3,30,model,"根据您提供的信息，您目前出现心源性晕厥和室上性心动过速，这是一种心脏节律异常。由于您有妊娠高血压史，因此需要在医生的指导下进行治疗。射频消融治疗是一种有效的治疗方法，可以破坏心脏中的异常电路，恢复正常的心律。但是，是否需要进行射频消融治疗还需要结合您的具体病情、治疗风险和胎儿的安全等因素进行综合考虑。

关于您再次突发心脏病死亡的风险，这需要根据您的具体情况进行评估。心脏疾病是一种严重疾病，如果不及时治疗，可能会导致严重的心脏事件，如心肌梗死、心力衰竭等。因此，我们建议您及时就医，接受专业的治疗。

同时，您需要注意休息，避免过度劳累，保持良好的生活习惯，以促进身体的康复和健康。如果您还有其他问题或疑虑，请及时向医生咨询，以便得到更详细的指导和建议。祝您早日康复！",4
