﻿3,4,17,human,我之前在家晕倒了，有抽搐症状，心电图检查结果是短阵室颤，还有陈旧性心肌梗塞，快速心律失常，医生建议我植入ICD，想咨询一下ICD相关的问题,758
3,4,17,model,"我了解您的担忧。ICD（植入式心脏复律器）是一种小型设备，可以监测心脏的心律并在必要时提供电击以恢复正常心律。它通常用于治疗快速心律失常，如室颤和室性心动过速。在您的情况下，您的医生可能认为ICD可以帮助控制您的心律失常并降低您再次晕倒或遭受更严重心脏事件的风险。

在考虑植入ICD时，您可能会有以下疑问：

1. ICD的安全性：ICD植入手术通常安全，但与任何手术一样，可能存在并发症风险，如感染、出血或对设备的不良反应。然而，对于许多患者来说，ICD的潜在好处可能大于这些风险。

2. ICD的使用寿命：ICD的使用寿命通常在5-7年之间，具体取决于设备使用频率和其他因素。当电池用尽时，您需要进行一个手术来更换ICD。

3. ICD的维护：患有ICD的患者需要定期进行检查，以确保设备正常工作。这可能包括在家里的远程监控和定期的医院随访。

4. 生活方式的改变：患有ICD的患者可能需要注意一些生活方式方面的改变，如避免剧烈运动、遵循医生的建议调整饮食和药物治疗以及与医生讨论在工作和日常生活中可能影响设备的环境。

请记住，我不是医生，所以您应该咨询您的医生以了解更多关于您的特定病情和治疗方案的详细信息。他们可以提供关于ICD植入是否适合您的个人建议，并解答您可能有的其他问题。",29
3,4,17,human,电池用完还得再做一个手术风险有多大？有没有保守治疗的可能性,175
3,4,17,model,"电池更换手术相对于初次植入ICD手术而言，通常被认为是低风险的。在电池更换手术中，医生通常仅需替换ICD的发电机部分，而无需更改与心脏连接的导线。与初次植入ICD相比，这种手术通常更简单、更快速。然而，正如任何手术一样，仍然存在一定的风险，如感染、出血或对设备的不良反应。

关于保守治疗，根据您的具体病情和风险因素，可能有一些替代方案。例如：

1. 药物治疗：某些药物可以帮助控制心律失常，如抗心律失常药物、β受体拮抗剂等。然而，药物可能不如ICD有效地预防严重心律失常事件。

2. 导管消融术：这是一种通过导管消除导致心律失常的异常心脏组织的方法。导管消融术可能对某些类型的心律失常有效，但对于室颤这种严重的心律失常，它可能不如ICD有效。

请注意，我不是医生，所以您需要与您的医生讨论这些替代方案，以确定哪种治疗方法最适合您的具体情况。您的医生会根据您的病史、症状以及心律失常的类型和严重程度来评估并建议最佳的治疗方案。",19
3,4,17,human,我之前做过心脏搭桥，才一个多月，再植入这个ICD风险会不会增大,41
3,4,17,model,"在刚刚进行过心脏搭桥手术后的一个多月内植入ICD，可能会增加一定的风险。手术后的康复期间，您的身体可能仍在愈合和适应这种改变。在此期间进行额外的手术可能会增加感染、出血和其他并发症的风险。

然而，您的医生会根据您的具体病情和风险因素来判断何时进行ICD植入手术是最适合的。在某些情况下，如果心律失常的风险非常高，医生可能会建议在较短的时间内进行ICD植入。相反，如果您的医生认为等待更长时间更安全，他们可能会推迟手术。

请务必与您的心脏医生充分讨论，以确定最佳的时间表和治疗方案。您的医生会权衡手术风险和心律失常风险，以制定针对您的个人情况的最佳策略。",14
3,4,17,human,医生建议我植入ICD，我想了解是否有其他保守治疗的可能性和方案,51
3,4,17,model,"在考虑植入ICD之前，了解其他保守治疗方法是很自然的。以下是一些可能的保守治疗方法，但请注意，这些方法可能不如ICD有效地预防严重心律失常事件。您应该与医生讨论这些替代方案，以确定哪种治疗方法最适合您的具体情况。

1. 药物治疗：有些药物可以帮助控制心律失常，如抗心律失常药物（例如类1和类3抗心律失常药物）、β受体拮抗剂、钙通道拮抗剂等。这些药物可能有助于减缓心率或稳定心律，但它们可能不如ICD有效。

2. 导管消融术：这是一种通过导管消除导致心律失常的异常心脏组织的方法。对于某些类型的心律失常（如心房颤动或心室心动过速），导管消融术可能是一种有效的治疗方法。然而，对于室颤这种严重的心律失常，导管消融术可能不如ICD有效。

3. 心脏复苏及生活方式改变：了解心脏急救技能（如心肺复苏术）以及如何使用自动体外除颤器（AED）可能对您的安全有所帮助。此外，改善生活方式，如戒烟、保持健康的饮食、进行适当的锻炼、控制血压和胆固醇水平以及遵循医生的建议，也可能有助于降低心律失常的风险。

尽管如此，请务必与您的医生充分沟通，以确定最适合您的治疗方案。您的医生会根据您的病史、症状以及心律失常的类型和严重程度来评估并建议最佳的治疗方案。",22
3,4,17,human,通常植入icd的价格是多少,60
3,4,17,model,"ICD（植入式心脏复律器）的价格因地区、医院和设备类型而异。在美国，ICD植入手术的总费用通常在25,000至75,000美元之间，其中包括设备、手术费用以及其他相关医疗费用。在其他国家，价格可能有所不同，也会受到医疗保险和政府补贴的影响。

为了了解在您所在地区的具体费用，请咨询您的医生或医院，他们可以提供更详细的价格信息。此外，请联系您的医疗保险公司了解他们是否覆盖ICD植入手术的费用以及您需要支付的费用部分。",12
3,4,17,human,我在江苏，这个价格大概是多少,18
3,4,17,model,"在中国，ICD（植入式心脏复律器）的价格因地区、医院和设备类型而异。在江苏省，ICD植入手术的费用可能在人民币10万元至30万元之间。这个价格可能包括设备、手术费用以及其他相关医疗费用。请注意，这些价格仅供参考，实际价格可能有所不同。

为了了解在您所在地区的具体费用，请咨询您的医生或医院，他们可以提供更详细的价格信息。此外，请联系您的医疗保险公司了解他们是否覆盖ICD植入手术的费用以及您需要支付的费用部分。",15
3,4,17,human,我有高血压病十年了，还有十六年的糖尿病史，吸烟也是有20多年来，前段时间在家晕倒，被救护车拉走了，心电图检查结果是短阵室颤，还有陈旧性心肌梗塞，快速心律失常，医生建议我植入ICD，想咨询一下ICD的利与弊、电池寿命和价格相关的问题,106
3,4,17,model,"了解您的担忧。在您的情况下，植入式心脏复律器（ICD）可能有助于预防严重的心律失常事件。以下是关于ICD的利弊、电池寿命和价格的一些信息：

利弊：
1. 利：ICD可以实时监测心脏的心律并在必要时提供电击以恢复正常心律。对于患有严重心律失常的患者，ICD可以降低再次晕倒、心脏骤停和猝死的风险。
2. 弊：植入ICD手术可能存在并发症风险，如感染、出血或对设备的不良反应。患有ICD的患者需要定期进行检查以确保设备正常工作，并可能需要注意一些生活方式方面的改变。

电池寿命：
ICD的电池寿命通常在5-7年之间，具体取决于设备使用频率和其他因素。当电池用尽时，您需要进行一个手术来更换ICD。

价格：
在中国江苏省，ICD植入手术的费用可能在人民币10万元至30万元之间。这个价格可能包括设备、手术费用以及其他相关医疗费用。请注意，这些价格仅供参考，实际价格可能有所不同。

请务必与您的医生充分沟通，了解更多关于您的特定病情和治疗方案的详细信息。他们可以提供关于ICD植入是否适合您的个人建议，并解答您可能有的其他问题。同时，请联系您的医疗保险公司了解他们是否覆盖ICD植入手术的费用以及您需要支付的费用部分。",27
3,4,17,human,还有什么治疗建议吗,51
3,4,17,model,"关于您的病情，除了医生建议的ICD植入，您还可以考虑以下一些建议：

1. 药物治疗：与您的医生讨论可能有助于控制心律失常的药物，如抗心律失常药物、β受体拮抗剂、钙通道拮抗剂等。同时，治疗您的高血压和糖尿病对改善心脏健康也非常重要。请遵循医生的建议，进行药物调整和监测。

2. 改善生活方式：戒烟、保持健康的饮食、进行适当的锻炼、控制血压和血糖水平以及减轻压力都有助于降低心律失常和其他心血管疾病的风险。请务必与医生讨论适合您的生活方式改变建议。

3. 定期检查：定期进行心脏检查，以监测您的心律失常状况和评估治疗效果。与您的医生保持良好的沟通，确保您的治疗方案始终适应您的病情变化。

4. 心脏复苏知识：了解心肺复苏（CPR）技巧并学会使用自动体外除颤器（AED）可能有助于在紧急情况下保护您的生命。

请注意，我不是医生，因此请务必遵循您的医生的建议和治疗方案。他们会根据您的病史、症状以及心律失常的类型和严重程度来评估并建议最佳的治疗方案。请密切与您的医生合作，以确保获得最适合您个人情况的治疗和护理。",28
