﻿5,1,39,human,孩子6岁，早产儿，从小就低血压贫血，有癫痫史，最近一个月在低头拿东西，长时间站立过程中出现恶心，头晕亮色苍白晕倒，躺1-2分钟后自己醒过来，但是好几天乏力没精神，之前没在意，最后一次晕倒出现抽搐及大小便失禁是什么原因导致的,14
5,1,39,model,"这些症状可能是由多种原因引起的,建议您尽快带孩子到医院进行详细检查和诊断。以下是可能的原因:

1. 低血压:孩子有低血压贫血和癫痫史,可能导致血压过低,引起头晕、乏力等症状。

2. 癫痫:孩子有癫痫史,可能导致癫痫发作,引起意识障碍、抽搐等症状。

3. 贫血:孩子有低血压贫血,可能导致贫血性心脏病,引起心脏负荷加重,导致心跳加速、头晕、乏力等症状。

4. 神经系统疾病:孩子有癫痫史,可能导致神经系统问题,引起头晕、乏力等症状。

5. 其他疾病:孩子还有其他疾病,如低血糖、贫血、感染等,也可能导致这些症状。

总之,建议家长尽快带孩子到医院进行全面检查,以便确定病因并进行针对性治疗。",5
5,1,39,human,血管迷走性晕厥是什么病，孩子得这个病严重吗,69
5,1,39,model,"血管迷走性晕厥是一种心律失常,通常发生在运动或情绪激动时出现,病人突然失去意识,呼吸暂停,脉搏不规则,血压下降,面色苍白,甚至可能出现抽搐等症状。血管迷走性晕厥一般不会很严重,但是需要及时治疗,以避免引发严重的后果。建议您咨询医生,进行详细检查和诊断,以确定病因并进行针对性治疗。",4
5,1,39,human,医生建议植入起搏器，对于治疗这个病意义大吗？,38
5,1,39,model,"起搏器是一种手术治疗方法,适用于某些需要快速起搏的病人,如阵发性心动过速、阵发性室上性心动过速等。对于血管迷走性晕厥,起搏器并不能治愈,但是可以缓解症状,减轻症状。

但是,起搏器也不是所有病人都适用,具体是否适合需要医生根据病人的具体情况进行判断。建议您咨询专业的心脏病医生,根据病情进行详细的评估和治疗方案制定。同时,建议您尽快带孩子到医院进行全面检查和诊断,以便及时治疗。",4
5,1,39,human,我的孩子6岁，早产儿，从小就低血压贫血，有癫痫史，适合植入心脏起搏器吗,29
5,1,39,model,"起搏器是一种手术治疗方法,适用于某些需要快速起搏的病人,如阵发性心动过速、阵发性室上性心动过速等。对于血管迷走性晕厥,起搏器并不能治愈,只能缓解症状,减轻症状。因此,建议您咨询专业的心脏病医生,根据孩子的具体情况进行详细的评估和治疗方案制定。同时,建议您尽快带孩子到医院进行全面检查和诊断,以便及时治疗。",2
5,1,39,human,孩子植入起搏器术后有哪些注意事项,19
5,1,39,model,"植入起搏器术后需要注意以下几点:

1. 严格按照医生的要求进行服药,如抗凝剂、抗血小板药物等。

2. 定期到医院进行检查,包括心电图、心脏彩超、血常规、肝肾功能等检查。

3. 注意避免剧烈运动、重物提拿、长时间站立等。

4. 避免感染,保持皮肤清洁、避免伤口感染。

5. 避免饮酒、吸烟等不良习惯。

6. 定期复诊,及时调整治疗方案。

7. 定期复查,及时调整治疗方案。

总之,植入起搏器术后需要注意术后护理,遵医嘱进行治疗,定期复诊,及时调整治疗方案。",4
5,1,39,human,术后可以乘飞机吗,13
5,1,39,model,"术后需要注意以下几点:

1. 严格按照医生的要求进行服药,如抗凝剂、抗血小板药物等。

2. 定期到医院进行检查,包括心电图、心脏彩超、血常规、肝肾功能等检查。

3. 注意避免剧烈运动、重物提拿、长时间站立等。

4. 避免饮酒、吸烟等不良习惯。

5. 定期复查,及时调整治疗方案。

6. 定期复查,及时调整治疗方案。

7. 定期复查,及时调整治疗方案。

总的来说,植入起搏器术后需要注意术后护理,遵医嘱进行治疗,定期复诊,及时调整治疗方案。同时,建议您咨询专业的心脏病医生,根据孩子的具体情况进行详细的评估和治疗方案制定。",4
