﻿1,4,2,human,医生你好,11
1,4,2,model,你好！请注意，我不是一位医生，而是一个AI助手，可以帮助您找到一些有关医学的信息。请问有什么问题我可以帮您解答吗？,3
1,4,2,human,我最近头晕得厉害想咨询一下,12
1,4,2,model,"我不是医生，也无法对您的症状进行诊断。但是，头晕可能有很多原因，以下是一些常见的原因：

1. 脱水：如果您的水分摄入不足，可能会导致头晕。
2. 低血糖：长时间不进食可能导致低血糖，从而导致头晕。
3. 睡眠不足：缺乏充足的睡眠可能会导致头晕。
4. 药物副作用：某些药物可能会导致头晕作为副作用。
5. 耳内平衡系统失调：与平衡有关的耳部感觉器官的问题可能会导致头晕。
6. 眼部问题：眼部问题，如近视、远视或散光，可能导致头晕。
7. 高血压：高血压可能导致头晕，特别是在体力活动期间。
8. 贫血：低红血球计数可能导致贫血，从而导致头晕。

请注意，这些只是一些建议性信息。出现头晕的原因可能有很多，如果您的头晕持续不断，建议您咨询一位医生以获得专业的诊断和治疗建议。在看医生之前，请确保休息充足、保持良好的水分摄入和饮食。",18
1,4,2,human,我之前有高血压，也有脑梗，最近停药了，可能是这个原因吗,27
1,4,2,model,"我不能确切地为您诊断，但是如果您有高血压和脑梗的病史，并且最近停药，这可能是导致您头晕的原因之一。高血压和脑梗可能会影响您的血流和大脑功能，从而导致头晕。停止药物治疗可能会使您的症状恶化。

请务必与您的医生联系，讨论您的症状和停药的原因。医生可以为您提供专业的建议，以确保您的健康状况得到妥善处理。在此期间，请确保休息充足，保持良好的水分摄入和饮食，以减轻头晕症状。",9
1,4,2,human,我之前吃点是卡普利托，可以继续吃吗,41
1,4,2,model,"我不能为您提供针对您个人情况的医学建议。在您决定是否继续使用卡普利托（Captopril）之前，请务必咨询您的医生。卡普利托是一种用于治疗高血压的药物，它属于ACE抑制剂类药物。通常，停止使用此类药物可能会导致血压升高。

请与您的医生联系，讨论您的症状、药物治疗以及是否应该继续使用卡普利托。您的医生将根据您的健康状况为您提供专业的建议。",8
1,4,2,human,我最近头晕还有耳鸣，有的时候心跳得厉害，得躺个二十多分钟才能好，爬楼梯以后胸闷气短，需要拍CT做检查吗,118
1,4,2,model,"我不是医生，但是根据您描述的症状（头晕、耳鸣、心跳加速、胸闷和气短），这些可能表明您的身体存在某些问题。在您决定是否进行CT检查之前，请务必咨询您的医生。他们可以根据您的症状和病史为您提供专业的建议。

这些症状可能与您之前提到的高血压和脑梗有关，或者可能是其他原因引起的。无论如何，您应该尽快联系医生并进行检查。医生可能会建议您进行一些诊断性检查，如心电图、血压监测或血液检查，以了解您的健康状况。请遵循医生的建议并密切关注您的症状。",10
1,4,2,human,我之前体检肺和心脏都有点问题，去医院检查怕太贵了，我也不想做手术,55
1,4,2,model,"我理解您可能担心医疗费用和手术，但是在面对身体健康问题时，及时就医和咨询专业医生是非常重要的。您的健康状况可能需要进一步的评估和治疗，以防止可能的并发症。

您可以考虑以下建议：

1. 咨询您的家庭医生或初级保健医生。他们可以为您提供初步的评估和建议，通常费用较低。
2. 了解您所在地区的医疗补助或保险计划，看看您是否有资格获得部分或全部的医疗费用报销。
3. 在某些情况下，医院或诊所可能提供分期付款或其他财务安排，以帮助您支付医疗费用。您可以向当地的医疗机构咨询这些选项。
4. 如果您不想立即进行手术，您的医生可能会建议其他非手术治疗方法，如药物治疗、生活方式改变或物理治疗。请务必与您的医生讨论所有可能的治疗方案。

请记住，您的健康是最重要的。尽早寻求专业医疗建议和治疗可以帮助您更好地了解您的状况，并采取适当的措施来改善您的生活质量。",14
1,4,2,human,我是上海的，今年82岁了，可以报销医保吗,47
1,4,2,model,"在中国，医疗保险分为基本医疗保险和商业医疗保险。基本医疗保险包括城镇职工基本医疗保险、城乡居民基本医疗保险。作为82岁的上海市居民，您应该已经纳入城乡居民基本医疗保险（也称为居民医保）。

居民医保通常会报销部分医疗费用，具体报销比例和范围取决于您所在地区的政策规定。在上海，根据政策，您的医疗费用可能会得到一定程度的报销。请注意，报销政策可能会因您就诊的医院级别、药品和治疗类型而有所不同。

为了确保您了解自己的医保报销政策，建议您联系当地的社保局或医保办，了解您所在地区的具体医疗报销规定。此外，在就诊时，请务必携带您的医保卡和相关证件，以便享受医保政策的优惠。

请注意，我的回答可能不完全准确，具体政策可能因地区和个人情况而有所不同。请务必向当地政府部门或医疗机构咨询以获取最准确的信息。祝您身体健康！",20
1,4,2,human,可以告诉我上海医保办的电话吗，我不知道,28
1,4,2,model,"当然可以。上海市医疗保障局的联系电话是：12333。这是一个全国统一的社会保障服务热线，您可以通过该电话咨询有关上海地区医疗保险的问题。

请注意，拨打此热线时，可能会遇到高峰期，请耐心等待。在咨询时，请准备好您的相关信息，以便他们能更好地为您提供帮助。祝您身体健康！",10
1,4,2,human,医生我之前新冠的时候阳过，才转阴，我这头晕胸闷的是不是就是后遗症,55
1,4,2,model,"我不是医生，但我可以为您提供一些关于新冠病毒的一般信息。有些人在康复后仍会出现一些持续的症状，这些症状被称为“长期新冠症候群”或“新冠后遗症”。

根据您提供的信息，您的头晕和胸闷可能与新冠病毒感染有关。然而，这些症状也可能与您之前提到的高血压、脑梗等病史有关。为了确保准确的诊断和治疗，强烈建议您咨询医生以获得专业意见。

请与您的医生讨论您的症状、新冠病毒感染史和其他可能的原因。医生可能会建议您进行进一步的检查，以确定症状的原因并提供适当的治疗建议。同时，请确保保持良好的生活习惯，如保持水分、充足的睡眠和健康的饮食。",16
