﻿1,3,5,human,医生你好，我最近头晕得厉害想要咨询一下,27
1,3,5,model,你好，请问你的症状是怎样的呢？,0
1,3,5,human,我最近头晕，还有耳鸣都有半年了，好几次眼前发黑，站不稳，经常胸闷气短，很容易累,56
1,3,5,model,请问你最近有没有测过血压和血糖？,0
1,3,5,human,我最近没有测，但是我有高血压的，要一直有在吃的,37
1,3,5,model,好的，请问你最近有没有头痛或者颈部不适？,0
1,3,5,human,没有,5
1,3,5,model,请问你有没有失眠或者食欲不振？,0
1,3,5,human,也没有,13
1,3,5,model,好的，请你检查一下你的血糖和血压，然后将结果告诉我。,0
1,3,5,human,我血压高,6
1,3,5,model,根据你的症状和高血压的情况，你可能患有高血压引起的头晕和耳鸣。建议你定期测量血压和血糖，控制好血压和血糖水平，同时避免过度劳累和情绪波动。建议你遵循医生的治疗方案，按时服药，同时注意饮食健康，多吃蔬菜水果，少吃油腻食物和糖分高的食物。如果症状持续或加重，请及时就医。祝你早日康复。,1
1,3,5,human,我有在吃降压药的,19
1,3,5,model,很好，请你坚持按时服药，并且定期复诊，我们会根据你的病情进行调整。,0
1,3,5,human,我最近血压平稳的,9
1,3,5,model,很好，这是好消息。建议你继续保持良好的生活习惯，避免过度劳累和情绪波动，同时注意饮食健康，少吃高盐高糖的食物。如果你的症状有变化，请及时就医。祝你早日康复。,1
1,3,5,human,我之前有高血脂，吃高血脂的药最近没吃了，有影响吗,40
1,3,5,model,高血脂和头晕耳鸣之间可能存在一定的关联，但是需要进一步检查才能确定是否存在影响。建议你在饮食上注意控制脂肪和胆固醇的摄入，多吃蔬菜水果和粗粮，避免过度劳累和情绪波动，同时按时服药，定期复诊。如果你的症状有变化，请及时就医。祝你早日康复。,1
1,3,5,human,我还胸闷，心一会跳得很快，晚上睡不好觉怎么办、,61
1,3,5,model,您好，根据您的描述，您可能存在心血管方面的问题。建议您及时到医院进行心电图检查和心脏超声检查，以明确诊断。同时，您也可以进行一些自我调节，如保持良好的心态，避免过度焦虑和紧张，保持充足的睡眠，适当进行运动等。如果您的症状严重，建议您及时就医，接受专业的治疗。同时，您也可以注意饮食健康，避免过度饮酒和吸烟等不良习惯，以减少心血管疾病的风险。祝您早日康复，生活愉快！,2
1,3,5,human,是之前有查过心超和心电图的,14
1,3,5,model,您好，根据您的描述，您之前已经查过心超和心电图，这是非常好的。但是，心超和心电图只是初步检查，不能完全确定您的心脏状况。建议您再次到医院进行全面的检查，如心脏CT或MRI等，以更准确地了解您的心脏状况。同时，您也可以注意一些生活习惯的改变，如避免过度劳累和情绪波动，保持良好的心态，适当进行运动等。如果您的症状严重，建议您及时就医，接受专业的治疗。祝您早日康复，生活愉快！,2
1,3,5,human,我必须要拍ct吗,14
1,3,5,model,您好，根据您的病情，建议您进行脑部CT检查，以了解是否存在占位性病变。脑部占位性病变是一种严重的疾病，需要及时治疗。脑占位病变可能由肿瘤、结核、梅毒、脓肿等引起，其中最多见的是肿瘤。因此，建议您尽快到医院进行检查，以便及早发现和治疗疾病。在检查前，您需要注意保持心情愉快，避免过于紧张和焦虑，同时注意休息，保持良好的饮食和生活习惯。如果您有任何疑问或需要进一步的帮助，请随时与医生联系。祝您早日康复！,3
1,3,5,human,我之前有过脑梗，已经好了好多年了，必须要拍ct吗,30
1,3,5,model,您好，根据您的病史，建议您进行脑部CT检查，以了解是否存在占位性病变。脑部占位性病变是一种严重的疾病，需要及时治疗。脑占位病变可能由肿瘤、结核、梅毒、脓肿等引起，其中最多见的是肿瘤。因此，建议您尽快到医院进行检查，以便及早发现和治疗疾病。在检查前，您需要注意保持心情愉快，避免过于紧张和焦虑，同时注意休息，保持良好的饮食和生活习惯。如果您有任何疑问或需要进一步的帮助，请随时与医生联系。祝您早日康复！,3
1,3,5,human,可以只吃药吗？不想做手术,21
1,3,5,model,您好，根据您描述的症状，您可能患有高血压引起的头晕和耳鸣。建议您在医生的指导下进行药物治疗，以控制血压水平。药物治疗是治疗高血压的首选方法，可以有效地降低血压。同时，您还需要注意饮食健康，减少盐分和高脂食物的摄入，多吃蔬菜水果和粗粮，保持良好的生活习惯，如适量运动、戒烟限酒等。如果您的症状持续或加重，请及时就医。此外，头晕和耳鸣也可能是其他疾病的症状，如内耳疾病、颈椎病等，建议您到医院进行进一步检查，以确定病因并进行相应的治疗。最后，如果您不想进行手术治疗，也可以选择药物治疗和生活方式改变相结合的治疗方案，以达到控制病情的目的。祝您早日康复！,4
1,3,5,human,我之前心超检查是说有有问题的，什么肥大我搞不清楚,50
1,3,5,model,您好，根据您提供的信息，您之前进行了心超检查，发现心脏存在肥大的情况。心脏肥大是指心脏肌肉增生，可能是由于高血压、冠心病、心肌炎、心肌病等原因引起的。建议您进行全面的检查，如心脏CT或MRI等，以更准确地了解您的心脏状况。同时，您需要注意饮食健康，减少盐分和高脂食物的摄入，多吃蔬菜水果和粗粮，保持良好的生活习惯，如适量运动、戒烟限酒等。如果您的症状加重或出现其他不适，请及时就医。如果您需要进一步了解心脏肥大的相关知识，可以咨询医生或查阅相关医学书籍。祝您早日康复！,3
1,3,5,human,心脏ct多少钱，可以报医保吗,22
1,3,5,model,您好，根据您提供的信息，心脏CT检查的费用因不同医院而异，一般市三甲医院约2000-4000元左右。关于医保问题，您可以咨询当地医保部门或医院相关部门，了解是否可以报医保以及报销比例等问题。此外，心脏CT检查是一种无创、无辐射的检查方法，可以帮助医生了解心脏状况，对于高血压、冠心病、心肌炎、心肌病等疾病的诊断和治疗有一定的帮助。如果您需要进行心脏CT检查，建议您提前咨询医生，了解检查前的准备事项和注意事项，以及检查后的注意事项。如果您还有其他问题，可以随时向我提问，我会尽力为您解答。祝您健康！,3
1,3,5,human,我是上海的，可以报销多少,22
1,3,5,model,"您好，根据您提供的情况，您可以按照医保政策报销。但是，具体的报销比例和报销条件可能会因地区和政策而有所不同。建议您咨询当地的医保部门或医院相关部门，了解具体的报销政策和报销比例。

需要注意的是，报销比例会受到多种因素的影响，包括诊断结果、治疗方式、住院天数等。因此，建议您提前咨询医生，了解自己的病情和治疗方案，以便更好地了解自己的报销情况。

同时，您也可以考虑购买一份商业医疗保险，以补充医保的不足。商业医疗保险通常会提供更高的报销比例和更全面的保障范围，但是需要根据自身情况和经济能力进行选择。

最后，希望您能够积极配合医生的治疗，按时复诊，注意休息和饮食，保持良好的心态，早日康复。如果您还有其他问题，可以随时向我提问，我会尽力为您解答。祝您健康！",4
