﻿4,4,26,human,什么是心脏电生理检查,17
4,4,26,model,"心脏电生理检查（Cardiac electrophysiology study，简称EP study）是一种用于评估心脏电生理活动的诊断性检查。该检查主要通过测量和记录心脏内的电信号，以了解心脏的电活动如何传导并确定心律失常的原因。心脏电生理检查可以帮助诊断和治疗各种心律失常，例如心动过速、心动过缓、心房颤动等。

在心脏电生理检查过程中，医生会在局部麻醉下，通过患者的大血管插入导管，并将其引导至心脏。导管末端装有电极，可用于测量心脏的电信号。通过在心脏内刺激并记录电信号，医生可以了解心脏电活动的传导情况，从而判断心律失常的类型和位置。根据检查结果，医生可以为患者制定合适的治疗方案，如药物治疗、心脏起搏器植入或射频消融等。",15
4,4,26,human,心脏电生理检查必须麻醉吗》对胎儿有什么影响,36
4,4,26,model,"心脏电生理检查通常在局部麻醉下进行，以减轻患者在检查过程中的疼痛和不适。在某些情况下，根据患者的需要和医生的建议，也可能采用全身麻醉。麻醉的使用可以确保患者在检查过程中保持舒适和放松。

关于孕妇进行心脏电生理检查的问题，孕妇在怀孕期间尽量避免进行此类侵入性检查，以防对胎儿产生潜在的风险。然而，在某些紧急情况下，如严重的心律失常，医生可能会权衡利弊，决定是否对孕妇进行心脏电生理检查。在这种情况下，医生会密切关注并采取措施减少对胎儿的影响。

如果您怀孕并需要进行心脏电生理检查，建议您详细咨询医生，了解可能的风险和潜在影响，并在医生的指导下做出明智的决策。",24
4,4,26,human,一个月内因为心脏问题发生两次晕厥，有心悸恶心没有胸痛，几分钟后自行缓解算是严重的心律失常吗,104
4,4,26,model,"我不是医生，不能为您提供专业的医学建议。但是，晕厥和心悸可能是心律失常的症状，也可能与其他病因有关。在您的情况下，由于您在一个月内发生了两次晕厥，并伴有心悸和恶心症状，建议您尽快就诊，接受专业医生的评估和诊断。医生可能会为您安排一系列检查，如心电图（ECG/EKG）、心脏超声检查、动态心电图（Holter监测）等，以便确诊病因并制定合适的治疗方案。

请务必咨询专业医生以获取针对您病情的专业意见。在得到医生建议之前，请不要自行进行任何诊断或治疗。",41
4,4,26,human,什么是射频消融治疗,29
4,4,26,model,"射频消融治疗（Radiofrequency ablation，简称RFA）是一种用于治疗心律失常的微创手术。在心律失常的情况下，心脏的正常电信号传导受到干扰，导致心脏跳动异常。射频消融治疗的目的是消除心脏内导致心律失常的异常电信号源，从而恢复正常的心律。

射频消融治疗过程如下：

1. 在局部麻醉或全身麻醉下进行手术。医生会在患者的大血管（通常是腹股沟区域的静脉）插入一根长导管。
2. 导管被引导至心脏内，途中会通过X光荧光透视技术进行实时监控。
3. 导管尖端装有一个电极，可以测量心脏内的电信号。医生会通过心脏内的电信号，确定导致心律失常的异常电信号源的位置。
4. 在找到异常电信号源后，医生会通过导管向心脏内的特定位置传送射频能量。这种射频能量会产生热量，对异常电信号源进行消融，从而消除心律失常。
5. 完成消融后，导管被拔出，手术结束。

射频消融治疗成功率较高，大多数患者在手术后可以恢复正常的心律。手术风险相对较低，但仍可能存在并发症，如感染、出血、血管损伤等。在接受射频消融治疗前，请咨询医生以了解可能的风险和禁忌，并在医生的指导下做出决策。",19
4,4,26,human,上性心动过塑必须要进行心脏电生理检查和射频消融治疗吗？,5
4,4,26,model,"我不是医生，但我可以为您提供一些建议。关于心律失常的诊断和治疗，需要根据患者的具体情况和症状来判断。上性心动过速（Supraventricular tachycardia，简称SVT）是一种心律失常，其特点是心脏的上部结构发生异常快速的心跳。治疗方法因患者的病情而异，可以包括药物治疗、生活方式调整、心脏电生理检查和射频消融治疗等。

对于某些患者，药物治疗和生活方式调整可能已足够控制上性心动过速的症状。然而，对于某些病情较重或药物治疗无效的患者，心脏电生理检查和射频消融治疗可能是更合适的选择。心脏电生理检查有助于确定心律失常的类型和位置，而射频消融治疗可以消除导致心律失常的异常电信号源，从而恢复正常心律。

在决定是否进行心脏电生理检查和射频消融治疗时，请务必咨询专业医生并根据医生的建议进行。医生会根据您的具体病情、症状和相关风险来为您制定最适合的治疗方案。",19
4,4,26,human,一个月内出现两次晕厥，心跳加速心悸恶心，但是没有胸痛和口吐白沫的情况，心电图结果是室上性心动过速，除了心脏电生理检查和射频消融治疗有什么其他保守治疗的方法吗,27
4,4,26,model,"我不是医生，但我可以为您提供一些建议。在室上性心动过速（Supraventricular tachycardia，简称SVT）的治疗中，除了心脏电生理检查和射频消融治疗之外，还有一些保守治疗方法可以尝试：

1. 药物治疗：药物治疗是治疗心律失常的常见方法。对于室上性心动过速，医生可能会开处方药，如钙通道拮抗剂、β受体拮抗剂、抗心律失常药物等，以帮助患者控制心率并预防心律失常的发作。

2. 体位调整法：在心动过速发作时，可以尝试一些简单的体位调整法，如憋气、屈膝抱腿、Valsalva操作等。这些方法通过影响迷走神经，有时可以迅速恢复正常心律。

3. 生活方式调整：改变生活方式对于预防和控制心律失常非常重要。这可能包括减少咖啡因和酒精摄入、保持健康的饮食、进行适当的锻炼、保持良好的睡眠习惯、减轻压力等。

4. 心脏起搏器：在某些情况下，医生可能会建议患者植入心脏起搏器来控制心律。心脏起搏器是一种小型医疗设备，可以监测心跳并在必要时提供电刺激，以维持正常心律。

请注意，您应根据医生的建议和具体病情来决定最适合的治疗方法。在尝试任何治疗方法之前，请务必咨询专业医生并遵循医生的指导。",25
