﻿3,2,19,human,我之前有晕厥，抽搐，胸痛可能是什么问题,66
3,2,19,model,"您好，根据您提供的症状，可能存在多种可能性。晕厥、抽搐和胸痛都是比较严重的症状，可能与多种疾病有关。建议您尽快就医，进行详细的检查和诊断，以便明确病因并进行有效的治疗。

在就医之前，您可以提供更多的信息，例如症状的发生时间、频率、持续时间、伴随症状等等，这些信息有助于医生更好地了解您的病情。同时，您也可以考虑进行一些必要的检查，例如心电图、胸部CT、脑部CT等等，以便更准确地诊断您的病情。

最后，我建议您保持良好的心态，积极配合医生的治疗，同时注意休息和饮食，避免过度劳累和精神压力。祝您早日康复！",4
3,2,19,human,我去医院急救过两次,26
3,2,19,model,"非常抱歉听到您曾经出现过晕厥、抽搐和胸痛等症状。这些症状可能与多种疾病有关，包括心血管疾病、神经系统疾病、代谢性疾病等等。

在这种情况下，我建议您尽快就医，进行详细的检查和诊断。您可以先到当地医院的急诊科进行初步的检查和治疗，如果需要进一步的检查和治疗，医生可能会建议您前往更高级别的医院进行治疗。

在就医之前，您可以注意一些事项，例如保持足够的休息、避免过度劳累、保持心情舒畅、饮食健康等等。同时，您也可以向医生详细描述您的症状，包括症状的频率、持续时间、伴随症状等等，这些信息有助于医生更好地了解您的病情。

最后，我希望您能够保持乐观的心态，积极配合医生的治疗，同时注意休息和饮食，避免过度劳累和精神压力。祝您早日康复！",8
3,2,19,human,我有高血压病十年了，还有十六年的糖尿病史，吸烟也是有20多年来，前段时间在家晕倒，被救护车拉走了，心电图检查结果是短阵室颤，还有陈旧性心肌梗塞，快速心律失常，医生建议我植入ICD，想咨询一下ICD的利与弊、电池寿命和价格相关的问题,28
3,2,19,model,"根据您提供的信息，您已经有高血压和糖尿病病史，并且吸烟20多年，这些因素都增加了您发生心血管疾病的风险。您的心电图检查结果显示存在短阵室颤、陈旧性心肌梗塞和快速心律失常等病症，这些都表明您的心脏状况比较严重。

植入ICD是一种治疗心律失常的方法，它可以帮助您恢复正常的心跳节律，从而减轻心脏的负担和保护心脏功能。ICD的利弊需要根据具体情况而定，一般来说，ICD可以有效地治疗心律失常，但是也存在一定的风险，如电极的感染、心律失常的再发和电池耗尽等等。因此，在决定是否植入ICD时，需要综合考虑患者的病情、身体状况和治疗效果等因素。

电池寿命和价格是与ICD相关的两个重要问题。ICD的电池寿命因型号和使用情况而异，一般为5年左右，但随着科技的不断进步和改进，电池寿命也在逐渐延长。而价格方面，ICD的价格因品牌和功能而异，一般在10万-50万之间。

最后，我建议您与医生进行详细的咨询和讨论，共同决定是否植入ICD，并根据医生的建议进行治疗和管理。同时，您也需要注意控制高血压、糖尿病等基础疾病，戒烟，保持健康的生活方式，以促进心脏健康和预防心血管疾病的发生。祝您早日康复！",9
3,2,19,human,我现在的这个身体情况和病史，你推荐我做这个手术吗,53
3,2,19,model,"根据您提供的信息，您已经存在高血压和糖尿病病史，且吸烟20多年，这些因素都增加了您发生心血管疾病的风险。您的心电图检查结果显示存在短阵室颤、陈旧性心肌梗塞和快速心律失常等病症，这些都表明您的心脏状况比较严重。

针对您的情况，是否进行ICD手术需要综合考虑您的病情、身体状况、治疗效果和手术风险等因素。一般来说，ICD手术可以有效地治疗心律失常，但是也存在一定的风险，如电极的感染、心律失常的再发和电池耗尽等等。因此，在决定是否进行ICD手术时，需要综合考虑患者的病情、身体状况和治疗效果等因素。

同时，我建议您与医生进行详细的咨询和讨论，共同决定是否进行ICD手术。医生会根据您的具体情况进行评估和建议，以便您做出最合适的治疗决策。

最后，我希望您能够保持乐观的心态，积极配合医生的治疗，同时注意控制高血压、糖尿病等基础疾病，戒烟，保持健康的生活方式，以促进心脏健康和预防心血管疾病的发生。祝您早日康复！",7
3,2,19,human,医生建议我植入，你同意他的建议吗,40
3,2,19,model,"作为AI模型，我不能够直接判断医生的建议是否正确，也不能够代替医生对患者的具体情况进行评估和决策。因此，我建议您和医生进行详细的咨询和讨论，共同决定是否进行ICD手术。

ICD手术是一种有效的治疗心律失常的方法，可以帮助您恢复正常的心跳节律，减轻心脏的负担和保护心脏功能。但是，手术风险和效果也需要考虑，因此，在决定是否进行手术时，需要综合考虑患者的病情、身体状况、治疗效果和手术风险等因素。

最终的决策应该由您和医生共同讨论，根据医生的建议和您的具体情况进行评估和决策。同时，也建议您多向医生咨询，了解手术的风险和效果，以便做出最合适的治疗决策。

最后，我希望您能够保持乐观的心态，积极配合医生的治疗，同时注意控制高血压、糖尿病等基础疾病，戒烟，保持健康的生活方式，以促进心脏健康和预防心血管疾病的发生。祝您早日康复！",6
3,2,19,human,我想在询问一下是否有更全面的室颤治疗方案？哟啊没有保守治疗的可能性和方案,45
3,2,19,model,"在治疗心律失常方面，除了ICD手术，还有其他的治疗方法，如药物治疗、心脏起搏器和心脏消融术等。

药物治疗是治疗心律失常的首选方法，可以使用抗心律失常药物、β受体阻滞剂、钙通道阻滞剂等药物，根据患者的具体情况选择不同的药物。

心脏起搏器是一种植入体内的电子设备，可以帮助恢复正常的心律。这种治疗方法适用于某些心律失常，如心房颤动和阵发性心动过速等。

心脏消融术是一种介入治疗方法，可以通过导管将热能或冷冻能量传输到心脏内部，杀死心律失常的组织，从而达到治疗的效果。

ICD手术是一种有效的治疗心律失常的方法，但并不是所有的患者都适合进行这种手术。因此，在决定是否进行ICD手术时，需要综合考虑患者的病情、身体状况和治疗效果等因素，并根据具体情况选择最合适的治疗方案。

同时，无论采用哪种治疗方法，都需要注意控制高血压、糖尿病等基础疾病，戒烟，保持健康的生活方式，以促进心脏健康和预防心血管疾病的发生。

最后，建议您与医生进行详细的咨询和讨论，共同决定最合适的治疗方案。同时，也要注意定期复查，以便及时发现和处理心律失常。祝您早日康复！",9
3,2,19,human,综合分析，您觉得我现在的状况是做手术植入ICD更好还是药物保守治疗更好？我目前独居，如果发病是不是可能错过抢救时期，,121
3,2,19,model,"根据您提供的信息，您的病情比较严重，存在心律失常和陈旧性心肌梗塞，建议采用药物保守治疗。药物治疗可以通过控制心律失常和预防心肌梗塞的复发，来保护心脏功能，改善生活质量。

对于ICD手术，需要综合考虑患者的病情、身体状况和治疗效果等因素，以确定是否适合进行手术。如果ICD手术是必要的，应由专业医生进行评估，并根据患者具体情况进行决策。

对于您目前独居的情况，如果发生心律失常，建议及时就医，并采取相应的治疗措施，以免错过抢救时期。同时，也建议您加强自我保护，如避免剧烈运动、注意饮食健康等，以减少心脏疾病的风险。

最后，建议您与医生进行详细的咨询和讨论，共同决定最合适的治疗方案。同时，也要注意定期复查，以便及时发现和处理心律失常。祝您早日康复！",6
3,2,19,human,我目前的情况，独居有什么注意事项可以在关键时刻救命,45
3,2,19,model,"独居时，需要注意以下几点：

1. 心血管疾病的自我管理：如按时服药、控制血压、血脂和血糖等，定期测量血压和心率，以预防和控制心血管疾病的发生和复发。

2. 安全：独居时，要注意安全，如注意锁好门窗、防止盗窃、避免火灾等。

3. 紧急求救：如果出现心悸、胸痛、呼吸困难、头晕、昏厥等症状，应立即就医，并向身边的人求助或拨打急救电话。

4. 应急药品：如硝酸甘油、阿司匹林等，应随身携带，以备不时之需。

5. 紧急通信：如家庭或亲友，应保持通讯畅通，并告知他们您的独居情况，以便在必要时得到帮助。

6. 应急计划：如制定应急计划，了解附近的医院、消防站等位置和联系方式，以备不时之需。

总之，独居时，要注意安全、健康和紧急求救等，以确保自身的安全和健康。同时，也要了解自己的病情和治疗方案，以便在必要时能够得到及时的帮助和治疗。",7
3,2,19,human,以我目前的病情，独居是不是比较危险,25
3,2,19,model,"根据您提供的信息，您存在心律失常和陈旧性心肌梗塞，这意味着您的心脏功能存在一定程度的损害，对于独居来说，存在一定的风险。

因为心律失常和陈旧性心肌梗塞都可能导致心肌缺血和心肌梗塞的发作，这对于心脏功能较差的患者来说是十分危险的。

因此，建议您在独居时，要注意安全，如注意锁好门窗、防止盗窃、避免火灾等。同时，也要定期进行心血管系统的检查和治疗，以控制心律失常和预防心肌梗塞的复发。

如果您出现了心悸、胸痛、呼吸困难、头晕、昏厥等症状，应立即就医，并向身边的人求助或拨打急救电话。

总之，独居时，要注意安全、健康和紧急求救等，以确保自身的安全和健康。同时，也要了解自己的病情和治疗方案，以便在必要时能够得到及时的帮助和治疗。",6
3,2,19,human,您还有什么别的建议吗？可以给我制定一个治疗方案吗,32
3,2,19,model,"当然可以，根据您的情况，建议您进行以下治疗方案：

1. 药物治疗：通过控制心律失常和预防心肌梗塞的复发，来保护心脏功能，改善生活质量。

2. 手术治疗：如心房调搏术、心房颤动射频消融术等，对于某些患者可能需要手术治疗。

3. 心律调控治疗：如植入ICD等，对于心律失常的治疗效果较好。

4. 饮食调理：注意饮食健康，减少高脂、高糖、高盐的食物，增加蔬菜、水果、全谷类等健康食品的摄入。

5. 运动锻炼：适量的运动可以促进心脏健康，如散步、慢跑、游泳等。

6. 心理支持：心理健康也非常重要，建议您积极参加心理治疗，保持乐观心态，减轻精神压力。

7. 定期复查：定期进行心脏功能评估和心电图检查，及时发现和处理心律失常和心肌梗塞等心脏疾病。

总之，建议您根据医生的建议，综合考虑治疗方案，积极采取措施，以改善心脏健康，预防心血管疾病的发生和复发。同时，也要保持良好的心态和生活习惯，避免过度劳累和精神压力。祝您早日康复！",8
3,2,19,human,好的谢谢,24
3,2,19,model,不客气，希望我的回答能够对您有所帮助。如果您还有其他问题，可以随时向我咨询，我会尽力为您解答。祝您身体健康！,1
