﻿1,4,1,human,医生你好，我最近总是头晕，还差点摔倒了，需不需要拍ct做检查啊,52
1,4,1,model,您好！我是一款AI助手，无法像医生那样为您提供专业的医学建议。但是，如果您近期经常头晕并且出现摔倒的情况，建议您尽快就医咨询专业医生。医生会根据您的病情和症状来判断是否需要进行CT检查。请注意，不要自行判断和用药，以免延误病情。祝您身体健康！,5
1,4,1,human,医生我最近感觉胸闷气短，总是喘不上气，躺一下会好一些，之前新冠阳过，会不会是后遗症呢,116
1,4,1,model,"您好！我是一款AI助手，无法像医生那样为您提供专业的医学建议。然而，我可以提供一些参考信息。

胸闷气短的原因有很多，可能是心肺功能问题、呼吸道感染、消化系统疾病等。新冠病毒确实有可能导致一些后遗症，但也不能排除其他原因。

建议您尽快就医咨询专业医生，医生会根据您的病史和症状进行详细检查并给出诊断。在专业医生的建议下进行治疗，以免延误病情。祝您早日康复！",13
1,4,1,human,医生我这个情况需要拍CT吗，吃药可不可以好,128
1,4,1,model,"您好！我是一款AI助手，无法像医生那样为您提供专业的医学建议。关于您的症状是否需要拍CT以及是否需要吃药，这需要您咨询专业医生。医生会根据您的具体情况来判断最合适的检查方法和治疗方案。

请您尽快就医，听从医生的建议，以免延误病情。祝您身体健康！",4
1,4,1,human,我年纪大了，之前有高血压，得过脑梗，心脏和肺也都有点问题，最近头晕得厉害，是什么原因呢,152
1,4,1,model,"您好！我不是医生，但是我可以提供一些可能的原因供您参考。头晕可能与您的高血压、脑梗、心脏和肺部问题有关。以下是一些建议：

1. 高血压：头晕可能是由于血压波动引起的。请定期监测您的血压，并按照医生的建议调整您的生活方式和药物治疗。

2. 脑梗：如果您曾经患有脑梗，头晕可能与脑血管问题有关。建议您定期进行相关检查，遵循医生的建议。

3. 心脏问题：心脏问题可能导致血液循环不畅，从而引起头晕。请您定期进行心脏检查并遵循医生的治疗建议。

4. 肺部问题：肺部问题可能导致氧气供应不足，引发头晕。请您定期检查肺功能并听从医生的建议。

请注意，以上信息仅供参考，具体原因还需要您咨询专业医生。建议您尽快就医，医生将根据您的病史和症状进行详细检查并给出诊断。祝您身体健康！",17
1,4,1,human,我需要做什么检查吗，拍CT和MRI是不是必须的？,43
1,4,1,model,"我不是医生，但我可以提供一些建议。关于您是否需要进行CT、MRI等检查，这需要您咨询专业医生。医生会根据您的病史、症状和体检结果来决定是否需要进行这些检查。

通常，医生可能会首先进行一些基本的检查，如血压、心电图、血常规等。根据这些检查结果，医生可能会建议进一步的检查，如CT、MRI等，以便更准确地诊断您的病情。

请您尽快就医，听从医生的建议，以免延误病情。祝您身体健康！",9
1,4,1,human,我年纪大了，最近总是头晕，喘不上气，之前有高血压，脑梗过，心肺体检都有问题的，想问问检查一下头晕心悸可以吃点药就行吗，可不可以报销医保，不想做手术,181
1,4,1,model,"您好！我不是医生，但我可以提供一些建议。关于头晕和心悸的症状，首先需要就医并进行相应的检查以明确病因。根据您的病史，您可能需要做一些相关检查，例如心电图、血压监测、肺功能测试等。医生会根据检查结果为您制定合适的治疗方案，可能包括药物治疗、生活方式调整等。

关于医保报销问题，这取决于您所在国家或地区的医保政策以及您的医保类型。通常，医保可以报销部分检查和药物费用，但具体报销范围和比例可能因地区和个人情况而异。建议您咨询当地的医保部门或相关机构以获取更准确的信息。

请注意，以上信息仅供参考。具体治疗方案和医保问题还需要您咨询专业医生和医保部门。祝您身体健康！",29
1,4,1,human,上海老人检查可以报销医保吗,44
1,4,1,model,"在上海，老年人可以使用医保进行检查和报销。根据上海的医保政策，符合条件的参保人员可以享受基本医疗保险覆盖的检查项目和费用。

然而，具体的报销范围和比例可能因个人参保类型（如城镇职工基本医疗保险、城乡居民基本医疗保险等）以及医疗机构（如公立医院、社区卫生服务中心等）而有所不同。建议您在进行检查前，咨询相关医疗机构或医保部门，了解您的医保报销范围和比例。

请注意，以上信息仅供参考。具体报销政策和程序请以当地医保部门的规定为准。祝您身体健康！",9
1,4,1,human,医生我之前有高血压，脑梗，现在已经好了，之前一直吃这个卡托普利的i按压要，最近没吃了，可以吗,92
1,4,1,model,"您好！我不是医生，但我可以提供一些建议。卡托普利（Captopril）是一种降压药物，用于治疗高血压。一般情况下，高血压患者需要长期服用降压药物以控制血压，避免血压波动导致的并发症。

在您停止服用卡托普利之前，请务必咨询您的医生。医生会根据您的病史、血压控制情况和其他相关因素来决定是否可以停药或调整药物。请勿自行停药或调整药物，以免对您的健康造成不良影响。

请您遵循医生的建议，保持良好的生活习惯，定期检查血压。祝您身体健康！",10
1,4,1,human,我之前心超检查说有心室肥大的，这呀可以就吃药就行吗,90
1,4,1,model,"您好！我不是医生，但我可以提供一些建议。心室肥大是指心脏的心室壁变厚，可能导致心脏功能异常。心室肥大的治疗取决于病因、严重程度和伴随的症状。

药物治疗可能是心室肥大的一个治疗方案，尤其是在高血压、心律失常等情况下。常用的药物包括降压药、利尿剂、β-受体拮抗剂等。然而，具体的药物选择和治疗方案需要由您的医生根据您的病史和症状来决定。

此外，治疗心室肥大还需要调整生活方式，例如控制体重、限制盐摄入、增加有氧运动等。在某些情况下，可能还需要进行手术治疗。

请您遵循医生的建议，及时就诊和接受治疗。祝您身体健康！",15
1,4,1,human,之前做过肺开刀做过手术，我可以继续爬山锻炼吗,152
1,4,1,model,"您好！我不是医生，但我可以提供一些建议。在您肺部手术后是否可以继续爬山锻炼取决于手术的类型、康复情况以及您的整体健康状况。

在进行任何剧烈运动之前，请务必咨询您的医生。医生会根据您的具体情况来判断您是否可以进行爬山锻炼，以及需要注意的事项。请遵循医生的建议，逐步增加运动强度和时间，以免对身体造成不良影响。

此外，保持良好的生活习惯、进行适当的锻炼和定期体检有助于促进身体健康。祝您身体健康！",13
1,4,1,human,我早睡早起，作息习惯都很好的,36
1,4,1,model,"保持良好的作息习惯对身体健康非常有益。早睡早起有助于保持充足的睡眠，增强免疫系统，提高工作和学习效率。除了作息规律之外，以下几点也有助于促进身体健康：

1. 均衡饮食：确保摄入各种营养素，包括蛋白质、脂肪、碳水化合物、维生素和矿物质。限制高热量、高盐、高糖和高脂肪食物的摄入。

2. 适当锻炼：每周进行至少150分钟的中等强度有氧运动，或者75分钟的高强度有氧运动，以及每周至少两次的肌力锻炼。

3. 保持良好的心理状态：学会应对压力，保持积极的心态，进行适当的放松和休闲活动。

4. 戒烟限酒：避免吸烟，限制酒精摄入。

5. 定期体检：定期进行体检，及时发现和治疗潜在的健康问题。

请继续保持良好的生活习惯，并根据您的具体情况调整锻炼和饮食。祝您身体健康！",22
