﻿5,3,38,human,什么是血管迷走性晕厥，,17
5,3,38,model,血管迷走性晕厥是指由于迷走神经对颈内动脉和颈外动脉的调节作用发生障碍，导致血压突然降低而引起的晕厥。这种晕厥的特点是发作时患者无明显的意识丧失，但容易发生在情绪激动、剧烈运动或冷水刺激后，且多次发作后容易导致心理依赖。晕厥时患者多呈晕眩或眩晕状态，并伴有面色苍白、出冷汗、心悸等症状。治疗方面，应避免情绪激动、剧烈运动或冷水刺激等诱发因素，同时进行药物治疗和行为治疗。药物治疗方面，可使用α受体阻滞剂、β受体阻滞剂等药物；行为治疗方面，可采用深呼吸、冷水浴等方法。如果您有血管迷走性晕厥的症状，请及时就医并遵医嘱进行治疗。,3
5,3,38,human,孩子得这个病严重吗,16
5,3,38,model,亲爱的家长，小儿血管迷走性晕厥是一种常见的疾病，通常不会对孩子的健康造成严重的影响。但是，如果孩子反复发作，可能会导致心理依赖和焦虑等问题。因此，我们建议您带孩子去医院进行详细的检查和诊断，以确定孩子的病情和治疗方案。在治疗方面，除了避免诱发因素，还可以考虑药物治疗和行为治疗。如果您有任何疑问或需要进一步的帮助，请随时与我们联系。我们将竭诚为您服务。,2
5,3,38,human,医院建议植入起搏器，这是必要的吗,23
5,3,38,model,您好，根据您提供的情况，如果您的孩子出现了血管迷走性晕厥的症状，我们建议您带孩子去医院进行详细的检查和诊断，以确定孩子的病情和治疗方案。如果孩子确诊为血管迷走性晕厥，起搏器可能是治疗的一种选择，但并不一定是必要的。起搏器的主要作用是维持心率，帮助治疗某些心律失常，但并不是治疗血管迷走性晕厥的首选方法。在治疗血管迷走性晕厥时，最重要的是避免诱发因素，如情绪激动、剧烈运动、冷水刺激等。此外，还可以采用药物治疗和行为治疗，如深呼吸、冷水浴等。如果您有任何疑问或需要进一步的帮助，请随时与我们联系。我们会尽力为您提供最好的医疗服务。,3
5,3,38,human,发生这个病和孩子是，早产儿，从小就低血压贫血，有癫痫史有关系吗,50
5,3,38,model,您好，根据您提供的信息，孩子的早产和低血压贫血史可能与血管迷走性晕厥有关。但是，癫痫也是孩子的一个病史，因此我们建议您带孩子去医院进行详细的检查和诊断，以确定孩子的病情和治疗方案。在治疗方面，除了避免诱发因素，还可以考虑药物治疗和行为治疗，如深呼吸、冷水浴等。同时，我们也建议您注意孩子的饮食和生活习惯，保持良好的生活方式，有助于孩子的健康成长。如果您有任何疑问或需要进一步的帮助，请随时与我们联系。我们会尽力为您提供最好的医疗服务。,2
5,3,38,human,在甘肃孩子可以冷水浴吗,27
5,3,38,model,您好，根据您提供的信息，冷水浴是一种常见的物理疗法，可以帮助改善患者的免疫力和抗病能力。对于小儿血管迷走性晕厥患者来说，冷水浴是一种可行的治疗方法，可以增强患者的体质和抵抗力，减少晕厥的发作次数。但是，冷水浴也有一定的风险，可能会对孩子的身体造成一定的刺激和影响，因此在进行冷水浴之前，建议您咨询医生的意见，了解孩子的身体状况和适应情况，确保安全后再进行冷水浴。如果您有任何疑问或需要进一步的帮助，请随时与我们联系。我们会尽力为您提供最好的医疗服务。,2
5,3,38,human,植入起搏器后治愈的可能性多大？有哪些术后注意事项,31
5,3,38,model,"植入起搏器后，大部分患者可以获得长期的缓解症状和改善生活质量的效果。然而，并非所有患者都能够完全治愈，因为起搏器只是控制心脏节律的一种手段，并不能根治疾病。

术后注意事项如下：

1. 术后定期复查：术后需要定期到医院进行复查，包括起搏器的工作情况、心脏节律和症状的改善情况等。医生会根据复查结果调整起搏器的设置参数，以保证最佳的治疗效果。

2. 避免剧烈运动：术后需要避免剧烈运动和过度劳累，以免对心脏造成额外的负担，影响起搏器的正常工作。

3. 饮食调理：术后需要注意饮食调理，避免摄入过多的盐分和咖啡因，以维持心脏的正常功能。

4. 注意药物使用：术后需要避免乱用药物，特别是带有心脏抑制作用的药物，以免对心脏产生不良影响。

5. 心理调适：术后需要保持良好的心态，避免过度焦虑和紧张，以免影响心脏的正常工作。

总之，植入起搏器后需要患者长期进行治疗和管理，遵循医生的建议和指导，定期复查，保持良好的生活习惯和心态，才能获得最佳的治疗效果。如果您还有其他问题，可以随时向我咨询。",6
5,3,38,human,术后能否坐飞机,25
5,3,38,model,您好，根据您的病情，术后是否能够坐飞机需要根据起搏器的类型和患者的病情来决定。一般来说，如果起搏器是心脏外置式起搏器，可以考虑坐飞机，但需要注意起搏器的电池寿命，及时更换电池。如果起搏器是心脏内置式起搏器，建议不要坐飞机，因为飞行时气流会对心脏内置式起搏器产生较大的冲击，可能会导致起搏器电池耗尽或损坏。同时，飞行时的高度压力变化也可能会影响心脏内置式起搏器的功能。因此，建议在决定是否坐飞机之前，先咨询医生的意见，了解您的病情和起搏器的类型，以确保安全。如果您有其他问题或疑虑，可以随时向医生咨询。祝您健康！,4
