﻿5,2,33,human,孩子六岁，一个月内多次出现晕倒及晕倒后抽搐大小便失禁的情况，可能是什么原因,311
5,2,33,model,您好，根据您描述的情况，孩子一个月内多次出现晕倒及晕倒后抽搐大小便失禁的情况，可能是由多种原因引起的。其中一种可能是癫痫发作，另外也可能是其他疾病，如低血糖、低钙血症等。建议您带孩子到医院进行详细的检查，包括脑电图、头颅CT、脑脊液检查等，以明确病因。同时，您可以注意孩子的饮食和生活习惯，保持良好的作息和饮食习惯，避免过度疲劳和情绪波动。如果有其他问题，请随时咨询医生。祝您和孩子健康！,3
5,2,33,human,直立倾斜实验是什么,22
5,2,33,model,"直立倾斜实验(Flexion-Rotation Test)是一种常见的神经系统检查方法，用于评估神经肌肉和脑部的功能。该实验的目的是通过测量肌肉收缩和反射反应，以评估大脑、脊髓和肌肉的功能。

在直立倾斜实验中，医生会让孩子站立，然后将他的头部向左或向右旋转，以评估他的肌肉和大脑是否能够控制身体的平衡。该实验通常在医生的指导下进行，并且需要孩子的配合。

直立倾斜实验通常用于评估神经肌肉和脑部疾病，如癫痫、脑损伤、神经肌肉疾病等。如果孩子需要进行直立倾斜实验，医生会根据孩子的具体情况和需要，在适当的条件下进行检查。

需要注意的是，在进行直立倾斜实验时，医生会确保孩子的安全，并且会根据孩子的具体情况进行适当的调整和指导。如果孩子有任何不适或疑虑，请及时向医生咨询。希望我的回答能够帮助您更好地了解直立倾斜实验。",6
5,2,33,human,医生通过直立倾斜实验等多项检查诊断为血管迷走性晕厥,48
5,2,33,model,"血管迷走性晕厥(Vasovagal syncope)是一种常见的晕厥类型，通常由心血管系统、神经系统和心理因素等多个因素共同作用所致。在这种情况下，当身体处于紧张、焦虑、疲劳、站立过久等状态时，由于交感神经系统的活动增加，导致心脏的收缩和血流增加，从而出现晕厥。

直立倾斜实验、头颅CT、脑脊液检查等检查方法可以帮助医生评估神经系统和大脑的功能，从而更准确地诊断血管迷走性晕厥。如果这些检查结果显示孩子的确患有血管迷走性晕厥，医生会根据孩子的具体情况，制定相应的治疗方案，包括调整生活方式、心理治疗、药物治疗等。

需要注意的是，血管迷走性晕厥是一种常见的晕厥类型，如果孩子出现晕厥症状，建议及时就医，以免影响孩子的健康和生活。同时，家长和医生应密切合作，遵循医生的建议，积极治疗和预防晕厥的发生。希望我的回答能够帮助您更好地了解血管迷走性晕厥。",6
5,2,33,human,血管迷走性晕厥严重吗,30
5,2,33,model,"血管迷走性晕厥通常是一种比较轻度的晕厥，通常不会对孩子的身体健康造成严重影响。然而，在一些特殊情况下，如体力过度消耗、情绪波动、长期站立等，可能导致晕厥的程度加重，甚至出现严重晕厥，甚至危及生命。

因此，如果孩子出现晕厥症状，家长和医生应密切合作，及时采取必要的预防措施，如避免过度疲劳、保持心情舒畅、避免长时间站立等，并遵循医生的治疗建议，以确保孩子的身体健康和安全。

需要注意的是，如果孩子出现晕厥症状，应及时就医，以便及时诊断和治疗，以避免晕厥带来的风险和并发症。同时，家长和医生应密切合作，遵循医生的建议，积极治疗和预防晕厥的发生。希望我的回答能够帮助您更好地了解血管迷走性晕厥。",5
5,2,33,human,这和孩子是早产儿，有过严重低蛋白血症有关吗,35
5,2,33,model,"早产儿的身体发育和免疫系统功能相对较弱，容易出现各种健康问题，包括贫血、低蛋白血症、低血糖等。因此，孩子的低蛋白血症可能与早产儿的特殊生理结构有关。

对于血管迷走性晕厥，虽然与低蛋白血症有一定的关联，但并不是直接的病因。血管迷走性晕厥是一种常见的晕厥类型，通常由心血管系统、神经系统和心理因素等多个因素共同作用所致，而低蛋白血症只是其中之一。

因此，如果孩子出现晕厥症状，建议及时就医，医生会根据孩子的具体情况进行综合评估，制定相应的治疗方案，以确保孩子的身体健康和安全。同时，家长和医生应密切合作，遵循医生的建议，积极治疗和预防晕厥的发生。希望我的回答能够帮助您更好地了解血管迷走性晕厥。",5
5,2,33,human,医生建议植入起搏器，植入起搏器术后治疗完全恢复发可能性大吗？有哪些注意事项,63
5,2,33,model,"植入起搏器是一种常见的治疗心脏疾病的方法，手术后需要进行一定的恢复和治疗，以确保植入起搏器的正常运作和治疗效果。根据患者的情况和需要，医生会制定相应的治疗方案，以确保手术后的恢复和治疗效果。

术后恢复期一般需要在医院住院观察一段时间，以确保植入起搏器的正常运作和治疗效果。术后需要密切关注患者的身体状况，包括心率、心律、血压、血氧饱和度等，以及预防感染和出血等并发症的发生。

在术后的恢复期间，患者需要遵循医生的指导，注意休息和避免过度劳累，保持良好的心态和情绪，以促进身体和心理的恢复。此外，患者还需要定期进行检查和随访，以确保手术效果和治疗效果的持续性和稳定性。

需要注意的是，植入起搏器后，患者需要遵循医生的指导，按时服药、定期复诊，以及注意生活方式和饮食习惯等，以维护心脏健康和预防并发症的发生。同时，患者需要注意自我观察和向医生报告任何不适或症状，及时就医和处理。

总之，植入起搏器是一种有效的治疗心脏疾病的方法，但需要在医生的指导下进行，遵循医生的治疗方案和注意事项，以确保手术效果和治疗效果的持续性和稳定性。希望我的回答能够帮助您更好地了解植入起搏器术后的注意事项和治疗效果。",9
5,2,33,human,可以给我一个对孩子长期健康管理的建议吗,47
5,2,33,model,"当然，长期健康管理的建议如下：
1. 定期体检：建议孩子每年进行一次全面体检，包括身体检查、心电图、血液生化检查、视力检查、牙齿检查等，以及必要的内科、外科、眼科、口腔科、心理科等专科检查。
2. 饮食健康：孩子的饮食应该均衡、多样、营养丰富，避免过度摄入高热量、高脂肪、高糖、高盐、高胆固醇等不健康的食品，以及过量饮酒和吸烟等不良习惯。
3. 运动锻炼：建议孩子进行适量的运动锻炼，以增强体质、提高免疫力、促进血液循环和心肺功能，以及预防肥胖和心血管疾病等。
4. 心理健康：孩子在成长过程中，不仅需要身体的健康，还需要心理健康，建议家长关注孩子的心理健康，及时发现和处理孩子的心理问题，如压力、焦虑、抑郁等。
5. 定期随访：孩子需要定期随访和检查，以及遵医嘱进行治疗和管理，包括药物治疗、手术治疗、营养治疗等。
6. 预防疾病：孩子需要预防各种传染病和疾病，如流感、肺炎、腹泻、手足口病等，以及预防意外伤害和伤害等。
总之，孩子的长期健康管理需要全面、综合、个性化的方案，需要家长和医生的共同合作和努力，以确保孩子的身体健康和幸福生活。希望我的回答能够帮助您更好地了解长期健康管理的建议。",8
5,2,33,human,对于有血管迷走性晕厥的孩子，长期健康管理建议,28
5,2,33,model,"对于有血管迷走性晕厥的孩子，长期健康管理建议如下：
1. 定期体检：建议孩子每年进行一次全面体检，包括身体检查、心电图、血液生化检查、视力检查、牙齿检查等，以及必要的内科、外科、眼科、口腔科、心理科等专科检查。
2. 预防感染：对于有血管迷走性晕厥的孩子，预防感染是非常重要的，建议保持室内空气流通、勤洗手、避免接触病毒和细菌等，避免前往人员密集、空气污染严重的公共场所等。
3. 饮食健康：孩子的饮食应该均衡、多样、营养丰富，避免过度摄入高热量、高脂肪、高糖、高盐、高胆固醇等不健康的食品，以及过量饮酒和吸烟等不良习惯。
4. 运动锻炼：建议孩子进行适量的运动锻炼，以增强体质、提高免疫力、促进血液循环和心肺功能，以及预防肥胖和心血管疾病等。
5. 心理健康：孩子在成长过程中，不仅需要身体的健康，还需要心理健康，建议家长关注孩子的心理健康，及时发现和处理孩子的心理问题，如压力、焦虑、抑郁等。
6. 定期随访：孩子需要定期随访和检查，以及遵医嘱进行治疗和管理，包括药物治疗、手术治疗、营养治疗等。
7. 特殊注意事项：对于有血管迷走性晕厥的孩子，需要特别注意防止意外伤害和伤害，如摔伤、碰撞、跌倒等，以及避免进行剧烈运动和高强度训练等。
总之，孩子的长期健康管理需要全面、综合、个性化的方案，需要家长和医生的共同合作和努力，以确保孩子的身体健康和幸福生活。希望我的回答能够帮助您更好地了解长期健康管理的建议。",10
5,2,33,human,如果植入起搏器以后能否乘坐飞机？,41
5,2,33,model,"在植入起搏器后，患者可以乘坐飞机，但需要注意以下几点：
1. 提前咨询医生：在乘坐飞机前，建议患者提前向医生咨询，了解自己的身体状况和植入起搏器的类型、型号、位置、电池状态等情况，以及是否需要特殊安检和医疗监护等，以确保安全。
2. 携带必要的医疗文件：患者需要携带植入起搏器的医疗文件和相关资料，包括植入起搏器的时间、位置、型号、电池状态等信息，以及最近一次的随访记录和医疗报告等。
3. 随身携带紧急联系卡：患者需要随身携带紧急联系卡和身份证明等信息，以便在紧急情况下向机组人员求助和寻求医疗帮助。
4. 遵守航空规定：患者需要遵守航空公司的规定和程序，如行李托运、安检、登机等，以及特殊医疗要求的管理和监护等。
5. 注意自身健康状况：患者在乘坐飞机时，需要注意自身健康状况，如心率、血压、呼吸、氧气等指标的监测和管理，以及特殊药物的携带和使用等。
总之，植入起搏器后可以乘坐飞机，但需要患者提前向医生咨询，携带必要的医疗文件和随身携带紧急联系卡，遵守航空规定和自身健康状况，以确保安全和健康。希望我的回答能够帮助您更好地了解植入起搏器后乘坐飞机的相关问题。",9
