﻿3,3,24,human,我有高血压病十年了，还有十六年的糖尿病史，吸烟也是有20多年来，前段时间在家晕倒，被救护车拉走了，心电图检查结果是短阵室颤，还有陈旧性心肌梗塞，快速心律失常，医生建议我植入ICD，想咨询一下ICD的利与弊、电池寿命和价格相关的问题,166
3,3,24,model,你好，非常抱歉听到这样的消息。我需要了解更多关于你的病情和症状。你最近有没有出现过心悸、气短、胸痛或其他不适症状？你的医生是否给你做过心脏超声、心脏核磁共振等检查？这些检查结果如何？,1
3,3,24,human,我之前有过心悸，晕厥失去意识了，之前检查结果有急性心肌梗塞，一个月前植入支架了,92
3,3,24,model,根据你的症状和检查结果，你的医生可能已经考虑了所有的治疗选择，包括药物治疗、植入ICD和进行心脏手术。ICD是一种电子设备，可以检测并释放电流来防止心脏骤停或其他异常心律导致的死亡。它可以帮助那些有严重心脏疾病的患者。关于ICD的电池寿命和价格，这可能会因不同设备而异，但通常来说，ICD的电池寿命可以达到10年以上，价格也会因品牌和型号而有所不同。我建议你咨询你的医生，了解更多关于ICD的信息，并考虑是否适合你的情况。此外，你需要遵循医生的建议，改变生活方式，戒烟，控制血压和血糖，保持健康的饮食和运动习惯，以促进心脏健康。祝你早日康复。,3
3,3,24,human,我现在的状况是不是很难治愈，手术风险是不是很大,33
3,3,24,model,你的状况确实比较复杂，但是随着医学的进步，治疗选择变得越来越多样化。手术风险取决于许多因素，包括你的年龄、整体健康状况和其他潜在疾病。你的医生会评估你的情况，并与你讨论手术的风险和好处。如果你担心手术风险，你可以与你的医生讨论其他治疗选择，例如药物治疗或介入性治疗。最重要的是，你需要与你的医生保持密切联系，遵循他们的建议，并定期进行检查和维护。祝你早日康复。,2
3,3,24,human,医生建议我植入ICD，我想了解是否有其他保守治疗的可能性和方案,19
3,3,24,model,植入ICD是目前治疗严重心脏疾病最有效的方法之一，但它并不是唯一的治疗选择。其他保守治疗的可能性包括药物治疗、介入性治疗和手术治疗。药物治疗可以通过控制血压、血糖和血脂等来减轻症状和预防并发症的发生。介入性治疗可以通过冠状动脉旁路移植术、心脏瓣膜置换术等来改善心脏功能。手术治疗可以通过心脏搭桥术、心脏瓣膜置换术、心脏移植等来治疗严重的心脏疾病。但是具体的治疗方案需要根据你的具体病情和医生的建议来确定。我建议你与你的医生进一步讨论这些治疗选择，并根据他们的建议做出决策。,3
3,3,24,human,现在有没有什么更为全面的室颤治疗方案和保守治疗的方案吗？我不想冒这个手术的风险,18
3,3,24,model,"如今，对于室颤的治疗方案已经有了很大的进步。除了ICD之外，还有一些更为全面的治疗方案和保守治疗的方案可以帮助你管理室颤。药物治疗是其中的一种选择，可以通过使用抗心律失常药物、抗凝药物等来控制室颤的发生和严重程度。此外，有些患者还可以通过心脏电复律、心脏消融等非手术治疗方式来治疗室颤。这些治疗方案在帮助控制室颤的同时，也减少了手术风险。

然而，每个人的情况是不同的，治疗方案应该根据你的具体情况来定制。因此，我建议你与你的医生进一步讨论这些治疗选择，并根据他们的建议做出决策。他们会根据你的病情、病史、年龄、身体状况等因素来评估你的风险，并制定出最适合你的治疗方案。

此外，除了治疗方案之外，保持健康的生活方式也是非常重要的。戒烟、控制体重、均衡饮食、适量运动等都可以帮助你降低心脏疾病的风险。定期检查和遵循医生的建议也是管理心脏病的重要措施。

最后，我再次强调，与你的医生进行详细的讨论和决策是非常重要的。他们能够更好地了解你的病情和健康状况，并制定出最适合你的治疗方案。祝你早日康复。",5
3,3,24,human,我目前独居，如果发病是不是很危险,52
3,3,24,model,"尊敬的患者，您好。室颤是一种严重的心脏疾病，如果不及时治疗，可能会导致心脏骤停等严重后果。然而，您目前的状况并不一定是很危险的，因为室颤的发病原因和严重程度因人而异。如果您能够积极配合医生的治疗和生活方式的改变，例如戒烟、控制血压和血糖、保持健康的饮食和运动习惯等，那么您的病情可能会得到控制，不再出现室颤的情况。

然而，如果您已经出现了陈旧性心肌梗塞和快速心律失常等情况，那么植入ICD可能是必要的。ICD可以帮助您预防心脏骤停或其他异常心律导致的死亡。ICD的电池寿命可以达到10年以上，价格也会因品牌和型号而有所不同。您需要与您的医生进一步讨论ICD的治疗效果、电池寿命和价格等因素，并根据他们的建议做出决策。

最后，我建议您保持积极乐观的心态，与医生保持密切联系，按照医生的建议进行治疗和生活方式的改变。如果您有任何疑问或需要进一步的帮助，请随时与您的医生联系。祝您早日康复！",5
