﻿2,3,10,human,医生你好，我最近有晕倒了，上次晕倒是三个月前，工作太忙没在意，最近在地铁上又晕倒了,83
2,3,10,model,你好，可以再详细描述一下你晕倒的情况吗？是突然就晕倒了吗？有没有其他症状？,0
2,3,10,human,第一次晕倒前一阵头，然后两眼一发黑后面就什么都不知道了。大概半分钟以后才恢复意识。第二次是在地铁上感觉要晕倒了，我赶紧坐下。两眼一发黑持续了半分钟才恢复，也没有恶心，没有呕吐的感觉,172
2,3,10,model,你最近是否感到特别紧张或者有焦虑情绪？,0
2,3,10,human,是的，我每天晚上都心焦睡不着，偶尔的吃助眠药才行，工作压力太大了，家里还有两个孩子晚上还得照顾睡不好,64
2,3,10,model,根据你的症状描述，你可能患有癫痫病。癫痫病是一种神经系统疾病，会导致突然发作的意识丧失、肢体抽搐、视觉、听觉、嗅觉异常等症状。建议你尽快去医院进行详细的神经系统检查，包括脑电图、核磁共振等检查，以明确诊断。治疗方面，根据病情轻重，可以使用抗癫痫药物进行治疗，同时需要注意避免诱发因素，如过度疲劳、情绪波动、饮酒等。建议你保持良好的生活习惯，避免过度疲劳，保持规律的作息时间，适当进行运动，保持心情愉快。祝你早日康复！,2
2,3,10,human,我们家里人都没有这个症状，还是癫痫吗,30
2,3,10,model,癫痫病是一种常见的神经系统疾病，通常不会出现明显的家族遗传倾向。但是，如果你的家族中有人患有癫痫病，建议你也要进行相关检查，以排除家族遗传的可能性。此外，如果你的家人或者朋友需要帮助你照顾孩子或者其他家务，可以考虑让他们帮忙，这样可以减轻你的负担，也有助于你的康复。最后，希望你能够尽快去医院进行检查和治疗，祝你早日康复！,1
2,3,10,human,我不相信是癫痫的，我们家都没有人有癫痫病的情况，我有点贫血可能是低血糖导致的吗,74
2,3,10,model,您好，根据您的症状描述，贫血和低血糖都可能导致晕倒。但是，贫血和低血糖的症状是不同的，贫血主要表现为面色苍白、疲劳、头晕等症状，而低血糖则主要表现为突然出现的饥饿感、出汗、心慌、头晕等症状。因此，我们需要进行一些检查来确定您的病因。建议您进行血糖、血红蛋白、血常规等检查，以便更好地了解您的病情。如果检查结果显示您患有低血糖，我们会给您开具相应的药物治疗方案。同时，建议您注意饮食健康，保持规律的作息时间，避免过度疲劳，保持心情愉快，以促进身体的康复。如果您有任何疑问或需要进一步的帮助，请随时与我们联系。祝您早日康复！,3
2,3,10,human,我要是癫痫是不是很难治疗啊,45
2,3,10,model,您好，癫痫是一种常见的神经系统疾病，但是通过合理的治疗和生活调整，大部分患者可以得到有效的控制。癫痫的治疗方法包括药物治疗、手术治疗和神经调控治疗等。药物治疗是目前最常用的治疗方法，可以有效地控制癫痫发作。手术治疗适用于药物治疗无效的患者，可以通过手术切除病变部位或者植入神经刺激器来控制癫痫发作。神经调控治疗是一种新型的治疗方法，可以通过神经调节技术来控制癫痫发作。治疗效果因人而异，但是大部分患者可以得到有效的控制。建议您尽快去医院进行详细的检查和诊断，以便制定最合适的治疗方案。同时，保持良好的生活习惯，避免过度疲劳，保持规律的作息时间，适当进行运动，保持心情愉快，也有助于您的康复。如果您有任何疑问或需要进一步的帮助，请随时与我们联系。祝您早日康复！,3
2,3,10,human,是因为我工作压力大导致的吗？我最近都很焦虑,34
2,3,10,model,晕倒的原因有很多种，其中包括工作压力大和焦虑情绪。但是，根据您的症状描述，晕倒可能与癫痫有关。癫痫是一种神经系统疾病，会导致突然发作的意识丧失、肢体抽搐、视觉、听觉、嗅觉异常等症状。建议您尽快去医院进行详细的神经系统检查，包括脑电图、核磁共振等检查，以明确诊断。如果确诊为癫痫，我们会给您开具相应的抗癫痫药物进行治疗，同时需要注意避免诱发因素，如过度疲劳、情绪波动、饮酒等。此外，建议您保持良好的生活习惯，避免过度疲劳，保持规律的作息时间，适当进行运动，保持心情愉快。如果您有任何疑问或需要进一步的帮助，请随时与我们联系。祝您早日康复！,3
2,3,10,human,我要工作还要带孩子，没办法避免工作疲劳怎么办,35
2,3,10,model,您好，工作压力和疲劳确实可能导致晕倒。但是，根据您的症状描述，晕倒可能与癫痫有关。癫痫是一种神经系统疾病，会导致突然发作的意识丧失、肢体抽搐、视觉、听觉、嗅觉异常等症状。建议您尽快去医院进行详细的神经系统检查，包括脑电图、核磁共振等检查，以明确诊断。如果确诊为癫痫，我们会给您开具相应的抗癫痫药物进行治疗，同时需要注意避免诱发因素，如过度疲劳、情绪波动、饮酒等。此外，建议您保持良好的生活习惯，避免过度疲劳，保持规律的作息时间，适当进行运动，保持心情愉快。如果您需要照顾孩子和家庭，可以考虑请家人帮忙，这样可以减轻您的负担，也有助于您的康复。最后，祝您早日康复！,4
2,3,10,human,我的现实情况就是没人能够帮我，我每天的工作都忙不过来的，这病是不是治不好了’,45
2,3,10,model,您好，根据您的描述，您的工作很忙碌，但是仍然需要照顾孩子和家庭，这确实是一个很大的负担。但是，我了解到您最近出现了晕倒的症状，这可能与工作压力和焦虑情绪有关，但是也存在癫痫的可能性。癫痫是一种神经系统疾病，会导致突然发作的意识丧失、肢体抽搐、视觉、听觉、嗅觉异常等症状。建议您尽快去医院进行详细的神经系统检查，包括脑电图、核磁共振等检查，以明确诊断。如果是癫痫，我们会给您开具相应的抗癫痫药物进行治疗，同时需要注意避免诱发因素，如过度疲劳、情绪波动、饮酒等。此外，建议您保持良好的生活习惯，避免过度疲劳，保持规律的作息时间，适当进行运动，保持心情愉快。如果您需要照顾孩子和家庭，可以考虑请家人帮忙，这样可以减轻您的负担，也有助于您的康复。最后，如果您对治疗方案有任何疑问或需要进一步的帮助，请随时与我们联系。祝您早日康复！,5
