﻿5,3,35,human,孩子6岁，早产儿，有过严重低蛋白血症状，还有癫痫史，低血压，贫血，植入起搏器后治疗完全恢复发可能性多大？有哪些注意事项,14
5,3,35,model,根据您提供的信息，孩子是早产儿，有严重低蛋白血症状，癫痫史，低血压，贫血，植入起搏器后治疗。考虑到孩子的早产史和癫痫史，植入起搏器后治疗可能带来一些额外的注意事项。关于植入起搏器后治疗完全恢复的可能性，需要进一步的检查和评估来确定。建议您向医生咨询，了解孩子的具体情况，并根据医生的建议进行治疗。此外，孩子的贫血需要进一步的治疗，建议您关注孩子的饮食，适当增加含铁和蛋白质的食物，同时根据医生的指导进行适当的药物治疗。另外，孩子的低血压也需要密切关注，根据医生的建议进行调整和治疗。,5
5,3,35,human,什么是直立倾斜实验,28
5,3,35,model,直立倾斜实验是一种常用于诊断自主神经功能障碍的实验。该实验通过让患者站立并逐渐倾斜床面，以观察其身体反应。正常情况下，人体会通过调整心跳、血压和呼吸等生理指标来维持身体平衡。但是，在自主神经功能障碍的情况下，身体无法有效地调整这些指标，导致出现一系列症状，如头晕、恶心、甚至晕厥等。通过进行直立倾斜实验，医生可以评估患者的自主神经功能，并确定是否需要进一步的检查和治疗。如果您有任何疑问或需要进一步了解，请咨询您的医生。,2
5,3,35,human,孩子被确诊为血管迷走性晕厥，这是什么病？严重吗,27
5,3,35,model,血管迷走性晕厥是一种常见的疾病，它通常是由于迷走神经对心血管系统的影响而引起的。这种疾病可以导致短暂的脑部供血不足，从而导致晕厥和眩晕。通常情况下，这种疾病并不会对生命造成威胁，但对于患者来说，这种疾病可能会严重影响他们的生活质量。治疗血管迷走性晕厥的方法包括改变生活方式、药物治疗和手术治疗等。具体治疗方案应根据患者的具体情况和病情严重程度来确定。建议您咨询专业医生，以获得更详细的信息和建议。,2
5,3,35,human,孩子六岁被确诊这个病，同时有严重低蛋白血症状，还有癫痫史，低血压，贫血，植入起搏器后治疗完全恢复发可能性多大？术后有哪些注意事项,51
5,3,35,model,根据您提供的信息，孩子被确诊为血管迷走性晕厥，同时伴有严重低蛋白血症状、癫痫史、低血压和贫血。针对您的问题，关于植入起搏器后治疗完全恢复的可能性，需要进一步的检查和评估来确定。具体的治疗方案应根据孩子的具体情况和病情严重程度来确定。对于手术后的注意事项，孩子需要在手术后进行适当的休息和恢复，遵循医生的建议进行药物治疗和饮食调理。此外，孩子需要定期进行复诊和检查，以确保手术效果和身体健康。如果孩子出现任何不适或异常情况，应及时向医生报告。最后，建议您与医生保持密切沟通，了解孩子的病情和治疗进展，以便更好地指导孩子的生活和康复。,3
5,3,35,human,对于血管迷走性晕厥的孩子，植入心脏起搏器后长期健康管理意见,42
5,3,35,model,对于已经植入心脏起搏器的孩子，长期的健康管理非常重要。建议您定期带孩子去复诊，检查起搏器的功能和电池寿命，以确保其正常运行。此外，孩子应该定期进行血压和心率监测，以及进行相关的实验室检查，如血红蛋白水平和蛋白质水平。如果孩子出现任何不适或异常情况，应及时向医生报告。同时，孩子应该遵循健康的生活方式，包括良好的饮食习惯、适当的运动和充足的睡眠，以维持身体健康和预防疾病的发生。最后，建议您与医生保持密切沟通，了解孩子的病情和治疗进展，以便更好地指导孩子的健康管理和康复。,3
5,3,35,human,手术完可以坐飞机吗,17
5,3,35,model,尊敬的患者，根据您的情况，建议您在手术后至少休息两周后再考虑坐飞机。因为手术后两周内是身体恢复和修复的最佳时间，此时身体的抵抗力和适应能力相对较弱，容易引起感染和身体不适。此外，手术后两周内应避免剧烈运动和过度疲劳，以免影响身体的恢复和修复。因此，建议您在手术后至少休息两周后再考虑坐飞机，以确保身体的健康和安全。如果您有其他问题或疑虑，请随时向您的医生咨询。祝您早日康复！,2
