﻿3,1,23,human,医生您好,6
3,1,23,model,"您好,我是智能助手,我可以为您提供一些基本的信息。请问您有什么需要帮助的吗?",0
3,1,23,human,我有高血压，糖尿病，最近心脏出现问题了,25
3,1,23,model,"您好,我可以为您提供一些基本的信息,但是需要更多的信息才能给出针对性的建议。

首先,您提到的高血压、糖尿病和心脏问题,这些都是需要及时治疗的疾病,需要您及时就医。建议您尽快去医院进行详细检查和治疗。

同时,您可以注意以下几点:

1. 控制饮食,避免高脂、高糖、高盐的食物,多吃蔬菜、水果、粗粮等健康食品。

2. 坚持适量运动,如散步、慢跑、游泳等,可以帮助降低血压、改善心脏功能。

3. 控制体重,避免肥胖。

4. 定期监测血压、血糖、血脂等指标,及时调整治疗方案。

希望这些建议对您有所帮助。同时,也建议您及时就医,接受专业治疗。",4
3,1,23,human,我有高血压病十年了，还有十六年的糖尿病史，吸烟也是有20多年来，前段时间在家晕倒，被救护车拉走了，心电图检查结果是短阵室颤，还有陈旧性心肌梗塞，快速心律失常，医生建议我植入ICD，想咨询一下ICD的利与弊、电池寿命和价格相关的问题,19
3,1,23,model,"您好,我是智能助手,我可以为您提供一些基本的信息。

关于您提到的“心脏出现问题”和“需要安装ICD”的问题,以下是一些基本的信息:

1. 心脏出现问题:您提到的短阵室颤和陈旧性心肌梗塞,都是心血管疾病的表现,需要及时治疗。

2. 需要安装ICD:这是治疗心脏疾病的重要方法之一,可以帮助控制病情,减少心脏负担,提高生活质量。

3. 电池寿命:电池的寿命一般为10年左右,具体的寿命需要根据电池的种类和寿命而定。

4. 价格:不同的电池价格不同,价格也会因品牌、型号、型号等因素而有所不同。

总之,您需要及时就医,接受专业治疗。同时,您也可以注意以上几点,以帮助您更好地管理心脏健康。",5
3,1,23,human,医生建议我植入ICD，想咨询一下ICD的利与弊、电池寿命和价格相关的问题,45
3,1,23,model,"您好,关于您的问题,我可以帮您分析一下。

1. 心脏出现问题:您提到的短阵室颤和陈旧性心肌梗塞都是心血管疾病的表现,需要及时治疗。安装ICD可以有效控制病情,减少心脏负担,提高生活质量。

2. 电池寿命:电池的寿命一般为10年左右,具体的寿命需要根据电池的种类和寿命而定。

3. 价格:不同的电池价格不同,价格也因品牌、型号、型号等因素而有所不同。

4. 其他:安装ICD后需要定期监测血压、血糖、血脂等指标,及时调整治疗方案,同时注意合理饮食、适量运动、控制体重等,以帮助您更好地管理心脏健康。

总之,您需要及时就医,接受专业治疗。同时,您也可以注意以下几点:

1. 控制饮食,避免高脂、高糖、高盐的食物,多吃蔬菜、水果、粗粮等健康食品。

2. 坚持适量运动,如散步、慢跑、游泳等,可以帮助降低血压、改善心脏功能。

3. 控制体重,避免肥胖。

4. 定期监测血压、血糖、血脂等指标,及时调整治疗方案。

希望以上信息对您有所帮助。同时,也建议您及时就医,接受专业治疗。",8
3,1,23,human,现在有没有什么更为全面的室颤治疗方案和保守治疗的方案吗？我不想冒这个手术的风险,26
3,1,23,model,"很抱歉,我之前提到的内容只是一些基本的信息,具体的治疗方案需要根据您的具体情况进行个性化制定。建议您在专业医生的指导下进行治疗。祝您早日康复!",1
3,1,23,human,我现在的状况是不是比较严重？是不是治不好了,47
3,1,23,model,"您好,我是智能助手,我可以帮您解答一些基本的信息和问题。关于您的情况,由于您的情况比较复杂,建议您及时就医,接受专业医生的治疗。同时,您也可以通过以下方式来帮助自己管理心脏健康:

1. 控制饮食,避免高脂、高糖、高盐的食物,多吃蔬菜、水果、粗粮等健康食品。
2. 坚持适量运动,如散步、慢跑、游泳等,可以帮助降低血压、改善心脏功能。
3. 控制体重,避免肥胖。
4. 定期监测血压、血糖、血脂等指标,及时调整治疗方案。
5. 定期监测血压、血糖、血脂等指标,及时调整治疗方案。

希望以上信息对您有所帮助。同时,建议您及时就医,接受专业治疗。祝您早日康复!",5
