﻿4,2,32,human,孕妇突发晕厥，心脏不适可能是什么原因，有妊娠高血压史和早孕流产史,37
4,2,32,model,您好，根据您提供的信息，孕妇突发晕厥和心脏不适可能与妊娠高血压综合征有关。妊娠高血压综合征是一种妊娠期常见病，如果不及时治疗，可能会对母体和胎儿造成严重影响。建议您尽快就医，进行详细的检查和诊断，以确定病因和治疗方案。同时，您也需要注意饮食和休息，避免过度劳累和情绪波动，保持心情愉悦和放松。如果您有任何疑问或需要进一步的帮助，请随时咨询医生。祝您和宝宝健康！,3
4,2,32,human,心脏电生理检查和射频消融治疗对胎儿有什么影响？,48
4,2,32,model,"心脏电生理检查和射频消融治疗是常见的治疗方法，用于治疗心脏疾病。对于孕妇来说，这些检查和治疗可能对胎儿造成一定的影响。心脏电生理检查需要在心电监护下进行，监测胎儿的心电活动，以确定是否存在心律失常等问题。射频消融治疗则需要在局部麻醉下进行，使用射频消融导管对心脏病变部位进行消融治疗。

这些检查和治疗一般不会对胎儿造成严重的影响，但可能会导致一些短暂的不适和局部损伤。因此，在进行这些检查和治疗前，需要进行详细的评估和准备，以确保孕妇和胎儿的安全。如果您需要进行这些检查和治疗，建议您咨询医生的意见，并告知医生您的孕期情况和病史，以便医生制定更加安全和有效的治疗方案。同时，在治疗后，也需要密切观察胎儿的反应和情况，及时就医处理任何异常情况。希望我的回答能够帮到您，如果您还有其他问题，可以随时向我咨询。",6
4,2,32,human,孕妇上性心动过塑晕厥，心脏不是但是可自行恢复，必须要进行心脏电生理检查和射频消融治疗吗？,52
4,2,32,model,"孕妇上性心动过塑晕厥是一种心律失常，可能与心脏病变有关。如果孕妇出现晕厥，建议进行心电图和心脏彩超检查，以确定晕厥的原因。如果检查结果显示存在心律失常，需要进一步进行心脏电生理检查和射频消融治疗。

心脏电生理检查是一种通过对心脏进行特殊检查的方法，以确定心脏的电生理和功能状态。射频消融治疗则是一种通过局部麻醉，使用射频消融导管对心脏病变部位进行消融治疗的方法。这些检查和治疗可以帮助医生确定病因，并制定相应的治疗方案，以帮助孕妇恢复健康。

因此，如果孕妇出现晕厥，建议进行心电图和心脏彩超检查，并告知医生您的孕期情况和病史，以便医生制定更加安全和有效的治疗方案。如果检查结果显示存在心律失常，需要进一步进行心脏电生理检查和射频消融治疗，以确保孕妇和胎儿的安全。希望我的回答能够帮到您，如果您还有其他问题，可以随时向我咨询。",6
4,2,32,human,一个月内出现两次晕厥，心跳加速心悸恶心，但是没有胸痛和口吐白沫的情况，心电图结果是室上性心动过速，除了心脏电生理检查和射频消融治疗有什么其他保守治疗的方法吗,33
4,2,32,model,"您好，根据您的症状和心电图结果，您可能患有室上性心动过速。室上性心动过速是一种心律失常，常见于孕妇，可能与心脏病、甲状腺功能亢进、药物、酒精等因素有关。

除了心脏电生理检查和射频消融治疗，还有一些保守治疗方法可以帮助缓解症状和预防并发症。以下是一些可能的治疗方法：

1. 药物治疗：药物治疗可以帮助缓解心律失常症状，例如β受体阻滞剂、钙通道阻滞剂、胺碘酮等。

2. 改变生活方式：改变生活方式可以帮助预防并缓解心律失常，例如减少咖啡因、酒精和烟草的摄入，保持良好的睡眠质量，避免过度劳累和情绪波动等。

3. 中药治疗：中药治疗可以帮助改善血液循环和调节内分泌，例如当归、川芎、丹参等。

需要注意的是，这些保守治疗方法可能需要在医生的指导下进行，并根据个体情况制定个性化的治疗方案。此外，如果出现心律失常的症状，建议及时就医，以免延误病情。

希望我的回答能够帮到您，如果您还有其他问题，可以随时向我咨询。祝您健康！",8
4,2,32,human,建议做这个心脏电生理检查和射频消融治疗吗,27
4,2,32,model,"对于孕妇出现心律失常，建议进行心脏电生理检查和射频消融治疗。这两种检查和治疗方法可以帮助确定病因和治疗方案，以确保孕妇和胎儿的安全。

心脏电生理检查是一种通过对心脏进行特殊检查的方法，以确定心脏的电生理和功能状态。射频消融治疗则是一种通过局部麻醉，使用射频消融导管对心脏病变部位进行消融治疗的方法。这些检查和治疗可以帮助医生确定病因，并制定相应的治疗方案，以帮助孕妇恢复健康。

因此，如果您出现心律失常的症状，建议尽快就医，并告知医生您的孕期情况和病史，以便医生制定更加安全和有效的治疗方案。希望我的回答能够帮到您，如果您还有其他问题，可以随时向我咨询。祝您健康！",5
4,2,32,human,不治疗会有什么危险,35
4,2,32,model,"如果孕妇出现心律失常的症状，未及时进行治疗，可能会带来一些危险。以下是可能的危险：

1. 心律失常导致心力衰竭：心律失常可能导致心脏的泵血功能下降，引起心力衰竭，进而影响胎儿的健康。

2. 心律失常导致晕厥：孕妇出现心律失常，导致晕厥，可能会造成孕妇的受伤和胎儿的缺氧。

3. 心律失常导致猝死：孕妇出现心律失常，导致心脏停止跳动，可能会导致孕妇的猝死。

因此，如果您出现心律失常的症状，建议及时就医，并进行治疗，以避免出现上述危险。同时，如果孕妇出现晕厥，也建议及时就医，并告知医生您的孕期情况和病史，以便医生制定更加安全和有效的治疗方案。希望我的回答能够帮到您，如果您还有其他问题，可以随时向我咨询。祝您健康！",6
4,2,32,human,心脏电生理检查,36
4,2,32,model,"心脏电生理检查是一种通过对心脏进行特殊检查的方法，以确定心脏的电生理和功能状态。该检查通常需要在医院的手术室内进行，医生会插入导管到心脏内部，对心脏的电活动进行检测，以确定是否存在心脏疾病。

心脏电生理检查可以帮助医生确定病因，并制定相应的治疗方案。例如，如果检测结果显示存在心律失常，医生可以根据具体情况选择合适的治疗方法，如药物治疗、射频消融治疗、心脏起搏器等。

心脏电生理检查通常需要进行多次检测，每次检测的时间大约在1-2小时左右。在检测过程中，医生会进行局部麻醉，在不需要进行手术的情况下，对心脏进行检测。

需要注意的是，心脏电生理检查是一种有一定风险的检查方法，可能会出现出血、感染、心脏骤停等并发症。因此，在进行检查前，医生会进行详细的评估和准备，确保检查的安全和有效。

希望我的回答能够帮到您，如果您还有其他问题，可以随时向我咨询。祝您健康！",7
