﻿2,3,13,human,医生你好，我最近又晕倒了，上次晕倒是三个月前在公司突然从座椅上滑下来同事掐人中我才恢复意识，后来工作太忙没在意，最近在地铁上又差点晕倒了，我不会是有什么大的疾病吧？,63
2,3,13,model,你好，能否具体描述一下你的晕倒情况？比如晕倒前有没有头晕、胸闷、呼吸困难等症状，晕倒时是否失去意识，以及恢复意识后是否恢复正常？,0
2,3,13,human,我晕倒之前有头晕的预兆，第一次晕倒的时候是失去意识了后面才恢复的；在地铁上那一次我是赶紧坐下来避免摔倒，缓了半分钟才恢复，没有丧失意识,109
2,3,13,model,你说你之前有做过心电图，能否告诉我检查结果，还有你有没有最近进行过身体检查，比如血压、血糖等？,0
2,3,13,human,我之前是有查过血，有轻度贫血的情况；我睡眠不好偶尔得吃思诺思助眠，另外我一直都有呈慢性胃炎，经常胃胀气,66
2,3,13,model,根据你的症状和病史，你可能患有晕厥症。晕厥症是指由于血压下降或心脏问题导致的晕倒，通常情况下是可以恢复意识的。你的轻度贫血可能是晕厥的一个原因。建议你进行更全面的身体检查，包括血压、血糖、心脏等方面的检查，以确定病因。同时，你的慢性胃炎也可能是一个原因，建议你在饮食上注意避免过饱和过度饮酒，同时可以考虑服用一些抗酸药物来缓解胃炎症状。对于晕厥症的治疗，可以根据具体情况选择药物治疗或手术治疗。建议你及时就医，以便得到更好的治疗效果。祝你早日康复！,2
2,3,13,human,晕厥症有什么特征吗？这是导致我两次晕倒的病因吗？,53
2,3,13,model,晕厥症的特征是指在晕倒之前出现头晕、眩晕、乏力等症状，晕倒时通常失去意识，持续时间较短，通常不超过1分钟。根据你的症状，晕厥可能是导致你两次晕倒的病因之一。晕厥的原因可能是由于血压下降或心脏问题引起的，但也可能是由于其他因素，如贫血、药物反应等引起的。因此，建议你进行更全面的身体检查，以确定病因。在治疗方面，根据具体情况可以选择药物治疗或手术治疗。同时，你也需要注意饮食和生活习惯，避免过度劳累和过度饮酒等不良习惯。祝你早日康复！,2
2,3,13,human,我需要怎么治疗呢？需要做哪些检查？短时间内可以治好吗？我的时间很紧张,84
2,3,13,model,根据你的症状和病史，建议你进行更全面的身体检查，包括血压、血糖、心脏等方面的检查，以确定病因。同时，你也需要注意饮食和生活习惯，避免过度劳累和过度饮酒等不良习惯。对于晕厥症的治疗，可以根据具体情况选择药物治疗或手术治疗。药物治疗包括使用β受体阻滞剂、钙通道阻滞剂等药物来控制症状。手术治疗包括植入心脏起搏器或调整心脏手术等。具体治疗方案需要根据你的具体情况来确定，建议你及时就医，以便得到更好的治疗效果。至于短时间内能否治愈，这取决于病因和治疗效果。如果是由于血压下降或心脏问题引起的晕厥，及时治疗通常可以很好地控制症状。如果是由于其他因素引起的晕厥，治疗可能需要更长时间。总之，及早就医并按照医生的治疗建议进行治疗，可以更好地控制症状，提高生活质量。祝你早日康复！,4
2,3,13,human,心脏起搏器那么夸张？有那么严重吗？,43
2,3,13,model,心脏起搏器是一种常见的治疗晕厥症的设备，它可以通过电信号来控制心脏的收缩和跳动。一般来说，心脏起搏器适用于那些因为心脏问题导致的晕厥患者。如果你的晕厥是由于心脏问题引起的，医生可能会建议你安装心脏起搏器来维持心脏功能。心脏起搏器可以帮助控制心率和血压，从而减少晕厥的发生。但是，并不是所有晕厥患者都需要安装心脏起搏器，这需要根据具体情况来决定。如果你的晕厥症状不是很严重，也没有其他严重的并发症，医生可能会选择其他治疗方法，如药物治疗或手术治疗。因此，不能简单地说心脏起搏器就是治疗晕厥症的唯一方法。建议你及时就医，以便得到专业的诊断和治疗建议。祝你早日康复！,3
2,3,13,human,我平时工作压力特别大，家里还有两个孩子呢，要做那么大的手术我没有想到，目前最基础的治疗单打是什么？,81
2,3,13,model,您好，根据您的描述，您平时工作压力大，家里还有两个孩子需要照顾，这确实是一种很大的负担。针对您的情况，目前最基础的治疗单打是改善生活方式，包括注意休息，劳逸结合，合理安排工作，尽量做到工作生活平衡，避免过度劳累。此外，您的慢性胃炎也可能是一个原因，建议您在饮食上注意避免过饱和过度饮酒，同时可以考虑服用一些抗酸药物来缓解胃炎症状。如果您的晕厥症状不是很严重，也没有其他严重的并发症，医生可能会选择其他治疗方法，如药物治疗或手术治疗。但是，如果您的症状严重，建议您及时就医，以便得到更好的治疗效果。最后，如果您有任何疑问或需要进一步的帮助，请随时与医生联系。祝您早日康复！,4
2,3,13,human,意思胃炎也是可能导致我晕倒的原因吗,38
2,3,13,model,是的，慢性胃炎可能会导致晕厥。慢性胃炎是指胃黏膜长期受到炎症刺激，引起胃黏膜损伤和功能障碍的疾病。胃炎的症状包括上腹疼痛、饱胀、恶心、呕吐、食欲不振等，严重时还可能导致呕血、黑便等。当患者因体力劳动、情绪激动、饮食过饱、饮酒或吸烟等原因诱发时，可出现心慌、出冷汗、头晕、甚至昏厥等症状。这些因素都可能导致血压下降或心脏供血不足，从而引起晕厥。因此，如果您有慢性胃炎的症状，建议您及时就医，接受治疗。同时，您也可以在饮食上注意避免过饱和过度饮酒，以减轻症状。希望您早日康复！,3
2,3,13,human,我晕倒前后也没有恶心呕吐的症状,17
2,3,13,model,您好，根据您的描述，您晕倒前后并没有恶心呕吐的症状，那么晕倒可能是由其他原因引起的。晕厥是一种短暂的意识丧失，通常由于大脑血流不足或血压突然下降引起。除了慢性胃炎，还有一些其他可能导致晕厥的疾病，如心脏病、低血糖、贫血等。因此，建议您进行更全面的身体检查，包括血压、血糖、心脏等方面的检查，以确定病因。如果是慢性胃炎导致的贫血，可以通过饮食调整和药物治疗来缓解症状。如果是其他疾病引起的晕厥，医生会根据具体情况制定相应的治疗方案。同时，您也需要注意饮食和生活习惯，避免过度劳累和过度饮酒等不良习惯。希望您早日康复！,3
2,3,13,human,总的来说，您觉得导致我晕倒最可能的病因是什么？需要怎么治疗,42
2,3,13,model,根据您的症状和病史，导致您晕倒的最可能病因是慢性胃炎。慢性胃炎是指胃黏膜长期受到炎症刺激，引起胃黏膜损伤和功能障碍的疾病。您之前也提到了晕倒前没有恶心呕吐的症状，这进一步支持了慢性胃炎的可能性。建议您及时就医，接受胃镜检查和其他相关检查，以明确诊断。治疗方面，针对慢性胃炎，可以通过饮食调整和药物治疗来缓解症状。建议您避免辛辣、油腻、刺激性食物，多吃易消化、富含蛋白质和维生素的食物，如鸡蛋、瘦肉、鱼类、蔬菜和水果等。此外，还可以服用一些抗酸药物来缓解胃炎症状。具体的治疗方案需要根据您的具体情况来制定，建议您及时就医，以便得到更好的治疗效果。祝您早日康复！,4
2,3,13,human,之前有人说可能是癫痫病，您觉得呢？,31
2,3,13,model,癫痫病也是可能导致晕厥的一种原因，但是根据您的病史和症状，癫痫病的可能性较低。癫痫病是一种脑部神经元异常放电引起的慢性疾病，其典型症状包括突然出现的意识丧失、肢体抽搐、口吐白沫等。与您所描述的晕厥症状相比，癫痫病的症状更为严重，且持续时间较短。尽管如此，为了明确诊断，建议您进行进一步的检查，如脑电图和神经影像学检查等。如果检查结果显示您患有癫痫病，医生会根据具体情况制定相应的治疗方案，包括药物治疗和手术治疗等。如果不是癫痫病，医生会进一步评估您的病情，并制定相应的治疗计划。希望您早日康复！,3
2,3,13,human,好的谢谢,15
2,3,13,model,不客气，希望您早日康复。如果您有任何疑问或需要进一步的帮助，请随时与医生联系。同时，建议您注意饮食和生活习惯，避免过度劳累和过度饮酒等不良习惯，以预防晕厥的发生。祝您健康！,1
