﻿2,1,16,human,您好，我这次来看病，主要是因为我最近已经两次晕倒了。一次实在办公室开会的时候，我晕倒之前就有预感，感觉自己两眼发黑，头晕烟花，晕倒之后，我同事说我到通风处被另一个同事掐了人中，马上就醒了，我自己没感觉。还有一次是地铁上，眼前发黑半分钟，但是还是自己知道的，找地方坐下慢慢就好了。,6
2,1,16,model,"您好,根据您的描述,您可能患有晕厥。晕厥是由于各种原因引起的短暂意识丧失,常见原因包括低血压、低血糖、缺氧、贫血等。建议您尽快就医,进行相关检查,以明确病因。同时,您也可以注意一些日常生活习惯,如避免突然站起、避免过度疲劳、保持充足的睡眠等。祝您早日康复!",-3
2,1,16,human,我晚上睡不着偶尔会吃思诺思这个药，不知道会不会上瘾，我吃的次数不多,3
2,1,16,model,"您好,思诺思是一种抗抑郁药物,用于治疗抑郁症和焦虑症等精神障碍。一般来说,长期服用思诺思并不会出现成瘾的情况,但是需要在医生的指导下使用,并且需要定期进行体检和检查,以确保药物不会对身体产生负面影响。同时,您还需要注意饮食、锻炼和睡眠等方面,以保持身体健康。如果您有任何疑问或需要进一步的帮助,请及时咨询医生。",-3
2,1,16,human,可以换一个依赖性弱的药物给我助眠吗,4
2,1,16,model,"您好,不建议您随意更换药物,因为不同的药物有不同的作用机制和副作用,需要根据自己的情况选择适合的药物治疗方案。同时,长期使用药物可能会产生耐药性,影响药物的疗效。建议您在咨询医生后,根据医生的建议选择适合您的药物方案。此外,注意保持良好的生活习惯和饮食习惯,有助于维持身体健康。祝您早日康复!",-3
2,1,16,human,我感觉自己得了心身疾病，我每天压力都好大。上有老下有小，工作经常不顺利。我怎么才能调整好自己的生活压力呢？,3
2,1,16,model,"您好,对于心身疾病,需要综合治疗,包括药物治疗、心理治疗、饮食调整等。建议您在医生的指导下,根据病情选择合适的治疗方案。同时,您可以通过一些自我调节的方法来缓解压力和焦虑,如:

1. 合理饮食:保证营养均衡,少吃辛辣刺激性食物和油腻食品,多吃蔬菜、水果、粗粮等健康食品。

2. 适当运动:适当的运动可以缓解压力,增强身体素质。

3. 心理调节:学会放松自己,避免过度紧张和焦虑,可以通过冥想、瑜伽等方式来放松身心。

4. 寻求支持:与家人、朋友、同事沟通,寻求他们的支持和理解。

5. 坚持规律生活:保持规律的生活作息,避免熬夜、过度劳累等,有助于提高身体免疫力,减少疾病的发生。

希望以上建议对您有所帮助,祝您早日康复!",0
2,1,16,human,我最近可能情绪波动有点大，大城市工作，小孩要自己带，现在33岁，压力很大，晚上经常睡不着，白天也没有精神。,5
2,1,16,model,"您好,如果您的情绪波动较大,建议您寻求专业的心理咨询或治疗。心理咨询师可以帮助您更好地了解自己的情绪和心理健康,帮助您处理负面情绪,提高心理健康水平。同时,您也可以尝试一些自我调节的方法,如多参加一些有益的活动,如运动、瑜伽、冥想等,以帮助缓解压力和焦虑。另外,您还可以尝试一些放松的活动,如听音乐、泡澡、散步等,以帮助您放松身心,缓解压力和焦虑。祝您早日康复!",-2
2,1,16,human,我经常胃胀气，存在有慢性胃炎的情况，我需不需要吃药或者定期查查胃镜？我有点贫血，最近查出来血常规血红蛋白低，才9.0g/L。我不知道是什么疾病让我贫血,3
2,1,16,model,"您好,对于胃胀气和慢性胃炎,建议您到医院进行进一步检查和治疗,以确定病因。同时,建议您调整饮食结构,避免辛辣、油腻、刺激性食物,多吃蔬菜、水果、粗粮等健康食品,保持良好的饮食习惯。同时,建议您定期进行胃镜检查,以明确病因。

关于贫血,建议您定期去医院进行检查,以确定病因,并进行相应的治疗。同时,您也可以采取一些自我调理的方法,如多参加一些有益于身心健康的活动,如运动、瑜伽、冥想等,以帮助身体恢复。

最后,建议您保持积极乐观的心态,保持健康的生活方式,有助于您的身体健康。祝您早日康复!",-1
2,1,16,human,谢谢,4
2,1,16,model,"您好,很高兴听到您的情况有所改善。建议您定期到医院进行检查,以确定病因并进行治疗。同时,您也可以采取一些自我调节的方法,如多参加一些有益于身心健康的活动,如运动、瑜伽、冥想等,以帮助缓解压力和焦虑。此外,您也可以采取一些自我调理的方法,如多参加一些有益于身心健康的活动,如运动、瑜伽、冥想等,以帮助身体恢复。祝您早日康复!",-2
