﻿5,1,39,human,您好，我是患儿的母亲。我儿子今年6岁了。前一个月经常晕倒。有一次玩着的时候，还有一次低头那东西，第三次是站了很久的时候，他说突然就头晕，然后我们看他面色苍白。但是让他在床上躺一会儿就会好多了，一般1-2分钟就会自己醒来。但是接下来几天还是没有精神。第三次晕倒的时候还抽了，我们立马叫了120送到医院，诊断出来时血管迷走晕厥。医生是让我们植入起搏器。但我们还是不太放心，所以打算来问一下GPT，科普一下起搏器,9
5,1,39,model,"您好,根据您提供的情况,您儿子的症状可能与血管迷走晕厥有关。起搏器是一种植入体内的医疗设备,它可以通过电刺激来调节心脏节律,从而改善心脏功能。起搏器是一种微创手术,通常可以在几秒钟内完成手术,术后恢复较快。

关于GPT,它是由肝脏产生的。当肝脏受损时,肝功能指标会升高。当肝脏受损时,肝脏功能会下降,导致肝功能异常。因此,如果您的儿子的GPT升高,可能是因为肝脏受损或肝功能异常引起的。

建议您咨询专业的医生,了解您儿子的具体情况,并根据医生的建议进行治疗。同时,注意饮食健康,避免过度劳累和情绪激动,保持良好的生活习惯,有助于改善肝脏功能。",-1
5,1,39,human,我们儿子这个血管迷走性晕厥，装了起搏器就能一劳永逸吗？以后还会不会晕倒？,13
5,1,39,model,"起搏器是一种微创手术,通过电刺激来调节心脏节律,从而改善心脏功能。起搏器是一种微创手术,通常可以在几秒钟内完成手术,术后恢复较快。

起搏器是一种治疗血管迷走性晕厥的方法,可以有效地控制心脏节律,提高心脏功能,从而避免再次晕倒。但是,起搏器并不是一劳永逸的治疗方法,需要长期维持治疗,以确保心脏功能正常。

至于以后是否会晕倒,这取决于多种因素,如生活方式、饮食习惯、药物使用等。建议您儿子在日常生活中注意保持健康的生活方式,如饮食健康、适量运动、避免过度劳累和情绪激动等,以减少晕倒的风险。同时,定期进行体检和检查,及时发现和治疗潜在的健康问题,也是非常重要的。",-1
5,1,39,human,这个装起搏器会不会有很大的风险？有哪些风险？,20
5,1,39,model,"起搏器是一种微创手术,通常可以在几秒钟内完成手术,术后恢复较快。但是,起搏器也存在一定的风险,如感染、出血、血栓等。因此,建议您咨询专业的医生,了解起搏器的具体情况和风险,并听从医生的建议进行治疗。同时,定期进行体检和检查,及时发现和治疗潜在的健康问题,也是非常重要的。",-3
5,1,39,human,装了起搏器之后要注意些什么呢？我们儿子还能正常上体育课吗？能参加剧烈运动吗，比如篮球、足球、跑步？能坐飞机吗？这个起搏器是金属材质吗？以后能够做MRI这种检查吗？,9
5,1,39,model,"装了起搏器之后,需要注意以下几点:

1. 定期复查:安装起搏器后需要定期复查,以确保起搏器正常工作,防止起搏器失效或出现其他问题。

2. 避免剧烈运动:在安装起搏器后,需要避免剧烈运动,以免影响起搏器的正常工作。

3. 避免突然站起或突然坐起:避免突然站起或突然坐起,以免引起起搏器失效。

4. 注意血压:安装起搏器后需要注意休息,避免突然站起或突然坐起,以免引起低血压。

5. 避免使用抗凝药物:安装起搏器后需要避免使用抗凝药物,以免影响起搏器正常工作。

6. 避免感染:安装起搏器后需要注意预防感染,避免在伤口处出现感染。

7. 避免剧烈运动:安装起搏器后需要避免剧烈运动,以免引起起搏器失效。

起搏器是一种金属材质,目前没有MRI检查,因此需要谨慎使用MRI检查。建议您咨询专业的医生,了解具体情况。",1
5,1,39,human,这个起搏器装了需要更换吗？我儿子以后长大了会不会起搏器电池坏了又要重新来医院做手术呢？,18
5,1,39,model,"安装起搏器后需要定期复查,以确保起搏器正常工作,防止起搏器失效或出现其他问题。同时,如果您的儿子出现任何不适或症状,应及时就医,以免延误治疗。 
关于起搏器电池的问题,如果起搏器电池坏了,需要重新安装,但是更换起搏器需要咨询专业的医生,根据具体情况进行诊断和治疗。建议您咨询专业的医生,了解具体情况。",-2
5,1,39,human,我儿子之前有癫痫病，而且血压也低，大概现在维持在80/40 mmhg，血红蛋白也低。身体很虚弱，我感觉可能是因为他是早产儿，我当时怀孕的时候血糖控制的不好，还有低蛋白血症导致的。我怕基因出了什么问题，我们需要去大医院查一下基因吗？,11
5,1,39,model,"您好,感谢您的咨询。根据您的描述,您儿子的情况可能与多种因素有关,包括生活方式、饮食习惯、遗传因素等。建议您咨询专业的医生,了解您儿子的具体情况,并根据医生的建议进行治疗和预防。同时,注意饮食健康,适量运动,避免过度劳累和情绪激动,保持良好的生活习惯,有助于改善肝脏功能。如果您有任何疑问或需要进一步的帮助,可以随时咨询专业的医生。",-3
5,1,39,human,我儿子现在身体虚弱，有什么生活饮食上的支持可以给到他,15
5,1,39,model,"您好,关于您儿子的健康,建议您咨询专业的医生,了解具体情况,并根据医生的建议进行治疗和预防。同时,建议您儿子注意饮食健康,适量运动,避免过度劳累和情绪激动,保持良好的生活习惯,有助于改善肝脏功能。如果您有任何疑问或需要进一步的帮助,可以随时咨询专业的医生。",-3
