﻿1,3,8,human,您好，我想咨询一下您，我最近常常头晕，耳朵里面像有东西在叫。前几周还走着走着楼梯摔倒了两次，站都站不稳，幸好老伴扶着。心脏也不舒服，感觉干活、爬楼梯都会胸闷气短，心跳加快，喘不上气，使不上劲，躺着了又会好一点。您帮我分析分析我的毛病。,17
1,3,8,model,"您好，根据您描述的症状，您可能存在多种问题，包括心脏病和内耳问题。我先给您做个初步的了解。

首先，您提到您最近常常头晕，耳朵里面像有东西在叫。这可能是由于内耳问题引起的，内耳负责维持身体的平衡和定位，如果出现问题，会导致头晕和不稳定感。另外，您也提到了摔倒的情况，这可能与您的平衡和稳定性有关，需要进一步检查。

其次，您提到心脏不舒服，胸闷气短，心跳加快，喘不上气，使不上劲。这些症状可能是心脏病引起的，心脏病是指心脏无法有效泵血，导致心脏供血不足和缺氧。常见的心脏病症状包括胸闷、呼吸困难、心悸等。您提到的症状与心脏病的症状相符，需要进一步检查和评估。

最后，您提到心脏不舒服，您是否有过高血压、高血脂、糖尿病等心血管疾病的危险因素？如果没有，建议您进行相关检查，如心电图、心脏彩超等，以排除其他心脏疾病的可能性。

总之，您出现头晕、耳朵不适、摔倒、心脏不舒服等症状，可能存在内耳问题和心脏病问题。建议您尽快到医院就诊，进行详细的检查和评估，以便明确病因并制定相应的治疗方案。同时，注意休息，避免剧烈运动或长时间站立，保持良好的生活习惯和饮食习惯，有助于改善症状和预防疾病的发生。如果还有其他问题，可以随时向我咨询。祝您早日恢复健康！",1
1,3,8,human,这么多疾病里面，请您告诉我最重要最需要关注的是哪个疾病,17
1,3,8,model,"根据您目前的症状，最重要最需要关注的疾病是内耳问题。内耳问题可能导致头晕、耳朵不适，如果不及时治疗，可能会影响您的日常生活和身体健康。因此，我建议您尽快到医院进行内耳方面的检查和评估，以便明确病因并制定相应的治疗方案。

另外，您也提到了心脏不舒服和摔倒的情况。心脏问题可能是导致您症状的原因之一，因此，您也需要进行心脏方面的检查和评估。我建议您进行心电图、心脏彩超等相关检查，以便明确心脏状况，并根据检查结果制定相应的治疗方案。

此外，您还需要注意休息，避免剧烈运动或长时间站立，保持良好的生活习惯和饮食习惯，有助于改善症状和预防疾病的发生。

最后，我还是建议您尽快到医院就诊，进行详细的检查和评估，以便明确病因并制定相应的治疗方案。如果您还有其他问题，可以随时向我咨询。祝您早日恢复健康！",-1
1,3,8,human,您说我最近的头晕胸闷心悸，会不会是新冠后遗症？我新冠刚刚转阴。但是家里人又说是我基础疾病，我有左心衰、永久性房颤、高血压、高血脂，人老了，82岁了！不中用了！,21
1,3,8,model,"您好，根据您提供的症状，不能确定是否是新冠后遗症。新冠后遗症通常表现为疲劳、肌肉或关节疼痛、呼吸困难、咳嗽、头痛、恶心、呕吐等症状，需要进一步进行检查和评估才能确定。

您提到有左心衰、永久性房颤、高血压、高血脂等基础疾病，这些都是老年人常见的疾病，容易引起心脏、血管等方面的问题，可能导致头晕、胸闷、心悸等症状。此外，年龄较大的老年人身体机能下降，对药物的代谢和吸收能力也会减弱，可能会影响药物的疗效和副作用。

建议您尽快到医院就诊，进行详细的身体检查和评估，包括心电图、心脏彩超等相关检查，以便明确病因并制定相应的治疗方案。同时，注意休息，避免剧烈运动或长时间站立，保持良好的生活习惯和饮食习惯，有助于改善症状和预防疾病的发生。

最后，我还是建议您与您的主治医生进行进一步的沟通和咨询，以便得到更准确的诊断和治疗建议。祝您早日康复！如果您还有其他问题，可以随时向我咨询。",0
1,3,8,human,好吧！我想您还需要健全知识储备！我还想让您给我分析一下我以前的毛病。我以前有过脑梗，10年前了，好像是脑卒中之类的毛病，突然就左腿动不了了，讲不了话，老伴吓死了，但是住院治好了。后来我高血压控制的很好，一直吃”卡托普利“。我有高血脂，一直服用他汀药，最近吃药实在太多了，没有再吃了。心脏肺脏也不好，心脏有左心衰，肺有结节虽然15年前切掉了。我是个老烟腔了，戒不掉啊，50年了！我以后要注意什么？哪些病要复诊？,18
1,3,8,model,"您好，根据您的描述，您曾经有过脑梗、左腿动不了、讲不了话的情况，这些症状可能与脑血管疾病有关。您的高血压和高血脂也需要注意，您一直服用卡托普利和他汀类药物，这些药物可以帮助控制血压和血脂，预防心血管疾病的发生。

另外，您已经戒烟50年了，这是一个非常好的习惯，但是戒烟并不容易，建议您在医生的指导下逐渐减少吸烟量，以提高戒烟的成功率。

您提到心脏有左心衰，肺有结节，这些都需要定期复诊，以便及时发现并处理相关的问题。建议您每年进行一次全面的身体检查，包括心电图、心脏彩超等相关检查，以便及时发现和处理任何潜在的问题。

最后，建议您保持积极乐观的心态，合理饮食，适量运动，保持良好的生活习惯，有助于预防疾病的发生和保持健康。如果您有任何疑问或需要进一步的帮助，请随时与医生联系。祝您健康！",0
1,3,8,human,我想我的心脑血管疾病比较严重，但我家境一般，人老了不想靠子女养着，他们也不太关注我的健康。所以我不想做CT MRI太贵了，或者说有什么便宜一点的检查可以看看我的心脑血管状态吗？,11
1,3,8,model,"根据您的描述，您想了解心脑血管疾病的状况，但是由于家境一般和子女不太关注您的健康，您担心CT和MRI的费用过高。我理解您的情况，但是检查是非常重要的，可以帮助医生了解您的病情和制定合适的治疗方案。

在您的经济条件有限的背景下，我建议您首先进行一些常见的检查，例如心电图和血液检查。心电图可以评估心脏的电活动，帮助医生判断是否存在心脏问题。血液检查可以检查一些重要的指标，例如血脂、血糖、血压等，这些指标可以反映您的心脑血管健康情况。

此外，您还可以进行一些较便宜的非侵入性检查，例如颈动脉超声和颅脑超声。颈动脉超声可以评估颈动脉的狭窄程度和血流情况，颅脑超声可以检查颅脑的血管状况。这些检查可以帮助医生了解您的心脑血管状况，并制定相应的治疗方案。

最后，我建议您在选择医院和医生时要选择正规的医疗机构，确保检查结果的准确性和可靠性。同时，与医生进行充分的沟通，了解检查的目的和注意事项，以便做出明智的决策。

总之，我建议您在保证检查质量和安全的前提下，根据自己的经济状况选择合适的检查方式，并及时与医生沟通，制定个性化的治疗方案。祝您健康！如果您还有其他问题，可以随时向我咨询。",1
1,3,8,human,请您推荐我几家上海心脑血管科出名的医院,5
1,3,8,model,"您好，作为上海心脑血管科有名的医院，我可以为您推荐几家。首先，上海交通大学医学院附属瑞金医院心内科是一家综合性医院，拥有先进的医疗设备和专业的医疗团队，可以为您提供全面的医疗服务。其次，上海市第一人民医院心内科是一家综合性医院，拥有先进的医疗设备和专业的医疗团队，可以为您提供专业的医疗服务。最后，上海市中山医院心内科是一家综合性医院，拥有先进的医疗设备和专业的医疗团队，可以为您提供专业的医疗服务。

此外，我还建议您在选择医院时，考虑医院的专科水平、医生的经验和口碑等因素，以便得到更好的治疗效果。如果您需要进一步了解这些医院的信息或预约挂号，可以咨询医院的客服部门或预约挂号平台。

最后，我建议您保持积极乐观的心态，合理饮食，适量运动，保持良好的生活习惯，有助于预防心脑血管疾病的发生和保持健康。如果您还有其他问题，可以随时向我咨询。祝您健康！",0
1,3,8,human,我想了解一下戒烟的方法？我现在戒烟还来得及吗,18
1,3,8,model,"您好，戒烟是非常重要的，因为吸烟对身体有很多危害。如果您还来得及，我建议您尽早戒烟。首先，您可以考虑使用戒烟药物，这些药物可以帮助减轻戒烟时的症状，并降低复吸的风险。其次，您可以寻求医生或专业人士的指导，他们可以为您提供更具体的戒烟建议和帮助。此外，您可以寻找戒烟社区或参加戒烟班，这样可以获得更多的支持和帮助。最后，您可以制定一个戒烟计划，其中包括戒烟日期、戒烟方法、戒烟奖励等，这样可以帮助您更好地戒烟。

需要注意的是，戒烟是一个长期的过程，可能需要您付出一些努力和牺牲。但是，戒烟可以帮助您减少患心脑血管疾病的风险，提高生活质量，所以请不要放弃。如果您有任何疑问或需要进一步的帮助，请随时与医生联系。祝您健康！",0
1,3,8,human,社会对于高龄老人的医疗问题重视度我觉得不够。我想找家庭医生，全科医生，但是我的医保卡大病保险都用完了,46
1,3,8,model,"非常理解您对家庭医生、全科医生的关注和需求。老年人的身体状况较为复杂，需要全科医生进行全面的治疗和护理。但是，医保卡大病保险用完的情况下，建议您先去当地的社区医院或者综合医院咨询一下，看看是否可以报销一部分费用。

另外，如果您有其他的就医选择，比如社区卫生服务中心、村卫生室等，也可以考虑一下。这些医疗机构一般都会提供基本的医疗服务和治疗，费用相对较低。但是，需要注意的是，这些医疗机构提供的服务可能与大型医院有所差异，具体选择还需根据您的具体情况来决定。

最后，如果您还有其他的疑问或者需要更详细的帮助，可以随时向医生或者相关部门咨询，他们会给您提供更专业的建议和帮助。祝您早日康复！",-1
1,3,8,human,谢谢,8
1,3,8,model,"您好，针对您的问题，我建议您在选择家庭医生、全科医生时，可以考虑以下几点。首先，选择有丰富临床经验的医生，这样可以保证您得到更好的治疗和护理。其次，选择有良好口碑和信誉的医生，这样可以减少您在就医过程中的困扰和风险。另外，选择有相关专业背景和证书的医生，这样可以保证您得到正确的诊断和治疗。最后，选择与您家庭环境、生活习惯相近的医生，这样可以更好地适应您的生活需求和习惯。

此外，我还建议您在就医过程中，尽量提供详细的病情描述和病史，以便医生更好地了解您的病情和制定合适的治疗方案。同时，遵循医生的嘱咐，按时复诊和检查，以便及时发现和处理病情的变化。

最后，我想提醒您，老年人的身体状况较为复杂，需要全科医生进行全面的治疗和护理。但是，如果您的医保卡大病保险用完，建议您及时与医生或相关部门沟通，看看是否可以采取其他就医方式或寻找其他医疗资源，以便减少就医费用的压力。

希望我的回答能够对您有所帮助，如果您还有其他问题或需要进一步的帮助，请随时向我咨询。祝您健康！",1
