﻿1,3,4,human,您好，我想咨询一下您，我最近常常头晕，耳朵里面像有东西在叫。前几周还走着走着楼梯摔倒了两次，站都站不稳，幸好老伴扶着。心脏也不舒服，感觉干活、爬楼梯都会胸闷气短，心跳加快，喘不上气，使不上劲，躺着了又会好一点。您帮我分析分析我的毛病。,9
1,3,4,model,"您好，根据您描述的症状，您可能存在多种身体不适的情况。首先，您之前提到的头晕和耳朵里面像有东西在叫的感觉，这可能与耳朵内部的问题有关，建议您去耳鼻喉科进行检查。

另外，您摔倒两次并且站立不稳，这可能与您的平衡和协调能力有关，建议您去神经内科进行检查。您还提到心脏不舒服，胸闷气短，心跳加快，喘不上气，使不上劲，这些症状可能与心血管系统有关，建议您去心内科进行详细检查。

在检查之前，建议您注意休息，避免剧烈运动，保持心情愉快，避免过度劳累。如果症状加重或出现其他不适，建议您及时就医。

最后，根据您的症状，我建议您尽快前往医院进行全面检查，以便明确诊断并采取相应的治疗措施。祝您早日恢复健康！",-1
1,3,4,human,您说我最近的头晕胸闷心悸，会不会是新冠后遗症？我新冠刚刚转阴。但是家里人又说是我基础疾病，我有左心衰、永久性房颤、高血压、高血脂，人老了，82岁了！不中用了！,22
1,3,4,model,"根据您的症状和病史，您的头晕、胸闷、心悸等症状不一定是由新冠后遗症引起的。考虑到您的多种基础疾病和年龄，这些症状可能与您已有的心脏问题有关。左心衰、永久性房颤和高血压等病症都会对心脏功能造成影响，导致心脏供血不足，从而引发胸闷、心悸等症状。此外，您的高血脂情况也可能加重了心脏的负担。

考虑到您的年龄和病情，建议您尽快就诊，进行全面的心脏检查，如心电图、心脏超声等。这些检查可以帮助医生评估您的心脏功能情况，并确定是否需要进一步的治疗。

此外，对于您的高龄患者，除了就医治疗外，还需要注意日常生活中的一些细节。例如，保持充足的休息，避免过度劳累和剧烈运动；合理饮食，避免高脂、高盐、高糖食物的摄入；定期监测血压和血脂水平，及时调整药物治疗等。

总之，考虑到您的多种基础疾病和年龄，建议您尽快就医，进行全面的心脏检查，并根据医生的建议进行治疗和管理。祝您早日康复！",0
1,3,4,human,这么多疾病里面，请您告诉我最重要最需要关注的是哪个疾病,23
1,3,4,model,"尊敬的患者，对于您目前的病情，最重要的疾病是左心衰、永久性房颤和高血压，这些疾病都会对心脏功能造成影响，导致心脏供血不足，从而引发胸闷、心悸等症状。因此，对于您来说，及时治疗和调整药物治疗非常重要。

除此之外，您还有其他疾病，如老年人常见的高血压、高血脂等，也需要关注和治疗。建议您根据医生的建议，进行全面的心脏检查，以便明确诊断并采取相应的治疗措施。同时，注意日常生活中的一些细节，如保持充足的休息，合理饮食，定期监测血压和血脂水平，及时调整药物治疗等。

最后，希望您能够保持良好的心情，积极配合医生的治疗，早日康复。如果您还有其他问题或疑虑，可以随时向我提问，我会尽力为您解答。祝您身体健康！",-1
1,3,4,human,您说的没错。我还想让您给我分析一下我以前的毛病。我以前有过脑梗，10年前了，好像是脑卒中之类的毛病，突然就左腿动不了了，讲不了话，老伴吓死了，但是住院治好了。后来我高血压控制的很好，一直吃”卡托普利“。我有高血脂，一直服用他汀药，最近吃药实在太多了，没有再吃了。心脏肺脏也不好，心脏有左心衰，肺有结节虽然15年前切掉了。我是个老烟腔了，戒不掉啊，50年了！我以后要注意什么？哪些病要复诊？,33
1,3,4,model,"您好，根据您的描述，您曾经有过脑梗和脑卒中等毛病，但是经过治疗已经得到了缓解。您的高血压和高血脂也需要长期的治疗和管理，您一直服用卡托普利和他汀类药物，这是比较常用的治疗高血压和高血脂的药物。但是，药物的剂量和使用时间需要根据具体情况来确定，建议您在医生的指导下继续使用药物。

另外，您有50年的吸烟史，这是非常危险的，吸烟会增加心血管疾病的风险。建议您尽量戒烟，可以尝试使用尼古丁替代疗法或其他戒烟方法，如药物治疗等。同时，建议您定期进行体检，包括心电图、心脏超声等检查，以便及时发现和治疗心脏问题。

最后，建议您定期复诊，以便及时调整治疗方案和药物剂量。如果您有任何疑问或不适，可以随时向医生咨询。祝您身体健康！",-1
1,3,4,human,我想我的心脑血管疾病比较严重，但我家境一般，人老了不想靠子女养着，他们也不太关注我的健康。所以我不想做CT MRI太贵了，或者说有什么便宜一点的检查可以看看我的心脑血管状态吗？,21
1,3,4,model,"根据您提供的病情，您的心脑血管疾病比较严重，但是您担心CT和MRI等检查费用较高。我可以理解您的担忧。除了这些检查方法，还有一些其他方法可以了解您的心脑血管状况。

首先，您可以定期进行血压、血脂和血糖的检测，这些指标是评估心脑血管疾病的重要指标。您可以定期测量血压、血脂和血糖的水平，并将这些数据记录下来，以便及时调整治疗方案和药物剂量。

其次，您可以进行一些简单的检查来了解您的心脑血管状况。例如，您可以进行心电图检查，这是一种无创的检查方法，可以记录您的心脏电活动情况。此外，您还可以进行血流速度检查，这是一种无创的检查方法，可以评估您的心脑血管状况。

另外，建议您定期进行体检，包括血压、血脂、血糖等指标的检测，以便及时发现和治疗心脑血管疾病。同时，您可以咨询医生关于中医调理的建议，中医在治疗心脑血管疾病方面有一定的优势，可以帮助您缓解症状，改善心脑血管疾病的状况。

最后，如果您家境一般，可以考虑寻求一些公益性的帮助和支持，例如寻找一些社区卫生服务中心或者慈善机构，他们可能会提供一些经济实惠的检查和治疗方案。

总之，如果您担心CT和MRI的费用，可以考虑其他一些简单而有效的检查方法，如心电图和血流速度检查。同时，建议您定期进行体检，并咨询医生关于中医调理的建议。祝您早日康复！",1
1,3,4,human,我想请问一下，血压血糖怎么控制得才算好？家里可以监测吗？我可以自己买监测仪吗？贵不贵？,46
1,3,4,model,"血压和血糖的控制是非常重要的，可以有效预防心脑血管疾病。一般来说，血压应该控制在130/80 mmHg以下，血糖应该控制在7.0mmol/L以下。但是具体的控制标准还需要根据您的具体情况来确定，建议您咨询医生以获取个性化的建议。

家庭血压和血糖监测可以帮助您更好地了解自己的血压和血糖水平，并及时调整治疗方案。您可以在家中购买血压计和血糖仪进行监测，但是建议您在医生的指导下选择适合自己的监测仪器和频率。通常，血压和血糖监测的频率应该高一些，可以每天监测。

关于监测仪器的价格，不同品牌和型号的价格会有所差异，您可以咨询药店或者医院等渠道了解具体价格。一般来说，市售的血压计和血糖仪的价格在几十到几百元之间，具体价格还需要根据您购买的品牌和型号来确定。

最后，希望您能保持良好的心情，积极配合医生的治疗和管理，定期监测血压和血糖水平，并及时调整治疗方案。如果您还有其他问题，可以随时向我提问。祝您身体健康！",0
1,3,4,human,您给我推荐几个便宜靠谱的血压计、血糖仪名称,40
1,3,4,model,"您好，作为一款性价比非常高的血压计和血糖仪，九安医疗Fairtex-xtm和欧姆龙电子血压计HEM-8200都是非常不错的选择。它们都具有非常高的准确度和可靠性，非常适合家庭使用。

对于血压计，九安医疗Fairtex-xtm是一款智能监测仪，可以实现24小时连续监测，并且具有大屏幕液晶显示和语音提示功能，使用起来非常方便。欧姆龙电子血压计HEM-8200也是一款智能监测仪，具有多轮连续测量和记忆功能，可以帮助您更好地掌握自己的血压变化情况。

对于血糖仪，欧姆龙电子血糖仪GM-999也是一款非常受欢迎的选择。它具有非常高的准确度和可靠性，使用起来非常简单方便。同时，欧姆龙电子血糖仪GM-999还具有自动关机和报警提示功能，可以更好地保护您的健康。

希望这些信息对您有所帮助。如果您还有其他问题，可以随时向我提问。祝您身体健康！",0
1,3,4,human,请您推荐我几家上海心脑血管科出名的医院,5
1,3,4,model,"尊敬的患者，您好！上海有很多知名的心脑血管科医院，我可以为您推荐几家。首先，上海交通大学医学院附属瑞金医院心脑血管科是上海地区领先的专科，拥有国内一流的医疗设备和专业的医疗团队，可以为患者提供全面的心脑血管疾病诊断和治疗服务。其次，上海市胸科医院心脑血管科也是非常有名的专科，拥有丰富的临床经验和先进的治疗技术，可以为患者提供优质的心脑血管疾病诊疗服务。此外，上海市第一人民医院心脑血管科也是一家综合实力较强的医院，拥有先进的医疗设备和专业的医疗团队，可以为患者提供全面的心脑血管疾病诊疗服务。

当然，选择医院时除了考虑品牌和口碑外，还需要考虑医院的专科水平、医疗设备、医疗环境和服务质量等因素。如果您需要进一步了解这些医院的情况，可以咨询当地的医疗机构或者向医生咨询。希望我的回答能对您有所帮助，祝您身体健康！",0
1,3,4,human,谢谢,2
1,3,4,model,"您好，感谢您的回复。除了心脑血管疾病，骨关节疾病也是老年人常见的一种疾病。针对骨关节疾病，建议您采取以下措施：

1. 保持适当的体重，避免过度负荷关节。

2. 注意运动锻炼，适当进行一些有氧运动，如散步、游泳等，可以增强肌肉力量和关节灵活性。

3. 避免长时间保持同一姿势，尤其是坐着或站着的时候要适时休息和活动。

4. 合理安排饮食，注意摄入足够的钙、维生素D等营养物质，有助于骨骼健康。

5. 如果需要长时间站立或坐着工作，可以适当使用助行器或靠垫，减轻关节负担。

6. 如果症状加重或持续存在，建议及时就医，接受专业的诊断和治疗。

希望以上建议对您有所帮助。如果您还有其他问题，可以随时向我提问。祝您身体健康！",-1
