﻿2,2,9,human,您好，我这次来看病，主要是因为我最近已经两次晕倒了。一次实在办公室开会的时候，我晕倒之前就有预感，感觉自己两眼发黑，头晕烟花，晕倒之后，我同事说我到通风处被另一个同事掐了人中，马上就醒了，我自己没感觉。还有一次是地铁上，眼前发黑半分钟，但是还是自己知道的，找地方坐下慢慢就好了。,457
2,2,9,model,"您好，根据您的症状描述，您可能出现了晕厥的情况。晕厥是一种常见的症状，可能由多种原因引起，包括心脑血管疾病、神经系统疾病、药物不良反应等。

建议您进行全面的身体检查，包括血压、心率、心电图、脑电图、颈椎X线检查等，以确定晕厥的具体原因。同时，建议您避免突然起床、站立等动作，避免长时间站立或坐着，保持足够的休息和睡眠，避免过度疲劳和精神紧张。

如果晕厥情况频繁发生，建议您及时就医，进行进一步的治疗和管理。祝您早日康复！",-1
2,2,9,human,您说的没错，我最近可能情绪波动有点大，大城市工作，小孩要自己带，现在33岁，压力很大，晚上经常睡不着，白天也没有精神。,61
2,2,9,model,"您好，非常理解您的压力和焦虑。在工作和生活压力大的时候，情绪波动和失眠等问题都会影响身体健康，建议您采取积极的措施来缓解压力和焦虑。

首先，建议您规律作息，保证充足的睡眠时间，尽量避免熬夜。同时，可以适当进行一些身体锻炼，如散步、慢跑、瑜伽等，有助于缓解压力和焦虑。

其次，可以尝试一些放松技巧，如深呼吸、渐进性肌肉松弛、冥想等，有助于放松身心，缓解压力和焦虑。

最后，如果情况严重，建议您及时寻求专业心理医生的帮助，进行心理咨询和治疗。

希望我的建议能对您有所帮助，祝您早日恢复健康。",-1
2,2,9,human,我晚上睡不着偶尔会吃思诺思这个药，不知道会不会上瘾，我吃的次数不多,36
2,2,9,model,"思诺思(Zolpidem)是一种镇静安眠药，用于治疗失眠和焦虑等情绪问题。但是，它属于一种强效药物，使用不当可能会产生依赖性和副作用。

建议您不要长期滥用思诺思，应该根据医生的建议和处方使用。在使用思诺思之前，请仔细阅读说明书，并按照医生的建议正确使用。如果您已经上瘾，建议您及时就医，避免进一步的身体和心理问题。

同时，建议您采取一些健康的生活方式，如规律的作息时间、适当的运动、放松技巧等，这些措施有助于改善睡眠问题，缓解焦虑和压力。

希望我的回答能够帮到您，祝您早日恢复健康。",-1
2,2,9,human,好的，我经常胃胀气，存在有慢性胃炎的情况，我需不需要吃药或者定期查查胃镜？我有点贫血，最近查出来血常规血红蛋白低，才9.0g/L。我不知道是上面疾病让我贫血,100
2,2,9,model,"您好，对于胃胀气和慢性胃炎的情况，建议您在医生的指导下进行治疗。定期检查胃镜可以及早发现和治疗胃部疾病，建议您根据医生的建议进行检查。

至于贫血，您提到血红蛋白低，建议您进行进一步的检查，包括血液常规、铁代谢指标等。这些检查可以帮助医生确定贫血的原因，并进行针对性的治疗。

同时，建议您注意饮食，避免过度饮食、辛辣刺激性食物等，保持饮食清淡。适当进行运动和休息，有助于提高身体免疫力和血液循环，有助于缓解贫血的症状。

最后，建议您及时就医，听从医生的建议，进行规范的治疗和管理。祝您早日康复！",0
2,2,9,human,我现在很想知道为什么我经常两眼发黑，快要晕倒？是不是贫血引起的？好端端为什么贫血？是不是慢性胃炎的原因？怎么治疗呢？,72
2,2,9,model,"您好，经常出现两眼发黑、晕倒的情况可能与贫血有关。贫血是指血液中红细胞数量或质量不足，导致氧气供应不足，从而引起晕厥等症状。

贫血的原因可能很多，包括缺铁性贫血、营养不良性贫血、失血性贫血、慢性疾病性贫血等。其中，慢性胃炎可能导致胃肠道吸收不良，进而引起贫血。

建议您到医院进行全面的身体检查，包括血常规、肝功能、胃肠镜等，以确定贫血的原因。治疗贫血的方法包括补充铁剂、维生素B12和叶酸等营养素、改善饮食习惯等。

对于慢性胃炎的情况，建议您遵循医生的建议进行治疗，如抗生素、胃肠动力药、胃黏膜保护剂等。同时，调整饮食、避免过度饮食、戒烟戒酒、减轻压力等措施也有助于缓解症状。

最后，建议您及时就医，进行规范的治疗和管理，以避免病情进一步恶化。祝您早日康复！",1
2,2,9,human,贫血和慢性胃炎有什么关联吗？上面那么多病我应该挂哪个科？头晕晕倒、睡眠不好挂神经内科吗？精神科？还是消化内科？要转诊吗,68
2,2,9,model,"贫血和慢性胃炎确实有一定的关联，慢性胃炎可能导致胃肠道吸收不良，进而引起铁元素缺乏，从而导致贫血。因此，建议您就诊消化内科，由专业医生进行相关检查和治疗，如胃镜、血常规、铁代谢指标等。

对于头晕晕倒、睡眠不好等症状，建议您到神经内科就诊，由专业医生进行相关检查和治疗。

精神科不是直接治疗贫血和慢性胃炎等疾病的科室，但是有些精神疾病患者可能会出现贫血和慢性胃炎等身体不适症状，因此建议您就诊精神科，进行相关检查和评估，排除精神因素对身体的影响。

至于是否需要转诊，建议您到医院就诊后，根据医生的建议和病情来决定是否需要转诊。如果病情较为严重或复杂，可能需要进行进一步的检查和治疗，以便更好地控制病情。

希望我的回答能对您有所帮助，祝您早日康复！",0
2,2,9,human,我感觉自己得了心身疾病，我每天压力都好大。上有老下有小，工作经常不顺利。我怎么才能调整好自己的生活压力呢？,76
2,2,9,model,"您好，心身疾病是指由心理和生理因素共同作用而导致的一类疾病，包括焦虑症、抑郁症、失眠症等。您感到压力大，工作不顺利，可能导致心理压力过大，进而引起身体不适。

调整生活压力可以从以下几个方面入手：

1. 学会放松：适当的体育锻炼、瑜伽、冥想等可以帮助缓解压力，放松身心。

2. 合理规划时间：制定合理的计划和目标，避免过度工作和拖延。

3. 社交活动：与家人和朋友沟通交流，寻求帮助和支持。

4. 学会应对：学习应对压力的技巧，如积极思考、自我暗示等。

5. 寻求专业帮助：如心理治疗、药物治疗等。

另外，建议您在医生的指导下进行适当的身体检查，如血压、心电、脑电等，排除身体疾病对心理的影响。

最后，如果您的症状持续存在或加重，建议您及时就医，听从专业医生的建议进行治疗和管理。祝您早日康复！",1
2,2,9,human,好的，谢谢您,9
2,2,9,model,不客气，如果您还有其他问题，随时欢迎向我咨询。祝您身体健康，心情愉快！,-4
