﻿5,2,38,human,您好，我是患儿的母亲。我儿子今年6岁了。前一个月经常晕倒。有一次玩着的时候，还有一次低头那东西，第三次是站了很久的时候，他说突然就头晕，然后我们看他面色苍白。但是让他在床上躺一会儿就会好多了，一般1-2分钟就会自己醒来。但是接下来几天还是没有精神。第三次晕倒的时候还抽了，我们立马叫了120送到医院，诊断出来时血管迷走晕厥。医生是让我们植入起搏器。但我们还是不太放心，所以打算来问一下GPT，科普一下起搏器,9
5,2,38,model,您好，根据您描述的情况，您的孩子可能患有血管迷走性晕厥。这种晕厥的原因是由于血压突然下降，导致大脑缺氧，从而出现晕厥的症状。建议您带孩子去医院进行详细的检查，以确定诊断。如果确诊为血管迷走性晕厥，植入起搏器是一种有效的治疗方法。起搏器可以帮助调节心律，提高心脏的收缩力和心输出量，从而减少晕厥的发生。但是，手术前需要进行全面的评估和检查，以确保手术的安全性和有效性。同时，手术后需要定期进行检查和维护，以确保设备的正常使用。希望我的回答能够帮助您，如有任何疑问，请随时向我咨询。,-1
5,2,38,human,我们儿子这个血管迷走性晕厥，装了起搏器就能一劳永逸吗？以后还会不会晕倒？,13
5,2,38,model,血管迷走性晕厥装了起搏器后，可以有效地预防晕厥的发生，但是并不能保证一劳永逸。因为晕厥的发生原因复杂，有时候并不仅仅是因为血压下降，还可能与其他因素有关，比如神经系统、代谢等方面。因此，即使装了起搏器，也不能完全保证不会再次发生晕厥。但是，起搏器可以帮助调节心律，提高心脏的收缩力和心输出量，从而减少晕厥的发生。同时，定期进行检查和维护，以及遵循医生的建议和治疗方案，可以最大程度地减少晕厥的发生。如果您还有其他问题或疑虑，请随时向我咨询，我会尽力为您解答。,-1
5,2,38,human,有没有别的更好的治疗方法？,12
5,2,38,model,血管迷走性晕厥的治疗方法因人而异，需要根据患者的具体情况进行选择。除了植入起搏器，还有其他一些治疗方法，如药物治疗、心脏康复、针灸等。但是这些治疗方法的效果和安全性需要进一步的研究和评估。因此，建议您带孩子到医院进行详细的检查和评估，以确定最适合孩子的治疗方案。同时，建议您注意孩子的生活习惯，如保持充足的睡眠、避免过度疲劳、避免过度运动等，以减少晕厥的发生。希望我的回答能够帮助您，如有任何疑问，请随时向我咨询。,-1
5,2,38,human,这个装起搏器是不是很大的开胸手术？还是微创？会不会有很大的风险？有哪些风险？,7
5,2,38,model,"起搏器植入手术通常需要在胸部进行，但具体方法会根据患者的情况而定。对于大多数患者，手术风险较小，一般只需要局部麻醉。然而，对于一些特殊情况，如肥胖、心血管疾病等，手术风险可能会增加。此外，手术过程中可能会有出血、感染等并发症，但这些风险在经验丰富的医生和现代手术技术下得到了很好的控制。

起搏器手术是一种常规手术，但仍然存在一些风险，如手术部位感染、起搏器失效、电极移位、心律失常等。因此，在手术前需要进行全面的评估和准备，以确保手术的安全性和有效性。同时，手术后需要定期进行检查和维护，以确保设备的正常使用。

总的来说，对于大多数患者来说，起搏器手术是一种安全有效的治疗方法。但是，手术风险和并发症的概率仍需在医生的指导下进行评估和考虑。如果您还有其他问题或疑虑，请随时向我咨询，我会尽力为您解答。",0
5,2,38,human,装了起搏器之后要注意些什么呢？我们儿子还能正常上体育课吗？能参加剧烈运动吗，比如篮球、足球、跑步？能坐飞机吗？这个起搏器是金属材质吗？以后能够做MRI这种检查吗？,3
5,2,38,model,"装了起搏器后，您需要注意以下几点：

1. 定期进行检查和维护，以确保设备的正常使用。

2. 避免长时间的站立或坐着，以及剧烈的运动，如篮球、足球、跑步等。

3. 避免受到剧烈的撞击或震动，如碰撞、摔倒等。

4. 避免受到感染，如感冒、流感等。

5. 遵守医生的建议和治疗方案，如药物治疗、心电图监测等。

对于是否能够正常参加体育课和剧烈运动，这需要根据具体情况而定。如果您的孩子的心脏病情较为严重，建议避免剧烈运动。如果您的孩子的心脏病情较轻，可以考虑参加适当的体育运动，但需要注意安全，避免过度运动。

对于坐飞机，需要根据具体情况进行评估，如果您的孩子的心脏病情较为严重，建议避免乘坐飞机。

起搏器是金属材质的，一般不会对磁共振成像(MRI)产生影响。但是，在某些情况下，如起搏器内置金属导线等，可能会对MRI产生影响，需要在进行MRI前告知医生并进行评估。

希望我的回答能够帮助您，如有任何问题或疑虑，请随时向我咨询。",2
5,2,38,human,这个起搏器装了需要更换吗？我儿子以后长大了会不会起搏器电池坏了又要重新来医院做手术呢？,4
5,2,38,model,"起搏器是一种长期使用的医疗器械，需要进行定期的检查和维护，以确保其正常使用。一般来说，起搏器不需要经常更换，除非其电池耗尽或者设备损坏需要更换。

对于您儿子长大后起搏器电池坏了需要重新来医院做手术的问题，这需要根据具体情况而定。如果起搏器电池耗尽，需要更换电池。但是，如果起搏器出现故障或其他问题，需要进行检查和维护，可能需要进行手术或其他治疗。因此，建议您定期带孩子进行检查和维护，以确保设备的正常使用，并及时发现和处理问题。

总的来说，起搏器是一种长期使用的医疗器械，需要定期进行检查和维护。如果出现问题，需要及时进行治疗和处理，以保证其正常使用。",0
5,2,38,human,我儿子之前有癫痫病，而且血压也低，大概现在维持在80/40 mmhg，血红蛋白也低。身体很虚弱，我感觉可能是因为他是早产儿，我当时怀孕的时候血糖控制的不好，还有低蛋白血症导致的。我怕基因出了什么问题，我们需要去大医院查一下基因吗？,15
5,2,38,model,"您儿子的情况可能与多种因素有关，包括早产、低血糖、低蛋白血症等。由于起搏器是一种长期使用的医疗器械，需要定期进行检查和维护，建议您带孩子到医院进行全面的检查和评估，以确定最适合孩子的治疗方案。

对于基因问题，虽然基因检测可以提供一些有用的信息，但并不能确定是否存在基因问题。如果您的孩子存在某些症状或疾病，建议您带孩子到医院进行全面的评估和检查，以确定病因和治疗方案。

同时，建议您注意孩子的饮食和生活习惯，保持充足的睡眠、避免过度疲劳、避免过度运动等，以减少身体虚弱的情况。

希望我的回答能够帮助您，如有任何问题或疑虑，请随时向我咨询。",0
5,2,38,human,这个起搏器装了需要更换吗？我儿子以后长大了会不会起搏器电池坏了又要重新来医院做手术呢？,33
5,2,38,model,"起搏器是一种长期使用的医疗器械，需要进行定期的检查和维护，以确保其正常使用。一般来说，起搏器不需要经常更换，除非其电池耗尽或者设备损坏需要更换。

对于起搏器电池坏了需要重新来医院做手术的问题，这需要根据具体情况而定。如果起搏器电池耗尽，需要更换电池。但是，如果起搏器出现故障或其他问题，需要进行检查和维护，可能需要进行手术或其他治疗。因此，建议您定期带孩子进行检查和维护，以确保设备的正常使用，并及时发现和处理问题。

总的来说，起搏器是一种长期使用的医疗器械，需要定期进行检查和维护。如果出现问题，需要及时进行治疗和处理，以保证其正常使用。",0
5,2,38,human,我儿子现在身体虚弱，有什么生活饮食上的支持可以给到他,7
5,2,38,model,"对于身体虚弱的儿童，饮食和生活习惯的调整可以帮助他们恢复健康。建议您注意以下几点：

1. 饮食方面：避免食用过多的糖分和脂肪，增加蛋白质、维生素、矿物质和纤维素等营养物质的摄入。多食用水果、蔬菜、全谷物、瘦肉、鱼、豆类等食物，避免食用垃圾食品和高盐、高糖、高脂肪的食物。

2. 生活方面：保证充足的睡眠，避免过度疲劳，避免长时间坐着或站着，避免剧烈运动等。

3. 心理方面：保持愉快的情绪，避免过度焦虑和压力，可以适当进行放松训练和心理疏导。

4. 定期进行检查和治疗：定期进行检查和治疗，以确保疾病得到有效控制和治疗。

总之，饮食和生活习惯的调整可以帮助孩子恢复健康。同时，定期进行检查和治疗也是非常重要的。如果孩子的病情比较严重，建议及时到医院进行治疗。

希望我的回答能够帮助您，如有任何问题或疑虑，请随时向我咨询。",1
