﻿5,3,37,human,您好，我是患儿的母亲。我儿子今年6岁了。前一个月经常晕倒。有一次玩着的时候，还有一次低头那东西，第三次是站了很久的时候，他说突然就头晕，然后我们看他面色苍白。但是让他在床上躺一会儿就会好多了，一般1-2分钟就会自己醒来。但是接下来几天还是没有精神。第三次晕倒的时候还抽了，我们立马叫了120送到医院，诊断出来时血管迷走晕厥。医生是让我们植入起搏器。但我们还是不太放心，所以打算来问一下GPT，科普一下起搏器,10
5,3,37,model,"你好，根据你的描述，你儿子出现了多次晕厥症状，经医院诊断为血管迷走晕厥。起搏器是一种治疗心脏疾病的装置，它可以帮助控制心脏的节律和速率，从而减少晕厥的发生。起搏器分为内置式和外置式两种，具体选择哪种方式需要根据你儿子的具体情况来决定。内置式起搏器是将装置植入到心脏内部，可以通过导管随时调整。外置式起搏器则是将装置固定在腰部或胸部，一般可以持续数年。

在植入起搏器之前，需要进行详细的医学检查和评估，以确保手术的安全性和有效性。手术后，你儿子需要定期进行起搏器调试和检查，以确保起搏器的功能正常，避免出现异常情况。此外，你儿子需要注意休息和饮食，避免过度劳累和饮食不当，以减少晕厥的发生。

血管迷走晕厥是一种常见的儿童疾病，其发病机制与自主神经功能紊乱有关。在晕厥发作时，血压突然下降，大脑供血不足，导致晕厥和抽搐等症状。起搏器治疗可以有效地减少晕厥发作的次数和程度，提高患儿的生活质量。

最后，祝愿你儿子早日康复。如果有任何问题，请随时咨询医生。",0
5,3,37,human,您说起搏器分为内置式和外置式两种，具体选择哪种方式需要根据你儿子的具体情况来决定，具体是怎么决定的呢？哪一种安全？,38
5,3,37,model,"具体选择哪种方式需要根据你儿子的具体情况来决定，主要包括以下几个方面。首先，需要评估你儿子的心脏功能，包括心律、心率变异性等指标。其次，需要考虑你儿子的年龄、体重、身高等因素，以及对药物的耐受性等因素。另外，还需要考虑你儿子的家族史、合并症等因素，以确定是否需要内置式起搏器。

至于起搏器的安全性和有效性，这是经过大量研究和临床实践验证的。内置式起搏器在植入前需要进行心脏穿刺，但是这个过程是非常安全的，并且手术后的并发症率非常低。内置式起搏器还可以通过导管随时调整，具有较高的灵活性。而外置式起搏器则更容易受到外界污染和损伤，并且需要固定的位置来保持稳定。

总的来说，内置式起搏器在外科手术风险、电池寿命、适应症选择等方面具有一定的优势，而外置式起搏器则更适合那些年龄较大、合并症较多、需要长期监测的患者。具体选择哪种方式，需要根据你儿子的具体情况来决定。",3
5,3,37,human,这个内置性起搏器是不是很大的开胸手术？还是微创？会不会有很大的风险？有哪些风险？,27
5,3,37,model,"内置性起搏器的手术方式主要有经皮途径和开胸途径两种。经皮途径是通过胸骨旁边的切口，将起搏器植入到心脏内部，这个手术相对较小，创伤较小，恢复较快。而开胸途径是通过胸骨切开，直接将起搏器植入到心脏内部，这个手术相对较大，创伤较大，恢复较慢。

关于手术风险，内置性起搏器是一个相对安全的手术。手术风险主要包括手术创伤、感染、出血、心律失常等。然而，由于每个患者的具体情况不同，手术风险会有所不同。所以，在决定是否进行内置性起搏器手术时，医生会综合考虑患者的病情、年龄、身体状况等因素，权衡手术的利弊。

总之，内置性起搏器是一个相对安全的手术，手术风险较低，但是具体的手术风险还需要根据患者的具体情况来评估。在进行手术前，医生会对患者进行详细的评估和检查，以确保手术的安全性和有效性。",-1
5,3,37,human,装了内置性起搏器之后要注意些什么呢？我们儿子还能正常上体育课吗？能参加剧烈运动吗，比如篮球、足球、跑步？能坐飞机吗？这个起搏器是金属材质吗？以后能够做MRI这种检查吗？,18
5,3,37,model,"安装内置式起搏器后，你需要注意以下几点。首先，要定期到医院进行起搏器的调试和检查，以确保起搏器的功能正常。其次，要避免过度劳累和饮食不当，以减少晕厥的发生。此外，要避免暴露在高压环境中，如坐飞机、潜水等。

关于体育课和剧烈运动，一般来说，儿子可以正常参加体育课和剧烈运动，但是需要注意适度，避免过度劳累和出汗过多。你可以根据医生的建议，在儿子剧烈运动前适量减少活动量，避免过度疲劳。

至于坐飞机，由于内置式起搏器需要通过心脏穿刺植入，所以在植入起搏器前一个月内最好不要坐飞机，以免起搏器移位或受损。具体的停飞时间需要根据医生的建议来确定。

至于金属材质的问题，内置式起搏器一般是金属材质的，因为金属材料具有较好的耐久性和稳定性。至于是否能够做MRI这种检查，一般来说，内置式起搏器不具备磁敏感性，所以儿子可以正常进行MRI检查。

最后，我要强调的是，每个患者的情况是不同的，所以以上建议仅供参考。在日常生活中，你要密切关注儿子的症状变化，并定期到医院进行复诊和检查。如果有任何不适或疑问，请及时咨询医生。祝愿儿子早日康复！",0
5,3,37,human,这个起搏器装了需要更换吗？我儿子以后长大了会不会起搏器电池坏了又要重新来医院做手术呢？,13
5,3,37,model,"内置式起搏器一般可以长期使用，不需要频繁更换。起搏器的寿命通常可以达到几十年，但具体的使用寿命还是要根据你儿子的具体情况来确定。通常情况下，内置式起搏器的电池寿命可以达到几年到十年不等，但随着时间的推移，电池可能会逐渐耗尽。如果起搏器电池耗尽，可以及时到医院进行更换，这样可以确保起搏器的正常工作。

至于你儿子长大后是否需要重新来医院做手术，这需要根据起搏器的具体情况和你儿子的病情来确定。一般来说，如果起搏器没有发生故障或者出现异常情况，通常情况下不需要重新来医院做手术。但是，如果你儿子出现严重的症状或者起搏器电池耗尽，可能需要重新来医院进行手术。

总之，内置式起搏器一般可以长期使用，不需要频繁更换。但是，需要定期到医院进行起搏器的调试和检查，以及及时更换电池。在日常生活中，你要密切关注儿子的症状变化，并定期到医院进行复诊和检查。如果有任何不适或疑问，请及时咨询医生。祝愿儿子健康成长！",0
5,3,37,human,我儿子之前有癫痫病，而且血压也低，大概现在维持在80/40 mmhg，血红蛋白也低。身体很虚弱，我感觉可能是因为他是早产儿，我当时怀孕的时候血糖控制的不好，还有低蛋白血症导致的。我怕基因出了什么问题，我们需要去大医院查一下基因吗？,13
5,3,37,model,"根据你的描述，你儿子的身体状况确实需要引起重视。早产儿和低血糖、低蛋白血症等情况都可能导致身体虚弱和营养不良。另外，你提到你儿子有癫痫病和低血压，这些也需要引起医生的注意。

关于基因的问题，如果你担心儿子可能存在基因问题导致身体状况不佳，建议你到大医院进行基因检测。基因检测可以帮助你了解儿子是否存在相关基因突变，从而进一步明确病因，并为后续的治疗和预防提供指导。

此外，你提到你儿子有癫痫病和低血压，这些情况也需要医生的进一步关注和治疗。建议你带着儿子到医院进行详细的检查和评估，以确定具体的病因和治疗方案。医生会根据检查结果制定个体化的治疗计划，帮助儿子恢复健康。

最后，我想提醒你，早产儿需要特别关注，需要定期进行生长发育和营养评估，以及进行相关的预防接种和疾病筛查。同时，作为家长，你需要密切关注儿子的饮食和生活习惯，提供良好的生活环境和支持，帮助儿子健康成长。祝你儿子早日康复！",0
5,3,37,human,我儿子现在身体虚弱，有什么生活饮食上的支持可以给到他,20
5,3,37,model,"对于儿子身体虚弱的情况，生活饮食上的支持是非常重要的。首先，建议你给他提供充足的营养，包括蛋白质、维生素、矿物质等。你可以咨询医生或者营养师，了解什么样的食物适合儿子，以及如何合理搭配饮食。

其次，建议你给他提供易消化的食物，避免油腻和刺激性食物。可以选择一些清淡易消化的食物，如米粥、面条、蔬菜汤等。同时，你还可以给他补充一些营养品，如维生素补充剂或蛋白质粉等，以帮助他更好地吸收营养。

此外，建议你给他提供多种类的食物，以增加他的食欲和营养摄入。你可以尝试给他一些新鲜的水果和蔬菜，以及一些易消化的肉类和鱼类。这样可以增加他的饱腹感，并提供更多的营养物质。

最后，建议你定期观察他的饮食和身体状况，并及时与医生沟通。医生可以根据他的具体情况，进行个体化的饮食指导和建议。

总之，对于儿子身体虚弱的情况，生活饮食上的支持是非常重要的。你需要给他提供充足的营养，并注意他的饮食习惯和偏好。同时，定期与医生沟通和复诊，以便及时调整饮食方案和治疗计划。祝愿你儿子早日康复！",0
