﻿5,4,35,human,您好，我是患儿的母亲。我儿子今年6岁了。前一个月经常晕倒。有一次玩着的时候，还有一次低头那东西，第三次是站了很久的时候，他说突然就头晕，然后我们看他面色苍白。但是让他在床上躺一会儿就会好多了，一般1-2分钟就会自己醒来。但是接下来几天还是没有精神。第三次晕倒的时候还抽了，我们立马叫了120送到医院，诊断出来时血管迷走晕厥。医生是让我们植入起搏器。但我们还是不太放心，所以打算来问一下GPT，科普一下起搏器,10
5,4,35,model,"您好，我很理解您作为家长的担忧。首先，我要强调我不是医生，但我可以为您提供一些关于起搏器的基本信息，以帮助您更好地了解这个设备。

起搏器是一种小型的电子设备，通常植入患者的胸部或腹部，通过电线连接到心脏。它的主要功能是监测心脏的电活动，并在检测到心脏跳动异常时，向心脏发送电信号以恢复正常的心跳节奏。

在您儿子的情况下，诊断为血管迷走性晕厥。血管迷走性晕厥是一种常见的晕厥原因，通常由迷走神经过度活跃引起，导致心跳减慢和/或血压下降。这可能导致大脑暂时缺氧，从而引发晕厥。起搏器的植入可能有助于维持您儿子的心率，防止晕厥发作。

然而，在做出任何决定之前，我建议您与专业医生进行详细咨询，以评估您儿子的具体情况和潜在的治疗方案。医生可能会建议您进行其他检查，以便更准确地确定您儿子的病情。同时，请遵循医生的建议，确保您儿子得到最佳的治疗和照顾。希望这些信息对您有所帮助，祝您的儿子早日康复！",57
5,4,35,human,我们儿子这个血管迷走性晕厥，装了起搏器就能一劳永逸吗？以后还会不会晕倒？,24
5,4,35,model,"我理解您对儿子健康的关切。然而，我需要再次强调我不是医生，但我会尽力提供一些关于起搏器的信息。

起搏器在许多情况下可以有效地治疗心律失常和晕厥，但每个病例都是独特的。对于血管迷走性晕厥，起搏器的作用可能因个体差异而有所不同。在某些情况下，起搏器可能显著减少晕厥的发生；而在其他情况下，它可能对晕厥的预防效果有限。

因此，是否能彻底解决您儿子的晕厥问题，需要取决于他个人的病情、起搏器的效果以及其他可能的影响因素。您应该与您的医生进行详细咨询，了解起搏器对您儿子的具体治疗效果以及可能的长期预期。

最后，请始终遵循医生的建议，并密切关注您儿子的病情，以确保他得到最佳的治疗和照顾。希望这些信息对您有所帮助，祝您的儿子早日康复！",53
5,4,35,human,这个装起搏器是不是很大的开胸手术？还是微创？会不会有很大的风险？有哪些风险？,32
5,4,35,model,"起搏器植入手术通常被认为是一种相对安全的微创手术。在手术过程中，医生通常会在患者的胸部或腹部皮肤下制作一个小口，然后将起搏器置于其中。接下来，通过导管将电极线穿过静脉，直接连接到心脏。整个过程通常在1到2小时内完成。这并不是一种需要开胸的大手术。

尽管起搏器植入手术相对安全，但任何手术都存在一定的风险。植入起搏器的潜在风险包括但不限于：

1. 感染：手术部位可能发生感染，尽管这种情况较为罕见。
2. 出血：手术过程中可能出现出血，但通常可以控制。
3. 电极线移位：电极线有时可能移位，需要进行调整或重新定位。
4. 起搏器功能障碍：起搏器本身可能出现故障，需要进行维修或更换。
5. 临时心律失常：术后可能出现短暂的心律失常，但通常会自行恢复。

请注意，这些风险因素因个体差异而异，因此在做出决策之前，请务必咨询您的医生，以便了解您儿子的具体状况和可能的风险。遵循医生的建议，并密切关注您儿子的恢复过程，以确保他得到最佳的治疗和照顾。希望这些信息对您有所帮助，祝您的儿子早日康复！",26
5,4,35,human,装了起搏器之后要注意些什么呢？我们儿子还能正常上体育课吗？能参加剧烈运动吗，比如篮球、足球、跑步？能坐飞机吗？这个起搏器是金属材质吗？以后能够做MRI这种检查吗？,31
5,4,35,model,"装了起搏器后，需要注意一些事项以确保设备的正常运行和您儿子的健康。以下是一些建议，但请务必咨询您的医生以获得针对您儿子个人状况的具体建议。

1. 定期检查：按照医生的建议定期进行起搏器检查，确保设备正常运行。

2. 避免强磁场和电磁干扰：避免让起搏器靠近强磁场或产生强电磁干扰的设备，如高功率音响、电磁炉等。与医生讨论一下如何正确使用家用电器和电子设备。

3. 体育活动：患者装了起搏器后通常可以进行日常活动和一些适度的体育锻炼。然而，在进行剧烈运动之前，请务必咨询医生的意见。他们会根据您儿子的具体状况给出建议。

4. 旅行和乘坐飞机：患者通常可以乘坐飞机，但在旅行时需携带起搏器相关信息和医生的联系方式。在机场安检时，告知工作人员您儿子植入了起搏器。他们会采取适当的检查方法。

5. 起搏器材质：起搏器通常由金属制成，如钛合金等。

6. MRI检查：不是所有起搏器都兼容MRI。如果您儿子需要进行MRI检查，请务必告知医生和放射科技师他植入了起搏器。他们会根据起搏器的型号和兼容性采取相应措施。如有必要，医生可能会建议其他类型的影像检查，如CT或超声检查。

请密切遵循医生的建议，并根据您儿子的具体情况和需求调整生活习惯。希望这些建议对您有所帮助，祝您的儿子早日康复！",37
5,4,35,human,这个起搏器装了需要更换吗？我儿子以后长大了会不会起搏器电池坏了又要重新来医院做手术呢？,11
5,4,35,model,"起搏器的电池寿命通常在8到10年左右，但这取决于设备的型号、使用频率和其他因素。当起搏器的电池寿命接近尾声时，需要进行更换。更换电池通常是一个相对简单的手术，医生会将旧电池取出并更换成新的电池。

这意味着在您儿子成长过程中，他可能需要进行一次或多次电池更换手术。然而，这些手术通常较为简单，风险相对较低。当然，在进行任何手术时，请务必遵循医生的建议并密切关注您儿子的病情。

随着医学技术的进步，未来可能会出现更先进的起搏器或其他治疗方法。您可以与您的医生保持联系，了解治疗心律失常的最新进展，以确保您儿子得到最佳的治疗和照顾。希望这些信息对您有所帮助，祝您的儿子早日康复！",18
5,4,35,human,我儿子之前有癫痫病，而且血压也低，大概现在维持在80/40 mmhg，血红蛋白也低。身体很虚弱，我感觉可能是因为他是早产儿，我当时怀孕的时候血糖控制的不好，还有低蛋白血症导致的。我怕基因出了什么问题，我们需要去大医院查一下基因吗？,10
5,4,35,model,"我非常理解您作为家长的担忧。在您儿子的情况下，考虑到他的癫痫病史、低血压、低血红蛋白以及早产的背景，咨询专业医生的意见是很重要的。请务必与您的医生讨论您儿子的病史和当前症状，以便为您提供最佳的治疗建议。

关于基因检测，这是一个可以提供许多关于个人遗传特征和潜在健康风险的信息的方法。在某些情况下，基因检测可能有助于确定疾病的原因，从而为治疗提供线索。然而，在进行基因检测之前，请咨询您的医生，以确定这是否适用于您儿子的情况。医生可能会建议您进行其他检查，以便更准确地确定您儿子的病情。

最后，请遵循医生的建议，确保您儿子得到最佳的治疗和照顾。希望这些信息对您有所帮助，祝您的儿子早日康复！",26
5,4,35,human,请问目前我儿子的状态，能正常去上学吗,20
5,4,35,model,"作为AI助手，我无法直接评估您儿子的健康状况。在决定您儿子是否能正常上学之前，最好咨询您的医生。医生会根据您儿子的病情、病史和目前的症状来评估他的健康状况，从而为您提供关于他是否可以正常上学的建议。

在您儿子回到学校之前，请务必与学校的管理人员和老师沟通，告知他们您儿子的病情和特殊需求。这将有助于确保他们了解您儿子的健康状况，并为他提供适当的支持和照顾。

请遵循医生的建议，确保您儿子得到最佳的治疗和照顾。希望这些建议对您有所帮助，祝您的儿子早日康复！",18
