﻿1,2,3,human,您好，我想咨询一下您，我最近常常头晕，耳朵里面像有东西在叫。前几周还走着走着楼梯摔倒了两次，站都站不稳，幸好老伴扶着。心脏也不舒服，感觉干活、爬楼梯都会胸闷气短，心跳加快，喘不上气，使不上劲，躺着了又会好一点。您帮我分析分析我的毛病。,11
1,2,3,model,"您好，根据您的症状描述，可能存在以下几种可能性：

1. 内耳疾病：您的头晕和耳朵里的异响可能与内耳疾病有关。内耳疾病包括良性阵发性位置性眩晕、前庭神经炎等。建议您到医院的耳鼻喉科就诊，进行详细的检查。

2. 心血管疾病：您的心慌、胸闷、气短等症状可能与心血管疾病有关。建议您到医院的心血管科就诊，进行心电图、心超、血压等检查，以明确是否存在心血管疾病。

3. 神经系统疾病：您所描述的步态不稳、站不稳、摔倒等症状，可能与神经系统疾病有关。建议您到医院的神经内科就诊，进行神经系统方面的检查。

综上所述，建议您到医院就诊，进行详细的检查，以明确病因，并根据病因进行相应的治疗。同时，建议您注意休息，避免过度劳累，保持良好的心态和饮食习惯。如果有任何疑问，欢迎随时与我沟通。",1
1,2,3,human,您综合分析一下，觉得我哪个系统得病可能性最大,23
1,2,3,model,"根据您的症状描述，可能性最大的疾病是心血管疾病。您所描述的心慌、胸闷、气短等症状，都是心血管疾病的常见症状，而头晕、耳朵里的异响和步态不稳、站不稳等症状，则与心血管疾病关系不大。

当然，这只是根据您的症状描述作出的初步判断，具体诊断需要结合详细的体检和检查结果。建议您到医院的内科或心血管科就诊，进行心电图、心超、血压等检查，以明确是否存在心血管疾病。同时，也建议您注意饮食、作息和心理健康，保持良好的心态，避免过度劳累，以预防和控制心血管疾病的发生。",-1
1,2,3,human,您说我最近的头晕胸闷心悸，会不会是新冠后遗症？我新冠刚刚转阴。,12
1,2,3,model,"新冠后遗症的症状比较多样化，其中一些症状可能会持续一段时间，包括头晕、胸闷、心悸等。但这些症状也可能是其他疾病或疾病后遗症引起的，因此不能单凭症状就判断是否是新冠后遗症。

根据您的症状描述，我仍然建议您到医院进行详细的体检和检查，以明确病因。医生可以通过问诊、体格检查、必要的实验室检查和影像学检查等，帮助您判断病因，并给予相应的治疗和建议。同时，在等待就医期间，您可以适当地进行休息，避免过度劳累，保持良好的心态和饮食习惯。

需要注意的是，如果您的症状出现了明显的加重或其他异常症状，如呼吸急促、胸痛、意识模糊等，请及时就医，并告知医生您的新冠感染史。",0
1,2,3,human,您说我最近的头晕胸闷心悸，会不会是新冠后遗症？我新冠刚刚转阴。但是家里人又说是我基础疾病，我有左心衰、永久性房颤、高血压、高血脂，人老了，82岁了！不中用了！,15
1,2,3,model,"感谢您提供的更多信息。根据您的病史，您存在左心衰、永久性房颤、高血压、高血脂等基础疾病，这些疾病都可能导致心血管疾病的发生，包括心律失常、心绞痛、心肌梗死等。

根据您的症状描述，您可能存在心律失常引起的头晕、胸闷、心悸等症状。由于您年龄较大，基础疾病较多，这些症状可能与您基础疾病有关。建议您到医院的内科或心血管科就诊，进行心电图、心超、血压等检查，以明确病因，并根据病因进行相应的治疗。

此外，建议您保持良好的生活习惯，如戒烟、戒酒、适当运动、饮食健康等，以预防和控制心血管疾病的发生。同时，定期复查血压、血脂、血糖等指标，控制血压、血糖、血脂等在正常范围内，对预防和控制心血管疾病的发生非常重要。

需要注意的是，如果您的症状出现了明显的加重或其他异常症状，如呼吸急促、胸痛、意识模糊等，请及时就医，并告知医生您的基础疾病史。同时，避免过度劳累，保持良好的心态和饮食习惯，有助于预防和控制心血管疾病的发生。",1
1,2,3,human,我还想让您给我分析一下我以前的毛病。我以前有过脑梗，10年前了，好像是脑卒中之类的毛病，突然就左腿动不了了，讲不了话，老伴吓死了，但是住院治好了。后来我高血压控制的很好，一直吃”卡托普利“。我有高血脂，一直服用他汀药，最近吃药实在太多了，没有再吃了。心脏肺脏也不好，心脏有左心衰，肺有结节虽然15年前切掉了。我是个老烟腔了，戒不掉啊，50年了！我以后要注意什么？哪些病要复诊？,25
1,2,3,model,"您提到有脑梗和高血压、高血脂等病史，这些都是需要长期控制和管理的疾病。由于您年龄较大，建议您定期进行心血管和脑血管检查，如心电图、心超、血压、血脂等指标的检查，以及进行脑部影像学检查等，以了解病情的变化和调整治疗方案。

同时，由于您存在左心衰、肺部结节等疾病，需要控制血压、血糖、血脂等指标，以预防心血管疾病的发生和发展。建议您定期复查血压、血糖、血脂等指标，以及进行心电图、心超、胸部CT等检查，以及定期复查肺部结节的情况，以及时发现和处理相关问题。

此外，由于您年龄较大，建议您戒烟，保持良好的生活习惯，如适当运动、饮食健康等，以预防和控制心血管疾病的发生和发展。

最后，建议您定期复诊，定期检查和复查，以及根据医生的建议进行治疗和调整，以保持身体健康和预防疾病的发生。如果您有任何疑问或需要进一步的帮助，请随时与医生进行沟通和咨询。",1
1,2,3,human,我想我的心脑血管疾病比较严重，但我家境一般，人老了不想靠子女养着，他们也不太关注我的健康。所以我不想做CT MRI太贵了，或者说有什么便宜一点的检查可以看看我的心脑血管状态吗？,131
1,2,3,model,"您提到的心脑血管疾病比较严重，需要定期进行检查和治疗，以预防和控制疾病的发生和发展。由于您的家境一般，不想靠子女养着，因此需要寻找经济实惠的检查方法。

对于心脑血管疾病的检查，除了CT MRI等影像学检查，还可以进行心电图、超声心动图、血液生化检查等检查方法。这些检查方法价格相对较低，可以帮助了解病情和调整治疗方案。

心电图是一种无创检查方法，可以检查心脏的电活动情况，以及检测心律失常、心肌缺血等心脑血管疾病。超声心动图可以检查心脏的结构和功能，对于诊断心律失常、心肌缺血等疾病非常有帮助。血液生化检查可以检测血液中的各项生化指标，包括血糖、血脂、血压等，对于了解身体的健康状况非常有帮助。

当然，对于心脑血管疾病的检查和治疗，还需要根据具体病情进行综合考虑。因此，建议您到医院的内科或心血管科进行详细的检查和咨询，以便更好地了解病情和制定治疗方案。同时，也可以向医生咨询一些经济实惠的检查方法，以减轻经济负担。

最后，希望您保持乐观和积极的心态，保持良好的生活习惯和饮食习惯，定期进行检查和治疗，预防和控制心脑血管疾病的发生和发展。如果您有任何疑问或需要进一步的帮助，请随时与医生进行沟通和咨询。",3
1,2,3,human,请您推荐我几家上海心脑血管科出名的医院,56
1,2,3,model,"上海是全国乃至全球著名的医疗中心之一，心脑血管疾病治疗技术比较先进，有几家心脑血管专科医院比较出名，您可以参考一下：

1. 上海交通大学医学院附属瑞金医院心脑血管病科
瑞金医院是上海交通大学医学院的附属医院，心脑血管病科是该医院的重点科室之一，拥有多名专业医生和先进的检查设备，能够提供全面的心脑血管疾病诊治服务。

2. 上海市第一人民医院心脑血管病科
上海市第一人民医院是上海市的重点医院之一，心脑血管病科是该医院的重点科室之一，拥有多名专业医生和先进的检查设备，能够提供全面的心脑血管疾病诊治服务。

3. 上海市第九人民医院心脑血管病科
第九人民医院是上海市的重点医院之一，心脑血管病科是该医院的重点科室之一，拥有多名专业医生和先进的检查设备，能够提供全面的心脑血管疾病诊治服务。

以上三家医院都是心脑血管疾病治疗比较专业的医院之一，您可以根据自己的实际情况和需要选择就诊。同时，建议您在就诊前先咨询一下医生，了解医院的就诊流程、检查费用、医疗服务等情况，以便更好地安排就诊事宜。",2
1,2,3,human,好的，非常感谢您,27
1,2,3,model,不客气，希望我的回答能够对您有所帮助。如果您还有其他问题，可以随时向我咨询，我会尽我所能为您提供帮助。祝您身体健康，生活愉快！,-4
