﻿2,3,12,human,您好，我这次来看病，主要是因为我最近已经两次晕倒了。一次实在办公室开会的时候，我晕倒之前就有预感，感觉自己两眼发黑，头晕烟花，晕倒之后，我同事说我到通风处被另一个同事掐了人中，马上就醒了，我自己没感觉。还有一次是地铁上，眼前发黑半分钟，但是还是自己知道的，找地方坐下慢慢就好了。,18
2,3,12,model,您好，请问您年龄是多少呢？,-5
2,3,12,human,33,46
2,3,12,model,好的，请问您晕倒之前有没有感觉到身体不适或者有什么特殊情况发生？,-5
2,3,12,human,我就是会头晕，两眼发黑,18
2,3,12,model,您平时有没有这种感觉，比如头晕、眼前发黑？,-5
2,3,12,human,一般没有的。晕倒前会有,13
2,3,12,model,有没有吃什么药物或者有什么疾病史？,-5
2,3,12,human,我晚上睡不着偶尔会吃思诺思这个药，不知道会不会上瘾，我吃的次数不多。好的，我经常胃胀气，存在有慢性胃炎的情况，我需不需要吃药或者定期查查胃镜？我有点贫血，最近查出来血常规血红蛋白低，才9.0g/L。我不知道是上面疾病让我贫血,24
2,3,12,model,根据您的症状和病史，您可能患有晕厥症。晕厥是一种突然失去意识的症状，通常由于血压下降或心脏问题引起。您的贫血可能是由于慢性胃炎和胃胀气引起的。建议您进行一些检查，如心电图、血压监测、胃镜检查等，以确定病因。同时，您可以尝试一些生活方式的改变，如避免过度劳累、保持充足的睡眠和饮食均衡等。关于您提到的思诺思，它是一种抗抑郁药物，需要在医生的指导下使用。请勿自行使用或停止使用。如果您有任何疑问或需要进一步的建议，请咨询您的医生。祝您早日康复。,-2
2,3,12,human,我现在很想知道为什么我经常两眼发黑，快要晕倒？是不是贫血引起的？好端端为什么贫血？是不是慢性胃炎的原因？怎么治疗呢？,14
2,3,12,model,两眼发黑和快要晕倒的症状可能是晕厥症的症状之一。晕厥症是一种常见的疾病，通常由于血压下降或心脏问题引起。贫血可能是由于慢性胃炎和胃胀气引起的。慢性胃炎是一种胃黏膜长期受损的疾病，可能导致胃液分泌减少、胃酸降低，从而影响铁的吸收，导致贫血。治疗贫血的方法包括补充铁剂和改善胃炎的症状。建议您遵循医生的治疗方案，同时注意饮食均衡，多摄入富含铁质的食物，如瘦肉、蛋黄、豆类、绿叶蔬菜等。此外，您还可以尝试一些中药调理，如黄芪、当归、党参等，以促进血液循环和恢复身体机能。同时，建议您定期进行血常规检查，以监测贫血的情况。祝您早日康复。,-1
2,3,12,human,贫血和慢性胃炎有什么关联吗？,8
2,3,12,model,慢性胃炎可以导致贫血。慢性胃炎是一种胃黏膜长期受损的疾病，可能导致胃液分泌减少、胃酸降低，从而影响铁的吸收，导致贫血。当胃黏膜受损严重时，胃液中的维生素B12和叶酸也会被破坏，导致维生素B12缺乏和叶酸缺乏，进而导致巨幼细胞性贫血。此外，慢性胃炎还可能导致胃酸降低，影响维生素B12的吸收和利用，从而加重贫血的程度。因此，对于患有慢性胃炎的患者，及时治疗和调理贫血是非常重要的。治疗贫血的方法包括补充铁剂和维生素B12、叶酸等，同时改善慢性胃炎的症状，如减少胃酸分泌、改善饮食习惯等。建议您遵循医生的治疗方案，同时注意饮食均衡，多摄入富含铁质和维生素B12、叶酸的食物，如瘦肉、蛋黄、豆类、绿叶蔬菜等。祝您早日康复。,-1
2,3,12,human,上面那么多病我应该挂哪个科？,1
2,3,12,model,建议您去看内科医生或者全科医生，他们可以对您进行全面的检查和诊断。根据您的症状和病史，内科医生可以为您制定个性化的治疗方案，包括针对贫血和慢性胃炎的治疗。同时，内科医生也可以对其他可能的疾病进行筛查，如心血管疾病、神经系统疾病等。在就诊时，您可以详细描述自己的症状和病史，医生会根据您的情况进行相应的检查和诊断。祝您早日康复。,-3
2,3,12,human,我感觉自己得了心身疾病，我每天压力都好大。上有老下有小，工作经常不顺利。我怎么才能调整好自己的生活压力呢？,7
2,3,12,model,"您好，根据您的描述，您可能正在经历心理压力过大导致的身心疾病。建议您采取以下措施来调整生活压力：

1. 积极应对压力：学会应对压力的方法，如深呼吸、冥想、放松等，可以帮助您缓解压力和焦虑。此外，您还可以通过参加瑜伽、太极等活动来缓解压力。

2. 寻求支持：与家人、朋友或心理咨询师交流，分享您的感受和担忧，寻求支持和理解。他们可以成为您情绪的调节者和解决问题的支持者。

3. 规律作息：保持良好的作息习惯，充足的睡眠对于身心健康非常重要。每晚保证7-8小时的睡眠时间，并遵循健康的生活方式。

4. 健康饮食：均衡饮食对于保持身体健康至关重要。建议您多摄入富含维生素、矿物质和抗氧化剂的食物，如新鲜水果、蔬菜、全谷物等。同时，减少摄入高脂肪、高糖和高盐食物。

5. 定期锻炼：适度的体育锻炼可以改善心理和身体健康。建议您每周进行3-5次有氧运动，如散步、慢跑、游泳等。

6. 减少工作负荷：尝试制定合理的工作计划和目标，避免过度工作。同时，学会拒绝一些不必要的工作任务，减少工作压力。

最后，建议您及时寻求专业心理咨询师的帮助，他们可以帮助您更好地了解和处理压力，提供专业的心理支持和指导。祝您早日恢复健康！",1
