﻿4,1,28,human,我因为怀孕期间发生了2次晕倒发作。第一次是家里面突然晕倒，没有其他不舒服的地方；第二次是在散步的时候，眼前感觉一黑，但是好在没有晕倒。第二次晕倒的时候感觉心慌慌的过了好一阵子也没有缓解，去医院看病，查出来是室上性心动过速。我倒不是怕这个病，我主要是现在怀孕第21周了，之前流产了两次，所以非常想要这个小孩，希望各种检查对小孩不要有影响，我的宝宝能健健康康的就好。,9
4,1,28,model,"很抱歉听到您的晕倒发作,室上性心动过速是一种常见的心律失常,通常不会对胎儿产生影响。但是,如果您的室上性心动过速持续发生,可能会导致心脏负担加重,增加早产、流产、早产和胎儿畸形等风险。因此,建议您在怀孕期间定期进行产检,并遵循医生的建议进行治疗和管理。此外,如果您有其他疑问或需要进一步的建议,请咨询您的医生。祝您和您的宝宝健康快乐!",-2
4,1,28,human,孕妇室上性心动过速，诊断治疗过程中会不会对胎儿和孕妇本身产生不良的影响？,29
4,1,28,model,"室上性心动过速是一种心律失常,通常不会对孕妇和胎儿产生不良影响。但是,如果孕妇在孕期出现室上性心动过速,可能会增加早产、流产和胎儿畸形的风险。因此,建议您在怀孕期间定期进行产检,遵循医生的建议进行治疗和管理,以减少这些风险。此外,如果您有其他疑问或需要进一步的建议,请咨询您的医生。祝您和您的宝宝健康快乐!",-3
4,1,28,human,医生说我需要射频消融，会对胎儿有影响吗,15
4,1,28,model,"射频消融手术是一种微创手术,通常不会对胎儿产生影响。但是,手术后需要注意休息和恢复,避免剧烈运动和重体力活动,以免影响手术效果和恢复。此外,手术前需要进行全面的身体检查,确保身体状况适合手术,并按照医生的建议进行治疗和管理。如果您有任何疑问或需要进一步的建议,请咨询您的医生。祝您和您的宝宝健康快乐!",-3
4,1,28,human,我做心脏电生理检查会对我的胎儿有什么影响吗？,9
4,1,28,model,"心脏电生理检查通常是一种安全的检查方法,不会对胎儿产生不良影响。但是,如果您有其他的心脏问题,例如心脏病或高血压等,可能会增加胎儿的出生风险。因此,如果您需要进行心脏电生理检查,请务必告诉医生您的病情,并遵循医生的建议进行治疗和管理。祝您和您的宝宝健康快乐!",-3
4,1,28,human,我应该隔多久去产检？我现在室上性心动过速，是不是检查的频率应该更高一点,7
4,1,28,model,"恭喜您怀孕!关于您的室上性心动过速,一般来说,在怀孕后期,胎儿心脏发育会逐渐成熟,此时进行心脏电生理检查可能会对胎儿造成一些影响,因此一般建议在怀孕早期就进行心脏电生理检查,以保护胎儿的健康。建议您在怀孕后期进行心脏电生理检查,以确保胎儿的健康。

此外,建议您定期进行产检,遵循医生的建议进行治疗和管理,以减少心脏负担和早产、流产和胎儿畸形等风险。此外,如果您有任何疑问或需要进一步的建议,请咨询您的医生。祝您和您的宝宝健康快乐!",-2
4,1,28,human,我有妊娠高血压病，我的胎儿会不会保不住或者不健康？,14
4,1,28,model,"妊娠高血压可以影响胎儿健康,包括早产、流产和胎儿畸形等风险。因此,建议您在怀孕期间定期进行产检,遵循医生的建议进行治疗和管理,以减少这些风险。此外,如果您有任何疑问或需要进一步的建议,请咨询您的医生。祝您和您的宝宝健康快乐!",-3
4,1,28,human,电生理研究和射频消融可能对孕妇和胎儿产生一定的风险，是包括哪些风险呢？如果一定要做这些治疗，我要注意哪些事项？,34
4,1,28,model,"妊娠高血压是一种妊娠期常见的并发症,对胎儿和孕妇的健康都有一定的影响。妊娠高血压可以导致早产、流产和胎儿畸形等风险。因此,建议您在怀孕期间定期进行产检,遵循医生的建议进行治疗和管理,以减少这些风险。此外,如果您有任何疑问或需要进一步的建议,请咨询您的医生。祝您和您的宝宝健康快乐!",-3
