﻿4,2,30,human,我因为怀孕期间发生了2次晕倒发作。第一次是家里面突然晕倒，没有其他不舒服的地方；第二次是在散步的时候，眼前感觉一黑，但是好在没有晕倒。第二次晕倒的时候感觉心慌慌的过了好一阵子也没有缓解，去医院看病，查出来是室上性心动过速。我倒不是怕这个病，我主要是现在怀孕第21周了，之前流产了两次，所以非常想要这个小孩，希望各种检查对小孩不要有影响，我的宝宝能健健康康的就好。,7
4,2,30,model,"亲爱的患者，您好。首先，感谢您向我们咨询问题。根据您的描述，您可能患有室上性心动过速，这是一种心律失常，会导致心悸、胸闷等症状。由于您现在怀孕21周，我们需要更加小心谨慎地进行治疗。

对于室上性心动过速，我们需要根据病情的严重程度进行治疗。如果病情较轻，可以通过药物治疗来缓解症状。但是，如果病情较重，需要进行手术治疗。手术治疗需要在专业医生的指导下进行，以确保手术的安全和有效性。

对于您的宝宝，我们需要进行一系列的检查，以确保宝宝的健康。这些检查包括胎儿心电图、羊水穿刺等。这些检查不会对宝宝的健康产生影响，但是需要在专业医生的指导下进行。

最后，我建议您在日常生活中注意休息，避免过度劳累。如果出现症状，及时就医，接受专业医生的治疗。祝您和宝宝健康！",0
4,2,30,human,室上性心动过速是怎么治疗的？我这个算严重吗？医生说我需要射频消融，会对胎儿有影响吗？会接触到X线这些有辐射的检查吗？我的宝宝会有影响吗,66
4,2,30,model,"室上性心动过速是一种心律失常，治疗方法包括药物治疗和手术治疗。药物治疗主要是使用β受体阻滞剂、钙拮抗剂和胺碘酮等药物，以控制心律失常的发作。对于一些症状严重的患者，可能需要进行射频消融手术治疗。

对于您的病情，需要进行射频消融手术治疗。这种手术是一种微创手术，通过导管进入心脏内部进行治疗，不会对胎儿产生影响。但是，手术过程中需要使用X线等设备，因此需要注意辐射的防护。

至于X线等有辐射的检查，一般情况下不会对胎儿产生影响。但是，具体情况需要根据医生的建议进行选择，以确保检查的安全性和有效性。

最后，您需要注意休息，避免过度劳累。如果出现症状，及时就医，接受专业医生的治疗。祝您和宝宝健康！",0
4,2,30,human,那可不可以换一种对宝宝没有辐射的治疗方法呢？,28
4,2,30,model,"射频消融是一种微创手术，虽然需要使用X线等设备，但是一般情况下不会对胎儿产生影响。如果您的医生建议您进行射频消融治疗，那么您可以根据医生的建议进行治疗。

如果您对射频消融治疗不放心，可以与医生沟通，看是否有其他治疗方法可以考虑。例如，一些药物治疗、心脏起搏器植入等方法也可以用于治疗室上性心动过速。但是，具体治疗方案需要根据患者的具体情况进行选择，建议您与医生进行详细的沟通和讨论，以便选择最适合您和宝宝的治疗方案。

最后，祝您和宝宝健康！",-1
4,2,30,human,此外我有妊娠高血压病，妊娠期间我要格外注意什么？,19
4,2,30,model,"妊娠高血压病是一种妊娠期特有的疾病，需要引起足够的重视。在妊娠期间，您需要格外注意以下几点：

1. 定期产检：妊娠高血压病患者需要定期进行产检，以监测胎儿和母体的健康状况。建议您在妊娠20周后每周进行一次产检，包括血压、尿常规、尿蛋白、血常规、肝肾功能、血糖等检查。

2. 控制血压：妊娠高血压病患者需要控制血压，避免血压过高或过低。如果您的血压升高，需要及时治疗，以避免对胎儿和母体的健康造成不良影响。

3. 饮食调理：妊娠高血压病患者需要控制饮食，避免过度摄入盐分和高脂肪食物。建议您多食用新鲜蔬菜、水果、全谷类食物和低脂肪的蛋白质食物，如鱼、鸡肉、豆类等。

4. 适当运动：妊娠高血压病患者需要适当进行运动，以控制血压和保持身体健康。但是，运动量需要逐渐增加，避免过度运动。

5. 预防感染：妊娠高血压病患者需要预防感染，避免感染对胎儿和母体的健康产生不良影响。

最后，如果您出现任何不适症状，如头痛、头晕、视物模糊等，需要及时就医，接受专业医生的治疗。祝您和宝宝健康！",2
4,2,30,human,我应该隔多久去产检？我现在室上性心动过速，是不是检查的频率应该更高一点,32
4,2,30,model,"一般来说，妊娠高血压病患者需要在妊娠18-24周后进行初次产检，以了解胎儿和母体的健康状况。如果您的室上性心动过速较重，建议您在医生的指导下进行更加频繁的产检，以监测病情变化。

通常情况下，您需要每2-4周进行一次产检，直到妊娠28周后，可以根据医生的建议逐渐减少产检的频率。但是，对于妊娠高血压病患者来说，需要更加密切地监测病情变化，以保证胎儿和母体的健康。

需要注意的是，孕期产检需要根据医生的建议进行，一般情况下，妊娠高血压病患者需要进行更加频繁的产检，以监测病情变化。同时，如果在孕期出现任何不适症状，如头痛、头晕、视物模糊等，需要及时就医，接受专业医生的治疗。

最后，祝您和宝宝健康！",0
4,2,30,human,好的，那我顺利生下宝宝概率大吗？如果好好控制我的妊高症和室上性心动过速。因为我现在有点焦虑,41
4,2,30,model,"妊娠高血压病和室上性心动过速都是妊娠期间常见的心血管疾病，但是只要您能够积极控制病情，定期进行产检，遵医嘱进行治疗，一般情况下，您和宝宝的顺利生下概率会比较高。

在孕期，孕妇需要密切关注自己的身体状况，定期进行产检，积极治疗，控制血压和心律失常等病情，以确保胎儿和母体的健康。同时，您需要保持良好的心态，避免焦虑和紧张，保持心情愉快，这对胎儿的健康和母体的恢复也非常重要。

最后，祝您和宝宝都健康平安！",-1
