﻿2,4,10,human,您好，我这次来看病，主要是因为我最近已经两次晕倒了。一次实在办公室开会的时候，我晕倒之前就有预感，感觉自己两眼发黑，头晕烟花，晕倒之后，我同事说我到通风处被另一个同事掐了人中，马上就醒了，我自己没感觉。还有一次是地铁上，眼前发黑半分钟，但是还是自己知道的，找地方坐下慢慢就好了。,10
2,4,10,model,"我不是医生，但是我可以帮助您查找一些关于晕厥的信息。晕厥（syncope）是一种因短暂的大脑血流减少而导致意识丧失的情况。有许多可能的原因，包括心血管问题、低血压、低血糖、脱水、疲劳、过热、缺氧等。发生在办公室和地铁的晕厥可能与疲劳、紧张、拥挤的环境等因素有关。

建议您咨询专业医生进行详细检查，以确定晕厥的确切原因并采取适当的治疗措施。在此之前，您可以确保保持良好的作息习惯，保持充足的水分摄入，避免过度劳累，保持室内通风，避免在拥挤的环境中停留过长时间等。",22
2,4,10,human,您说的没错，我最近可能情绪波动有点大，大城市工作，小孩要自己带，现在33岁，压力很大，晚上经常睡不着，白天也没有精神。,8
2,4,10,model,"压力和紧张确实可能导致身体和心理状况的恶化。这里有一些建议，可以帮助您缓解压力并改善睡眠：

1. 保持规律作息：尽量在固定的时间上床睡觉和起床，即使在周末。

2. 创建舒适的睡眠环境：确保卧室安静、黑暗且温度适中，避免在床上使用电子设备。

3. 限制咖啡因和酒精摄入：尤其是在傍晚和晚上，因为它们可能干扰您的睡眠。

4. 放松身心：在睡觉前进行深呼吸练习、渐进性肌肉松弛或冥想，帮助您放松并减轻紧张。

5. 增加锻炼：尽量在白天进行适度的锻炼，这有助于提高您的精力水平并促进良好的睡眠。但请注意，避免在临近睡觉的时间进行剧烈运动。

6. 与他人分享：与亲朋好友分享您的忧虑和压力，或寻求心理治疗师的帮助，以便找到有效应对压力的方法。

希望这些建议能对您有所帮助。然而，如果您的睡眠问题和压力状况持续恶化，建议您寻求专业医生的帮助进行评估和治疗。",22
2,4,10,human,我晚上睡不着偶尔会吃思诺思这个药，不知道会不会上瘾，我吃的次数不多,4
2,4,10,model,"思诺思（Sonata）是一种处方药，其通用名为佐匹克隆（Zaleplon）。这种药物主要用于治疗短期失眠，它的作用原理是影响大脑中的某些化学物质，有助于促进放松和入睡。

虽然佐匹克隆的成瘾性相对较低，但长期使用仍有可能导致依赖性。建议您遵循医生的建议，只在需要时使用，并尽量避免长期使用。此外，您还可以尝试一些非药物治疗失眠的方法，例如改善睡眠卫生、认知行为疗法等。

如果您担心药物的副作用或成瘾性，请咨询医生或药剂师，他们可以为您提供更专业的建议。",14
2,4,10,human,那可以换一个依赖性弱的药物给我助眠吗,20
2,4,10,model,"我不是医生，因此不能为您提供具体的药物建议。但是，我可以告诉您一些常见的非处方药助眠药物，您可以咨询您的医生，看看这些药物是否适合您。

一种常见的非处方药助眠药物是美洛拉唑（melatonin），它是一种人体内天然产生的激素，有助于调节睡眠周期。美洛拉唑补充剂通常用于帮助调整生物钟，如时差反应或轮班工作引起的失眠。美洛拉唑相对安全，成瘾性较低，但在使用之前仍需咨询医生。

另外，您还可以尝试一些非药物治疗失眠的方法，例如：

1. 改善睡眠卫生：保持规律的作息时间、创造一个舒适的睡眠环境、限制咖啡因和酒精摄入等。

2. 验证性行为疗法（CBT-I）：这是一种针对失眠的心理治疗方法，主要通过改变不良的睡眠习惯和思维模式来改善睡眠。

3. 松弛技巧：在睡前进行深呼吸、渐进性肌肉松弛和冥想等方法，有助于放松身心，减轻紧张。

请务必咨询医生或药剂师，以确定最适合您的治疗方法。",18
2,4,10,human,我可以吃褪黑素助眠吗？效果专门有,19
2,4,10,model,"褪黑素（Melatonin）是一种天然激素，人体在黑暗环境中会分泌褪黑素，有助于调节睡眠-觉醒周期。褪黑素补充剂通常用于缓解时差、轮班工作以及与生物钟紊乱相关的失眠问题。

对于一般失眠症状，褪黑素可能对某些人有效，但并非适用于所有人。其效果因个体差异而异，对于一些人可能有助于改善入睡时间和睡眠质量，但对另一些人可能效果有限。

在尝试褪黑素助眠之前，请咨询您的医生，以确定这种补充剂是否适合您，并确保不会与您正在服用的其他药物发生相互作用。如果褪黑素对您有效，您的医生还可以为您推荐合适的剂量。同时，请注意，褪黑素通常只适用于短期使用，长期使用可能导致潜在副作用。

最后，改善睡眠卫生和尝试非药物治疗方法（如认知行为疗法）也是有效解决失眠问题的途径。",37
2,4,10,human,好的，我经常胃胀气，存在有慢性胃炎的情况，我需不需要吃药或者定期查查胃镜？我有点贫血，最近查出来血常规血红蛋白低，才9.0g/L。我不知道是什么疾病让我贫血,8
2,4,10,model,"我不是医生，但我可以提供一些建议。胃胀气和慢性胃炎可能会导致消化不适。与医生讨论您的症状和病史，以确定是否需要用药治疗或定期进行胃镜检查。

贫血是指血液中红细胞或血红蛋白含量低于正常水平，可能导致氧气输送不足。贫血有多种原因，如缺铁、缺乏维生素B12、慢性疾病等。贫血的症状可能包括疲劳、虚弱、头晕、心慌等。

您的血红蛋白水平低，建议您与医生讨论并进行进一步检查，以确定贫血的原因。医生可能会建议您进行血液检查、骨髓活检等检查。确定原因后，医生将为您制定相应的治疗方案，如补充铁、维生素B12、叶酸等。

同时，请确保保持良好的饮食习惯，多摄取富含铁、维生素B12和叶酸的食物，如红肉、绿叶蔬菜、豆类、坚果和全谷类食品等。此外，与医生定期跟进您的血常规和贫血状况，以确保治疗有效。",29
2,4,10,human,我现在很想知道为什么我经常两眼发黑，快要晕倒？是不是贫血引起的？好端端为什么贫血？是不是慢性胃炎的原因？怎么治疗呢？,15
2,4,10,model,"我不是医生，但我可以提供一些建议。眼前发黑、头晕、晕倒等症状可能与多种原因有关，其中之一可能是贫血。贫血导致血液中的氧气供应不足，从而可能引发这些症状。同时，其他可能的原因包括低血压、低血糖、脱水、心血管问题等。

贫血可能与多种原因有关，如缺铁、缺乏维生素B12或叶酸、慢性疾病等。慢性胃炎可能导致吸收营养物质的能力下降，从而导致贫血。此外，胃炎可能与幽门螺杆菌感染有关，这也可能导致贫血。

要确定您眼前发黑、头晕和晕倒的原因，建议您咨询医生并进行详细的检查。医生可能会为您进行血液检查、心电图、胃镜等检查，以确定症状的根本原因。一旦找到原因，医生将为您制定相应的治疗方案。

对于贫血，根据原因，治疗方法可能包括补充铁、维生素B12、叶酸等。对于慢性胃炎，治疗方案可能包括药物治疗（如抗酸药、抗生素等）、饮食和生活方式的调整（如避免辛辣食物、限制酒精摄入、规律饮食等）。请务必遵循医生的建议进行治疗。",18
2,4,10,human,贫血和慢性胃炎有什么关联吗？上面那么多病我应该挂哪个科？头晕晕倒、睡眠不好挂神经内科吗？精神科？还是消化内科？要转诊吗,16
2,4,10,model,"贫血与慢性胃炎可能存在一定关联。慢性胃炎可能导致胃黏膜受损，影响到人体对营养物质的吸收，如铁、维生素B12等。这些营养物质对于维持正常的血红蛋白水平和红细胞生成至关重要。因此，慢性胃炎可能是导致贫血的一个原因。

关于您的症状，建议您首先挂消化内科，因为您提到了慢性胃炎和胃胀气的问题。消化内科医生会针对您的症状进行评估，并可能建议您进行胃镜检查、血液检查等。

如果消化内科医生认为您的头晕、晕倒和睡眠问题可能与其他因素有关，他们可能会建议您转诊至神经内科或精神科。神经内科医生会关注您的神经系统状况，而精神科医生会关注您的心理和情绪问题。

请务必咨询医生并遵循他们的建议，以确保您得到适当的诊断和治疗。",16
2,4,10,human,我感觉自己得了心身疾病，我每天压力都好大。上有老下有小，工作经常不顺利。我怎么才能调整好自己的生活压力呢？,19
2,4,10,model,"面对生活压力，学会调整和管理压力至关重要。以下是一些建议，可以帮助您应对压力：

1. 保持良好的作息习惯：充足的睡眠对于应对压力非常重要。确保每天获得足够的休息，同时保持规律的作息时间。

2. 锻炼身体：适度的锻炼可以帮助您释放压力，提高心情。尝试每天进行30分钟的有氧运动，如散步、跑步、游泳等。

3. 保持健康的饮食：摄取均衡的饮食有助于提高身体素质和抵抗压力。多摄取新鲜蔬果、全谷类食品、瘦肉、豆腐、坚果等营养丰富的食物。

4. 学会放松：尝试一些放松技巧，如深呼吸、渐进性肌肉松弛、冥想、瑜伽等，帮助您缓解紧张和焦虑。

5. 建立支持网络：与亲朋好友分享您的感受，寻求他们的建议和支持。您也可以考虑参加支持团体，与其他面临类似压力的人交流经验。

6. 设定实际的目标：合理安排时间和任务，避免过高的期望。学会设定优先级，并接受自己无法完成所有任务的现实。

7. 学会说“不”：了解自己的能力范围，并为自己的需求和健康设定边界。学会拒绝超出自己能力范围的要求。

8. 考虑寻求专业帮助：如果压力持续严重影响您的生活质量，您可以考虑寻求心理治疗师或心理咨询师的帮助。

请记住，克服压力需要时间和持续的努力。尝试这些建议，并在适应过程中保持耐心。如果压力持续严重影响您的生活，请务必寻求专业医生的帮助。",27
2,4,10,human,谢谢,14
2,4,10,model,不客气！如果您有任何其他问题或需要帮助，请随时告诉我。祝您身体健康，生活愉快！,2
