﻿2,2,14,human,您好，我这次来看病，主要是因为我最近已经两次晕倒了。一次实在办公室开会的时候，我晕倒之前就有预感，感觉自己两眼发黑，头晕烟花，晕倒之后，我同事说我到通风处被另一个同事掐了人中，马上就醒了，我自己没感觉。还有一次是地铁上，眼前发黑半分钟，但是还是自己知道的，找地方坐下慢慢就好了。,15
2,2,14,model,您好，根据您的描述，您可能存在心脑血管方面的问题，建议您尽快到医院进行全面的检查和诊断。除了您晕倒的情况，是否有其他不适症状，比如胸痛、心悸、乏力等？您是否有高血压、高血脂、糖尿病等基础疾病？这些信息对于医生来说都是非常重要的。建议您到医院进行心电图、脑部CT等检查，以明确病因。同时，您也需要注意休息，避免过度疲劳，保持良好的生活习惯，如戒烟限酒、饮食健康等。如果有任何疑问，请及时咨询医生。祝您早日康复！,-2
2,2,14,human,我有点贫血，最近查出来血常规血红蛋白低，才9.0g/L。我不知道是上面疾病让我贫血,9
2,2,14,model,您好，贫血的原因很多，包括失血、营养不良、慢性疾病等。您提到您有两次晕倒的情况，可能与贫血有关。建议您到医院进行全面的检查和诊断，以明确病因。除了贫血，您是否有其他不适症状，比如头晕、乏力、心悸等？您的年龄、性别、身高、体重等基本信息也需要注意。同时，您需要注意休息，避免过度疲劳，保持良好的生活习惯，如戒烟限酒、饮食健康等。如果有任何疑问，请及时咨询医生。祝您早日康复！,-2
2,2,14,human,我现在很想知道为什么我经常两眼发黑，快要晕倒？是不是贫血引起的？好端端为什么贫血？是不是慢性胃炎的原因？怎么治疗呢？,4
2,2,14,model,"您好，两眼发黑、晕倒的情况可能与贫血有关，因为贫血会导致身体缺氧，从而影响脑部供血，引起晕厥等症状。但是，贫血的原因可能有很多种，需要进行全面的检查和诊断，以明确病因。建议您到医院进行心电图、血常规、胃镜等检查，以明确病因。

至于慢性胃炎的原因，可能与幽门螺杆菌感染、不良的饮食习惯、压力过大等因素有关。治疗方法包括抗生素、胃酸抑制剂等药物治疗，同时也需要注意饮食卫生和减轻压力。

最后，建议您避免过度疲劳，保持良好的生活习惯，如戒烟限酒、饮食健康等。如果有任何疑问，请及时咨询医生。祝您早日康复！",0
2,2,14,human,贫血和慢性胃炎有什么关联吗？上面那么多病我应该挂哪个科？,2
2,2,14,model,"贫血和慢性胃炎之间的关系并没有被证明，但是有些研究表明，贫血和胃病、胃溃疡等胃部疾病之间可能存在一定的关联。因此，建议您到医院进行全面的检查和诊断，包括心电图、血常规、胃镜、胃酸度测定等，以明确病因。

至于应该挂哪个科，您可以先到内科进行检查，根据检查结果再根据病情和需要选择相应的专科进行治疗。如果需要检查胃部疾病，可以到消化内科进行检查和治疗。同时，如果您有其他疾病，也可以根据病情选择相应的科室进行治疗。

最后，建议您尽快到医院进行检查和治疗，以保障您的健康。祝您早日康复！",-1
2,2,14,human,我经常胃胀气，存在有慢性胃炎的情况，我需不需要吃药或者定期查查胃镜？,4
2,2,14,model,"您好，如果您经常出现胃胀气和慢性胃炎的症状，建议您到医院进行检查和诊断。慢性胃炎是一种常见的胃部疾病，如果不加以治疗，可能会引起胃溃疡、胃出血等严重后果。

对于慢性胃炎的治疗，首先需要确定病因，如幽门螺杆菌感染、饮食习惯等。如果病因明确，可以根据医生的建议进行药物治疗，如抗生素、胃酸抑制剂等。同时，还需要注意饮食卫生和减轻压力。

对于胃胀气的治疗，可以通过改变饮食习惯、减轻压力、避免过度进食、适当运动等方法来缓解。如果症状严重，可以根据医生的建议使用一些药物治疗。

至于是否需要定期检查胃镜，这需要根据您的具体情况来决定。一般来说，如果存在明显的胃炎症状，如胃痛、胃胀气、反酸、恶心、呕吐等，建议进行胃镜检查，以明确病因。

最后，建议您到医院进行全面的检查和诊断，以确定病因和治疗方案。同时，也要注意保持良好的生活习惯，如戒烟限酒、饮食健康等。祝您早日康复！",1
2,2,14,human,贫血和慢性胃炎有什么关联吗？,1
2,2,14,model,"贫血和慢性胃炎之间并没有直接的关联，但是某些情况下，贫血可能会导致胃部不适和消化不良等症状。这可能是因为贫血导致的身体缺氧，影响了胃部供血，从而导致胃部不适。

此外，慢性胃炎和贫血也可能存在一定的关联。慢性胃炎是一种常见的胃部疾病，如果不加以治疗，可能会引起胃溃疡、胃出血等严重后果。而贫血是由于血液中的红细胞数量减少或质量不佳，导致身体缺氧，从而影响脑部供血，引起晕厥等症状。

因此，如果您经常出现贫血和胃部不适的症状，建议您到医院进行全面的检查和诊断，包括心电图、血常规、胃镜等，以明确病因。同时，还要注意饮食卫生和减轻压力，以保持良好的胃部健康。

最后，建议您遵循医生的建议进行治疗，以保障您的健康。祝您早日康复！",0
2,2,14,human,我感觉自己得了心身疾病，我每天压力都好大。上有老下有小，工作经常不顺利。我怎么才能调整好自己的生活压力呢？,1
2,2,14,model,"您好，感谢您向我咨询问题。您描述的症状可能与心身疾病有关，这是一种心理和生理疾病，常表现为心理压力、焦虑、抑郁等症状，严重时可能会影响身体。

对于您的情况，建议您积极采取一些措施来缓解压力，例如：

1. 学会放松技巧，如深呼吸、渐进性肌肉松弛、冥想等。

2. 进行适当的身体锻炼，如散步、瑜伽、游泳等。

3. 保持良好的睡眠习惯，每晚睡眠7-8小时。

4. 保持良好的饮食习惯，避免过量进食、暴饮暴食等。

5. 学会与人沟通，与家人和朋友分享自己的感受，寻求他们的支持和理解。

6. 如果情况严重，可以考虑寻求心理咨询或治疗，如认知行为疗法、催眠治疗等。

此外，您还可以尝试一些放松的活动，如听音乐、阅读、画画等，以缓解压力和焦虑情绪。

最后，建议您保持积极的心态，多与家人、朋友沟通交流，寻求他们的支持和帮助。如果您的症状持续存在或加重，建议您及时就医，寻求专业医生的帮助。

祝您早日恢复健康，生活愉快！",2
