﻿2,3,13,human,您好，我这次来看病，主要是因为我最近已经两次晕倒了。一次实在办公室开会的时候，我晕倒之前就有预感，感觉自己两眼发黑，头晕烟花，晕倒之后，我同事说我到通风处被另一个同事掐了人中，马上就醒了，我自己没感觉。还有一次是地铁上，眼前发黑半分钟，但是还是自己知道的，找地方坐下慢慢就好了。,10
2,3,13,model,您好，请问您晕倒之前有什么特别的感觉吗？比如头晕、恶心、心慌等等？,-5
2,3,13,human,没有恶心。就头晕，两眼发黑,13
2,3,13,model,好的，那您晕倒之后有感觉自己有什么异常吗？,-5
2,3,13,human,感觉不到了。但半分钟醒过来了,13
2,3,13,model,好的，那请问您最近有没有感觉到身体某些方面的不适呢？比如头晕、乏力、食欲不振等等？,-5
2,3,13,human,我最近可能情绪波动有点大，大城市工作，小孩要自己带，现在33岁，压力很大，晚上经常睡不着，白天也没有精神。,9
2,3,13,model,好的，根据您的症状和描述，您可能患有晕厥症。晕厥症是指由于脑血流量不足导致的短暂意识丧失的症状。您的情况可能与您的情绪波动和压力有关，同时您的症状也可能与心脏疾病有关。建议您进行一些检查，如心电图、血压、血糖等，以确定病因。同时，建议您减轻压力，保持良好的睡眠习惯，避免过度劳累和长时间站立。如果您的症状加重或出现其他不适，请及时就医。针对您的症状，医生可能会给您开一些药物，如β受体阻滞剂、钙通道阻滞剂等，以控制症状。此外，您还可以通过改变饮食习惯、增加运动等方式来改善身体状况。祝您早日康复！,-2
2,3,13,human,我有点贫血，最近查出来血常规血红蛋白低，才9.0g/L。我不知道是什么疾病让我贫血。和我晕倒有关吗,24
2,3,13,model,贫血是一种常见的疾病，是指血液中红细胞数量或质量不足导致氧运输能力下降。您的血红蛋白低，确实会导致贫血。贫血可能会引起头晕、乏力、心悸、呼吸困难等症状，也可能与您晕倒有关。但是，贫血并不是导致晕厥的唯一原因，还需要进行进一步的检查来确定病因。建议您进行进一步的检查，如胃肠道检查、甲状腺功能检查等，以确定病因。同时，建议您增加铁质、维生素B12和叶酸等营养物质的摄入，以促进红细胞的生成。如果您的症状加重或出现其他不适，请及时就医。祝您早日康复！,-2
2,3,13,human,我感觉自己得了心身疾病，我每天压力都好大。上有老下有小，工作经常不顺利。我怎么才能调整好自己的生活压力呢？,7
2,3,13,model,"您好，根据您的描述，您可能患有心理压力过大导致的心理疾病，也称为心身疾病。建议您采取以下措施来调整生活压力：

1. 寻找减压方式：可以通过运动、听音乐、阅读、社交等途径来放松自己。运动可以释放身体和心理的紧张感，有助于缓解压力。听音乐和阅读可以放松心情，而社交可以帮助您与他人分享情绪和压力。

2. 规律作息：保持良好的作息习惯，每天保证充足的睡眠时间，有助于恢复身体和心理的平衡。

3. 学会拒绝：面对一些不愉快或超出自己承受范围的事情，学会拒绝和取舍，不要过度纠结于小事。

4. 学会放松：可以通过深呼吸、冥想、瑜伽等方式来放松身心，缓解压力。

5. 寻求支持：与家人、朋友或专业心理咨询师交流，分享自己的感受和压力，获得支持和帮助。

6. 控制工作时间：合理安排工作和休息时间，避免过度劳累和压力积累。

7. 保持积极心态：相信自己的能力和价值，保持积极的心态，积极面对生活和工作中的困难。

如果以上措施不能有效缓解您的压力，建议您尽快咨询专业心理医生或心理咨询师，获取更详细和个性化的帮助。祝您早日恢复健康！",0
2,3,13,human,我经常胃胀气，存在有慢性胃炎的情况，我需不需要吃药或者定期查查胃镜？贫血和慢性胃炎有什么关联吗？,9
2,3,13,model,"您好，根据您的描述，您经常感到胃胀气，并且存在慢性胃炎的情况。慢性胃炎是一种常见的胃部疾病，它会导致胃黏膜受损，从而影响胃部的正常功能。这可能会导致胃胀气、恶心、呕吐、胃灼热等症状。此外，慢性胃炎还可能导致贫血。

贫血是由于体内缺乏足够的红细胞或红细胞中的血红蛋白不足而导致的。慢性胃炎可能会导致贫血，因为胃炎会破坏胃黏膜，从而影响胃部吸收铁质和维生素B12的能力。这些营养物质是制造红细胞所必需的。

因此，针对您的胃胀气和慢性胃炎，建议您采取以下措施：

1. 饮食调整：避免食用刺激性食物，如辛辣食物、油炸食物等。增加摄入富含维生素和微量元素的食物，如新鲜蔬菜、水果、全麦面包等。

2. 药物治疗：如果症状严重，可以考虑服用抗酸药物、抗生素等药物治疗慢性胃炎。

3. 定期检查：建议您定期进行胃镜检查，以便及早发现和治疗胃炎。

4. 治疗贫血：如果确诊为贫血，可以考虑服用铁剂、维生素B12等药物来补充营养。

最后，建议您及时就医，接受专业医生的诊断和治疗。祝您早日康复！",0
2,3,13,human,可以换一个依赖性弱的药物给我助眠吗,3
2,3,13,model,您好，根据您的描述，您可能需要助眠药物来改善睡眠质量。但是，我建议您先尝试一些非药物方法来改善睡眠问题。例如，保持规律的作息时间，避免在睡前饮用咖啡或茶，保持舒适的睡眠环境，避免过度疲劳和压力等。如果这些方法无法改善您的睡眠问题，您可以考虑使用一些非处方的助眠药物，如扎来普隆或唑吡坦。这些药物属于非苯二氮卓类药物，对于助眠效果较好，但是需要在医生的指导下使用，并遵循正确的用药方法。如果您有任何疑问或需要更多的帮助，请咨询您的医生或药剂师。谢谢！,-2
