﻿4,2,29,human,我因为怀孕期间发生了2次晕倒发作。第一次是家里面突然晕倒，没有其他不舒服的地方；第二次是在散步的时候，眼前感觉一黑，但是好在没有晕倒。第二次晕倒的时候感觉心慌慌的过了好一阵子也没有缓解，去医院看病，查出来是室上性心动过速。我倒不是怕这个病，我主要是现在怀孕第21周了，之前流产了两次，所以非常想要这个小孩，希望各种检查对小孩不要有影响，我的宝宝能健健康康的就好。,9
4,2,29,model,您好，根据您的描述，您可能患有室上性心动过速。这种病症通常会导致心悸、心跳过快等症状。对于怀孕期间的治疗，我们需要特别注意药物的选择，因为一些药物可能会对胎儿产生不良影响。建议您咨询妇产科医生或心内科医生，进行详细的检查和诊断，以确定最适合您的治疗方案。同时，您可以注意休息，避免过度劳累，保持心情愉快，这对您和宝宝的健康都非常重要。如果您有任何其他问题或疑虑，请随时向医生咨询。祝您和宝宝健康！,-2
4,2,29,human,医生说我需要射频消融，会对胎儿有影响吗,20
4,2,29,model,射频消融是一种有效的治疗室上性心动过速的方法，但是在怀孕期间使用需要特别注意。射频消融可能会对胎儿产生一定的影响，但是这种影响通常是暂时的，并且对于大多数胎儿来说是安全的。如果您的医生认为射频消融是必要的，您可以考虑在怀孕期间进行治疗。但是，您需要在治疗前告知医生您的怀孕情况，以便医生制定最合适的治疗方案。同时，您需要密切关注胎儿的发育情况，并遵循医生的建议进行治疗和观察。如果您有任何其他问题或疑虑，请随时向医生咨询。祝您和宝宝健康！,-1
4,2,29,human,您说射频消融可能对孕妇和胎儿产生一定的风险，是包括哪些风险呢？如果一定要做这些治疗，我要注意哪些事项？,29
4,2,29,model,"射频消融可能会对孕妇和胎儿产生一定的风险，包括流产、早产、低出生体重、胎儿发育迟缓、心律失常和心律不齐等。这些风险通常是暂时的，并且对于大多数孕妇和胎儿来说是安全的。

在进行射频消融治疗时，您需要注意以下几点：

1. 告知医生您的怀孕情况，以便医生制定最合适的治疗方案。

2. 在治疗前进行全面的检查，包括心电图、超声心动图和血液检查等。

3. 在治疗过程中，您需要保持放松，避免剧烈运动和情绪波动。

4. 治疗后需要密切关注胎儿的发育情况，并遵循医生的建议进行治疗和观察。

5. 如果您出现任何不适症状，如剧烈疼痛、头晕、心悸等，应及时就医。

总之，射频消融是一种有效的治疗室上性心动过速的方法，但是在怀孕期间使用需要特别注意。如果您需要进行射频消融治疗，请务必在医生的指导下进行，并密切关注胎儿的发育情况。如果您有任何其他问题或疑虑，请随时向医生咨询。祝您和宝宝健康！",1
4,2,29,human,那可不可以换一种治疗方法呢？,24
4,2,29,model,"当然可以。除了射频消融，还有其他治疗室上性心动过速的方法，如药物治疗、电复律和手术治疗等。药物治疗是室上性心动过速的首选治疗方法，可以有效地控制心律失常的发作。电复律和手术治疗则需要根据具体情况来决定。

如果您对射频消融治疗存在顾虑，可以与医生商议其他治疗方案。在选择治疗方案时，需要考虑患者的具体情况和病情严重程度，以及治疗的效果和风险等因素。同时，您需要密切关注胎儿的发育情况，并遵循医生的建议进行治疗和观察。

总之，在选择治疗方法时，需要综合考虑患者的具体情况和病情，以及治疗的效果和风险等因素，选择最合适的治疗方案。如果您有任何其他问题或疑虑，请随时向医生咨询。祝您和宝宝健康！",0
4,2,29,human,此外，我有妊娠高血压病，孕期要注意什么吗？,26
4,2,29,model,"妊娠高血压病是一种妊娠期常见的并发症，需要引起足够的重视。以下是孕期注意事项：

1. 定期产检：妊娠高血压病患者需要定期进行产检，包括测量血压、尿蛋白、血常规和尿常规等，以及进行胎儿超声检查。

2. 控制血压：妊娠高血压病患者需要控制血压，以避免对母体和胎儿的影响。可以通过口服药物或静脉注射药物来控制血压。

3. 注意饮食：妊娠高血压病患者需要注意饮食，避免高盐、高糖、高脂肪和高蛋白等食物，以减轻血压升高的情况。

4. 保持适当运动：妊娠高血压病患者需要适当的运动，以保持身体健康和预防妊娠高血压病的复发。

5. 注意休息：妊娠高血压病患者需要保持充足的休息，避免过度劳累和精神紧张。

6. 避免感染：妊娠高血压病患者需要避免感染，如感冒、流感等，以避免对母体和胎儿的影响。

总之，妊娠高血压病需要引起足够的重视，孕期注意事项包括定期产检、控制血压、注意饮食、适当运动、保持适当休息和避免感染等。同时，需要密切关注胎儿的发育情况，并遵循医生的建议进行治疗和观察。如果您有任何其他问题或疑虑，请随时向医生咨询。祝您和宝宝健康！",3
4,2,29,human,我应该隔多久去产检？我现在室上性心动过速、妊高症，是不是检查的频率应该更高一点,20
4,2,29,model,"对于您的情况，建议您在妊娠20周后进行产检，以监测血压、尿蛋白、尿糖等指标的变化，以及观察胎儿的发育情况。对于妊高症患者，建议每2周进行一次产检，并根据医生的建议进行相应的治疗。如果您的血压严重升高，或者出现其他不适症状，例如头痛、呕吐等，应及时就医并进行产前检查。

需要注意的是，妊娠高血压病和妊高症是一种妊娠期常见的并发症，需要引起足够的重视。因此，在产检时，医生会对您进行详细的检查和评估，以确保您和胎儿的健康。同时，您需要密切关注胎儿的发育情况，并遵循医生的建议进行治疗和观察。如果您有任何其他问题或疑虑，请随时向医生咨询。祝您和宝宝健康！",0
4,2,29,human,谢谢,20
4,2,29,model,不用谢，如果您还有其他问题或疑虑，请随时向我咨询。祝您和宝宝健康！,-4
