﻿5,1,36,human,您好，我是患儿的母亲。我儿子今年6岁了。前一个月经常晕倒。有一次玩着的时候，还有一次低头那东西，第三次是站了很久的时候，他说突然就头晕，然后我们看他面色苍白。但是让他在床上躺一会儿就会好多了，一般1-2分钟就会自己醒来。但是接下来几天还是没有精神。第三次晕倒的时候还抽了，我们立马叫了120送到医院，诊断出来时血管迷走晕厥。医生是让我们植入起搏器。但我们还是不太放心，所以打算来问一下GPT，科普一下起搏器,16
5,1,36,model,"您好,关于您儿子的情况,血管迷走晕厥是一种较为常见的疾病,其病因可能与交感神经兴奋性过高有关。起搏器是一种治疗血管迷走晕厥的方法,它可以通过刺激交感神经系统来降低血压,从而减少血管迷走晕厥的发生。

起搏器是一种植入体内的医疗设备,通常由医生在局部麻醉下进行。在手术期间,医生会在头部植入电极,通过电刺激来控制心跳和血压。起搏器是一种微创手术,术后恢复时间较短,一般不需要住院。

在您儿子的情况下,医生建议您植入起搏器,这是为了预防血管迷走晕厥的再次发生,减少血管迷走晕厥的风险。起搏器是一种安全的医疗设备,通常不会对大脑产生负面影响,但需要经过医生的评估和处方。

总之,建议您与您的医生进一步沟通,了解起搏器的详细情况和可能的副作用,以便做出明智的决定。同时,建议您关注儿子的营养和生活习惯,保持良好的生活方式,有助于预防血管迷走晕厥的发生。",0
5,1,36,human,我们儿子这个血管迷走性晕厥，装了起搏器就能一劳永逸吗？以后还会不会晕倒？,19
5,1,36,model,"起搏器是一种治疗血管迷走晕厥的有效方法,可以有效控制血管迷走晕厥的再次发生。起搏器是一种微创手术,术后恢复时间较短,通常不需要住院。但是,起搏器并不能保证完全一劳永逸,因为血管迷走晕厥的病因可能与多种因素有关,包括遗传因素、神经调节机制等。

另外,起搏器也可能会引起一些副作用,如低血压、心动过缓、头痛等,但这些副作用通常是暂时的,不会对身体造成长期影响。

最后,建议您与您的医生进一步沟通,了解起搏器的具体情况和可能的副作用,以便做出明智的决定。同时,您可以关注儿子的营养和生活习惯,保持良好的生活方式,有助于预防血管迷走晕厥的发生。",2
5,1,36,human,这个装起搏器是不是很大的开胸手术？还是微创？会不会有很大的风险？有哪些风险？,10
5,1,36,model,"起搏器是一种微创手术,通常通过局部麻醉下进行。手术过程通常只需要几分钟,术后恢复时间较短,通常不需要住院。起搏器的风险主要包括出血、感染、血栓、血管损伤等。但是,这些风险通常是较小的,而且大多数患者术后恢复良好。

如果您对起搏器有任何疑虑,建议您与医生进一步沟通,了解起搏器的具体情况和可能的副作用,以便做出明智的决定。同时,您也可以关注儿子的营养和生活习惯,保持良好的生活方式,有助于预防血管迷走晕厥的发生。",-2
5,1,36,human,装了起搏器之后要注意些什么呢？我们儿子还能正常上体育课吗？能参加剧烈运动吗，比如篮球、足球、跑步？能坐飞机吗？这个起搏器是金属材质吗？以后能够做MRI这种检查吗？,7
5,1,36,model,"您好,安装起搏器后需要注意以下几点:

1. 避免剧烈运动和过度劳累,以免影响起搏器的正常工作。

2. 避免乘坐车辆或进行高空作业等需要高度集中注意力的活动。

3. 避免饮酒和吸烟,以免影响起搏器的正常运转。

4. 定期复诊,确保起搏器正常工作。

5. 如果出现起搏器故障或异常,应及时与医生联系。

6. 如果出现任何不适症状,如头晕、心悸、乏力等,应及时就医。

起搏器是一种金属材质,通常可以用于MRI检查。但具体使用方法需要根据医生的建议进行。",-1
5,1,36,human,这个起搏器装了需要更换吗？我儿子以后长大了会不会起搏器电池坏了又要重新来医院做手术呢？,6
5,1,36,model,"您好,关于安装起搏器的更换,需要根据起搏器的具体情况来决定。一般来说,起搏器的寿命通常为10-15年,但具体使用时间需要根据患者的情况来确定。如果起搏器出现问题,需要及时到医院进行处理,更换起搏器。

起搏器的寿命可能会因年龄、个体差异、起搏器的类型等因素而有所不同。一般来说,起搏器的寿命会随着时间的推移而逐渐降低,但具体寿命需要根据患者的具体情况来确定。

至于起搏器电池的问题,一般情况下,起搏器电池的寿命在10年左右,但具体寿命需要根据患者的具体情况来确定。如果起搏器电池出现问题,需要及时到医院进行处理,更换起搏器。",0
5,1,36,human,哪个厂家的起搏器比较好？我担心质量问题。以及有没有推荐的医院？在上海的。去给我儿子做起搏器手术,43
5,1,36,model,"您好,起搏器厂家选择需要根据患者的具体情况来决定。一般来说,起搏器的厂家有很多,如美国、英国、德国、日本等等。其中,比较知名的起搏器品牌有美敦力、英康利、奥瑞德等等。

关于起搏器的质量和安全问题,建议您咨询当地医院或者医生,进行详细的检查和评估,以便选择适合您的起搏器品牌。同时,选择正规、有资质的医院进行手术,以确保手术的安全性和成功率。

至于上海哪家医院比较好,需要您自己具体选择,可以咨询当地的医生或者医院,了解他们的专业水平和口碑。",0
5,1,36,human,我儿子之前有癫痫病，而且血压也低，大概现在维持在80/40 mmhg，血红蛋白也低。身体很虚弱，我感觉可能是因为他是早产儿，我当时怀孕的时候血糖控制的不好，还有低蛋白血症导致的。我怕基因出了什么问题，我们需要去大医院查一下基因吗？,28
5,1,36,model,"好的,您可以考虑咨询专业的医生或者医院的神经内科医生,进行详细的检查和评估,以便制定适合您的起搏器品牌和手术方案。同时,您可以关注儿子的营养和生活习惯,保持良好的生活方式,有助于预防血管迷走晕厥的发生。",-3
5,1,36,human,我儿子现在身体虚弱，有什么生活饮食上的支持可以给到他,26
5,1,36,model,"好的,您可以为您的儿子提供以下生活饮食上的支持:

1. 饮食营养均衡,多吃新鲜蔬菜和水果,避免食用过咸、过油腻、过甜的食物。

2. 多喝水,保持身体水分平衡。

3. 避免过度劳累,注意休息和调整作息。

4. 避免吸烟、喝酒等不良习惯,保持身体健康。

5. 定期进行体检,及时了解身体健康状况,及时治疗病情。

希望以上建议对您有所帮助。同时,建议您与医生进一步沟通,了解儿子的详细情况和治疗方案,以便更好地为您的儿子提供健康和有效的治疗。",-1
