﻿2,3,11,human,头晕常见吗？正常人会头晕吗？头晕会造成什么危害？,38
2,3,11,model,尊敬的患者，头晕是一种常见的症状，不仅仅限于患有疾病的人。正常人也会偶尔出现头晕的情况，这可能是由于长时间保持一个姿势、饥饿、脱水或者其他身体原因引起的。但是，如果您经常出现头晕的情况，或者伴随其他症状，如恶心、呕吐、眩晕、耳鸣等，那么就需要引起重视了。这些症状可能是某些疾病的表现，如内耳疾病、颈椎病、高血压、低血糖、贫血等。如果长期头晕，可能会影响生活质量和工作效率，严重的甚至会危及生命。因此，如果您出现头晕等症状，建议及时就医，以便及早诊断和治疗。如果您还有其他问题，欢迎随时向我咨询。,2
2,3,11,human,我晕倒前后没有呕吐，意识尚在，眼前一黑，然后就站不住了，不知道发生了什么,26
2,3,11,model,尊敬的患者，您好。根据您的描述，您晕倒前后没有呕吐，但意识尚好，眼前一黑，然后就站不住了。这种情况可能是由于血压突然下降或大脑供血不足引起的。建议您及时到医院进行检查，排除脑供血不足和低血糖等疾病。同时，您可以注意观察晕倒前后的症状，如头晕、心悸、出汗等，这些症状可能有助于医生更好地判断您的病情。平时注意保持良好的生活习惯，避免过度劳累和饮食不规律，保持充足的睡眠和适当的运动，有助于预防疾病的发生。如果您有其他疑问或需要进一步的帮助，请随时与医生联系。祝您早日康复！,3
2,3,11,human,睡眠质量不好是不是会影响第二天的身体状态，睡不好和头晕有必然的联系吗,43
2,3,11,model,尊敬的患者，睡眠质量不好确实会对身体状态和心情产生一定的影响，而头晕也可能是其中的一种表现。睡眠质量不好可能会导致免疫力下降，身体抵抗力减弱，从而容易感染疾病。此外，睡眠质量不好还会影响大脑功能，导致注意力不集中、记忆力下降等问题，从而影响工作和生活。因此，建议您养成良好的睡眠习惯，保持规律的作息时间，避免过度疲劳和精神紧张，以及注意饮食健康，避免过度饮酒和吸烟等不良习惯。如果您有其他疑问或需要进一步的帮助，请及时咨询医生。祝您身体健康！,2
2,3,11,human,思诺思这类精神药物长时间服用会不会有副作用，这和我头晕有关联吗,26
2,3,11,model,您好，思诺思等精神药物在医生的指导下长期服用是安全的，但是需要在医生的监督下逐渐停药。长期服用思诺思可能会有一些副作用，例如思诺思可能会导致性欲减退，但并不会引起头晕。如果您在使用思诺思等精神药物期间出现头晕等症状，建议您及时告知医生，以便医生对您的治疗方案进行调整。此外，思诺思可能会引起性欲减退，但并不会引起头晕。如果您有其他疑问或需要进一步的帮助，请及时咨询医生。祝您早日康复！,2
2,3,11,human,轻度贫血严重吗？我最近义词检查，数值是9.0g/L,47
2,3,11,model,您好，根据您提供的信息，您的血红蛋白数值为9.0g/L，这意味着您可能患有轻度贫血。血红蛋白是反映红细胞数量和质量的重要指标，如果血红蛋白数值过低，可能会导致身体各个器官供氧不足，出现头晕、乏力、心慌等症状。建议您及时就医，进行进一步的检查和治疗，以确定贫血的原因，并采取相应的治疗措施。同时，您可以通过饮食调理和适当的运动来帮助缓解贫血症状，例如多吃富含铁、叶酸、维生素B12的食物，如瘦肉、鸡蛋、豆类、绿叶蔬菜等，避免过度劳累和情绪波动，保持良好的心态和生活习惯。如果您有其他疑问或需要进一步的帮助，请随时与医生联系。祝您早日康复！,3
2,3,11,human,这种头晕需要采取什么治疗手段呢？,21
2,3,11,model,"根据您所描述的症状，头晕可能是由多种原因引起的，因此治疗方法也会有所不同。我建议您先到医院进行全面的检查，以确定头晕的具体原因。

在大多数情况下，头晕可能与以下一些疾病有关：

1. 内耳疾病，例如良性阵发性位置性眩晕症。

2. 中枢神经系统的疾病，例如脑供血不足、脑震荡、颅内肿瘤等。

3. 颈椎病，因为颈椎问题可能会导致头晕、颈部僵硬等症状。

4. 血压过低或血糖过低。

5. 焦虑、抑郁等心理问题。

一旦明确了头晕的具体原因，医生会制定相应的治疗方案。例如，对于内耳疾病，可以通过特定的体位训练和药物治疗来缓解症状；对于颈椎病，可以通过物理治疗、按摩、药物治疗等方法来减轻症状。

总之，针对头晕的治疗需要根据具体原因进行，所以我建议您尽快到医院进行检查，以便明确诊断并采取相应的治疗措施。",5
2,3,11,human,紧张焦虑对身体有危害吗？是否会导致我头晕,41
2,3,11,model,"尊敬的患者，紧张焦虑对身体健康确实会有影响。长期的紧张和焦虑会导致身体内分泌失调，从而影响人体的正常机能，出现一系列的身体和心理健康问题，包括头晕等症状。此外，长期处于紧张和焦虑状态还会降低人体的免疫力，增加患病的风险。

因此，我建议您尽量避免过度紧张和焦虑，保持良好的心态和生活习惯。您可以通过适当的放松训练、运动、社交活动等方式来缓解紧张和焦虑情绪。如果您的症状持续存在或加重，建议您及时就医，以便医生进行进一步的诊断和治疗。

同时，我也建议您关注自己的饮食和作息习惯，保持充足的睡眠和适当的运动，这有助于改善身体和心理健康。如果您有其他疑问或需要进一步的帮助，请随时与医生联系。祝您身体健康！",4
2,3,11,human,我的家人没有和我产生同样的情况，我是不是个人体质不太好呢,29
2,3,11,model,"您好，根据您的描述，您家人没有出现头晕的情况，而您自己出现了这种情况，这并不能说明个人体质不好。头晕可能是由多种原因引起的，例如内耳疾病、颈椎病、血压过低或血糖过低等。因此，我们需要进行全面的检查，以确定头晕的具体原因。

在治疗方面，根据具体情况，可能需要进行特定的体位训练、药物治疗、物理治疗等。因此，我建议您及时就医，进行进一步的检查和治疗，以便找到合适的治疗方法。

同时，我也建议您关注自己的生活习惯，保持良好的心态和饮食习惯，避免过度劳累和情绪波动，这有助于改善身体和心理健康。如果您有其他疑问或需要进一步的帮助，请随时与医生联系。祝您早日康复！",3
