﻿1,2,5,human,经常性头晕眼黑站不稳，对人的危害大吗？是得了什么病吗,29
1,2,5,model,您好，头晕眼黑站不稳可能是多种疾病引起的，包括心血管疾病、神经系统疾病等。如果您的头晕眼黑站不稳频繁发作，建议您及时就医，进行全面的身体检查和相关检查，以明确病因。如果是由于血压过低或贫血等原因引起的，需要及时纠正，以免影响身体健康。如果是由于心脑血管疾病引起的，需要进行进一步的治疗，以避免病情加重。同时，建议您注意饮食健康，保持良好的生活习惯，以维护身体健康。如果您有其他问题，可以随时向我咨询。,6
1,2,5,human,我有高血压，不贫血，有时候还会胸闷心悸，这是什么原因导致的呢,34
1,2,5,model,您好，高血压和不贫血的情况下出现胸闷心悸，可能是由于心血管疾病引起的。心血管疾病包括冠心病、心绞痛、心肌梗死等，这些疾病会导致心肌缺血，引起心悸、胸闷等症状。同时，高血压也可能导致心悸、胸闷等症状。建议您及时就医，进行心电图、血压监测、血脂检查等，以明确病因并进行治疗。此外，您还可以注意饮食健康，减少盐分、脂肪等摄入，适量运动，保持心情愉悦，以维护心血管健康。如果您有其他问题，可以随时向我咨询。,6
1,2,5,human,我也感觉可能是心脏的问题。我做过心电图，说我左边心室肿大扩大，还有一个永久性的房颤，这种情况要动手术吗,46
1,2,5,model,您好，左侧心室肿大扩大和永久性房颤，可能是心房颤动引起的左心室肥厚，也可能是其他原因引起的，比如高血压、甲状腺疾病等。如果您的左心室肥厚程度较轻，且没有心功能损害，那么不需要手术治疗，可以采取药物治疗或改变生活方式来控制病情。如果您的左心室肥厚程度较重，心功能也受到了影响，那么需要进行手术治疗，以减轻心肌负担，改善心功能。具体是否需要手术治疗，需要结合您的具体情况进行评估，建议您到医院进行详细检查，听从医生的建议进行治疗。同时，您还可以注意饮食健康，避免过度劳累，保持心情愉悦，以维护心脏健康。如果您有其他问题，可以随时向我咨询。,8
1,2,5,human,一定要做手术吗？能不能不做手术，老人吃不消了，有没有什么药可以吃？,33
1,2,5,model,您好，针对左心室肥厚和永久性房颤，是否需要手术治疗，需要根据具体情况进行评估，包括左心室肥厚程度、心功能、年龄、身体状况等因素。如果左心室肥厚程度较轻，心功能尚好，可以采取药物治疗、改变生活方式等措施来控制病情，如低盐饮食、戒烟限酒、适当运动等。如果左心室肥厚程度较重，心功能明显下降，可能需要进行手术治疗，以减轻心肌负担，改善心功能。因此，建议您到医院进行详细检查，听取医生的建议进行治疗。同时，在生活中，您还可以注意饮食健康，避免过度劳累，保持心情愉悦，以维护心脏健康。如果您有其他问题，可以随时向我咨询。,8
1,2,5,human,在种类型的心脏手术费用会不会很高，要是太高我就不做了，还是吃药比较好,41
1,2,5,model,您好，心脏手术的费用会受到多种因素的影响，如手术类型、手术难度、医院等。不同地区的医疗费用标准也有所不同，不同医院的手术费用也会有所差异。一般来说，心脏手术的费用相对较高，但具体费用需要根据您的情况进行评估。对于老年人来说，由于身体状况和心功能等因素，手术风险会增加，手术费用也会相应增加。因此，在决定是否进行手术时，需要综合考虑多种因素，包括手术风险、费用等，做出最适合自己的决策。对于药物治疗，也可以根据医生的建议进行，以控制病情，改善心功能。同时，需要注意的是，药物治疗只是对症治疗，对于病情较重、心功能明显下降的患者，可能需要进行手术治疗，以达到更好的治疗效果。建议您在医生的指导下进行治疗，根据自己的情况做出决策。如果您有其他问题，可以随时向我咨询。,9
1,2,5,human,头晕会不会和我的脑子有关呢？我大概10年前得过脑梗，当时没有头晕，就是说话说不清，左腿不利,70
1,2,5,model,头晕的病因很多，可能与神经系统、心血管系统、内分泌系统等多个方面有关。根据您提供的信息，您曾经得过脑梗，这可能是导致头晕的原因之一。脑梗死后，可能会出现脑部功能障碍，如语言障碍、肢体无力等，这些症状可能会导致头晕。此外，心血管系统疾病，如高血压、冠心病等，也可能导致头晕。因此，建议您到医院进行详细检查，排除其他可能的病因，如贫血、心脏病等，以明确病因，并进行相应的治疗。同时，您可以注意饮食健康，保持良好生活习惯，以维护身体健康。如果您有其他问题，可以随时向我咨询。,8
1,2,5,human,高血压、高血脂还有和心脏有关和脑梗有关的药物可以一起吃吗？实在不想做手术，但是又怕药混着吃容易出现问,51
1,2,5,model,高血压、高血脂和心脏疾病等疾病往往是相互影响的。同时使用多种药物可能会增加药物相互作用的风险，导致治疗效果不佳，甚至出现不良反应。因此，建议您在医生的指导下进行治疗，避免自行随意使用药物。根据您的情况，可能需要使用多种药物来控制高血压、高血脂和心脏疾病等疾病。具体的药物组合需要根据您的具体情况来确定，可能包括降压药、降脂药、扩血管药物等。建议您在医生的指导下进行治疗，根据医生的建议进行用药，以确保治疗效果和安全性。同时，您还可以注意饮食健康，适当运动，保持心情愉悦，以维护心血管健康。如果您有其他问题，可以随时向我咨询。,8
1,2,5,human,我想问问新冠后的后遗症会不会加剧我头晕眼花胸闷气短的症状呢,45
1,2,5,model,新冠后遗症可能会加剧一些症状，包括头晕、眼花、胸闷、气短等。这些症状可能与新冠病毒感染、治疗或康复过程中的某些药物有关。但是，这些症状也可能与其他病因有关，如高血压、心脏疾病等。因此，建议您在医生的指导下进行治疗，排除其他可能的病因，如贫血、心脏病等，以明确病因，并进行相应的治疗。同时，您可以注意饮食健康，适当运动，保持心情愉悦，以维护身体健康。如果您有其他问题，可以随时向我咨询。,6
