﻿4,1,32,human,怀孕21周发生两次晕厥，应该采取什么措施,7
4,1,32,model,"孕妇发生晕厥的原因有很多种,包括低血压、贫血、心脏疾病等。如果您在怀孕期间发生了两次晕厥,建议尽快就医,以便确定病因并采取相应的治疗措施。

在等待就医的过程中,您可以尝试以下措施:

1.保持平静,避免过度激动和紧张。

2.保持平躺姿势,避免突然起床或转身。

3.避免过度疲劳,保持充足的休息和睡眠。

4.避免过度饮水和过度饮酒。

5.注意饮食,保证营养均衡,避免过度饱食或饥饿。

6.避免长时间站立或坐着,尽量多休息。

7.保持室内通风,避免过于闷热。

8.如果晕厥经常发生,可以咨询医生,了解是否需要药物治疗。

需要注意的是,孕妇出现晕厥后应立即就医,以便及时处理和治疗。",5
4,1,32,human,孕妇的心脏不适应该怎么办，会遗传给胎儿吗,2
4,1,32,model,"孕妇心脏不适应可能是由于心脏疾病引起的,这是一种常见的孕妇并发症。如果孕妇出现心脏不适应,应该及时就医,以便进行相应的治疗。

孕妇心脏不适应的症状包括心跳加快、胸闷、呼吸困难等,可能会对胎儿产生一定的影响。如果孕妇出现心脏不适,应该及时就医,以便及时治疗和预防。

孕妇心脏不适应通常不会遗传给胎儿,但孕期需要定期接受产前检查和孕期保健,以确保母婴的健康。如果出现心脏不适,应该及时就医,以便得到及时的治疗和预防。",3
4,1,32,human,心脏超声没有异常，为什么心跳会过速,2
4,1,32,model,"心脏超声检查可以排除心脏疾病,但不一定能确定孕妇心脏不适应的原因。孕妇心跳过速可能是由多种原因引起的,包括血压异常、贫血、心脏疾病等。如果您在怀孕期间发生了两次晕厥,建议您及时就医,以便明确病因并采取相应的治疗措施。

孕期心脏病是一种比较常见的孕妇并发症,但不一定会遗传给胎儿。孕期需要定期接受产前检查和孕期保健,以确保母婴的健康。如果出现心脏不适,应该及时就医,以便得到及时的治疗和预防。",10
4,1,32,human,家族直系亲属没有类似的病患，为什么我会出现这种情况,2
4,1,32,model,"孕期心脏不适的原因有很多种,可能是孕妇本身的心脏疾病,也可能是孕期并发症导致的。孕期心脏不适的症状包括心跳加快、胸闷、呼吸困难等,可能会对胎儿产生一定的影响。如果孕妇出现两次晕厥,建议您及时就医,以便明确病因并采取相应的治疗措施。

孕妇心脏不适应通常不会遗传给胎儿,但孕期需要定期接受产前检查和孕期保健,以确保母婴的健康。如果出现心脏不适,应该及时就医,以便得到及时的治疗和预防。",18
4,1,32,human,孕妇在怀孕21周出现的高血压会不会遗传给胎儿,3
4,1,32,model,"孕妇高血压可能会遗传给胎儿,但不一定会遗传给胎儿,孕期需要定期接受产前检查和孕期保健,以确保母婴的健康。如果出现高血压,应该及时就医,以便得到及时的治疗和预防。",1
4,1,32,human,心跳过速除了X射线检查，还有其他方式吗,7
4,1,32,model,"孕妇心跳过速除了X射线检查,还有其他检查方法,如心电图、心脏超声等。如果您的孕期发生了两次晕厥,建议您及时就医,以便进行进一步的检查和治疗。同时,孕期需要定期接受产前检查和孕期保健,以确保母婴的健康。如果出现晕厥,应该及时就医,以便得到及时的治疗和预防。",2
4,1,32,human,孕妇的妊娠高血压等孕妇产下孩子后会自己好吗,4
4,1,32,model,"孕妇在怀孕期间出现高血压,可能会导致孕妇出现各种并发症,如贫血、心脏疾病等。如果孕妇在孕期出现了高血压,需要及时就医,以便进行相应的治疗措施。同时,孕期需要定期接受产前检查和孕期保健,以确保母婴的健康。如果出现晕厥,应该及时就医,以便得到及时的治疗和预防。

孕妇高血压在分娩后可能会自行恢复,但也有可能持续存在。如果孕妇在分娩后仍然出现高血压,需要及时就医,以便得到及时的治疗和预防。同时,孕妇需要注意孕期保健,定期接受产前检查和孕期保健,以确保母婴的健康。如果出现晕厥,应该及时就医,以便得到及时的治疗和预防。",4
4,1,32,human,家族直系亲属无类似病例，我为什么会在怀孕期间晕厥呢,1
4,1,32,model,"孕妇在怀孕期间出现晕厥的原因有很多,可能是胎儿发育异常、孕妇身体状况不佳、孕妇贫血、低血压、心脏疾病等引起的。如果您在怀孕期间发生了晕厥,建议您及时就医,以便进行进一步的检查和治疗。同时,孕期需要定期接受产前检查和孕期保健,以确保母婴的健康。如果出现晕厥,应该及时就医,以便得到及时的治疗和预防。",6
