﻿4,2,27,human,怀孕期间晕厥是饭后散步，突然感觉到心跳变快了，然后就有些头晕，过了两秒就眼前一黑，家人扶着我坐了会就稍微缓解了，这是什么原因,13
4,2,27,model,您好，根据您的描述，您怀孕期间出现了晕厥症状，这可能是由于血压过低、血糖过低、脑缺血、内耳疾病、过度疲劳、过度饮水、过饱等原因引起的。建议您在出现晕厥症状时，先静卧休息，并及时补充水分，观察晕厥症状是否再次出现。如果晕厥症状频繁出现或伴随其他症状，如心悸、胸闷、气短等，建议您尽快就医，进行详细检查和诊断，以确定病因并采取相应的治疗措施。如果您有其他疑问或需要更多帮助，请随时向我提问。祝您健康！,3
4,2,27,human,怀孕期间特别在意胎儿健康，时而感觉到焦虑，这种情况会让孕妇晕厥吗,4
4,2,27,model,孕妇在怀孕期间由于对胎儿健康的格外关注，可能会出现一些心理上的压力和焦虑，这些因素可能会导致晕厥的发生。因此，建议您在怀孕期间保持积极心态，放松心情，避免过度焦虑和紧张，同时注意保持良好的生活习惯，如规律作息、合理饮食、适量运动等，以保持身体健康和胎儿的健康。如果晕厥症状频繁出现或伴随其他症状，如心悸、胸闷、气短等，建议您及时就医，进行详细检查和诊断，以确定病因并采取相应的治疗措施。如果您有其他疑问或需要更多帮助，请随时向我提问。祝您和宝宝健康！,4
4,2,27,human,为什么孕妇走着走着就突然眼前一黑,3
4,2,27,model,孕妇在怀孕期间由于体内荷尔蒙水平的变化和身体的特殊情况，可能会出现一些不适症状，如头晕、乏力、恶心、呕吐等。而突然眼前一黑可能是由于低血压、低血糖、体位性低血压等原因引起的。建议您在怀孕期间避免突然站起或快速改变体位，尤其是在饭后散步时，要慢慢走，避免突然站起来。如果晕厥症状频繁出现或伴随其他症状，如心悸、胸闷、气短等，建议您及时就医，进行详细检查和诊断，以确定病因并采取相应的治疗措施。如果您有其他疑问或需要更多帮助，请随时向我提问。祝您和宝宝健康！,5
4,2,27,human,我有妊娠高血压，是否会导致晕厥,2
4,2,27,model,妊娠高血压是一种妊娠期特有的疾病，如果未能得到及时治疗，可能会导致孕妇出现晕厥等症状。因此，如果您被诊断为妊娠高血压，建议您积极治疗，避免出现严重的并发症，如子痫前期、子痫等。同时，建议您定期进行产前检查，监测血压和血糖等指标，以及胎儿的发育情况。如果出现晕厥等症状，建议您及时就医，进行详细检查和诊断，以确定病因并采取相应的治疗措施。如果您有其他疑问或需要更多帮助，请随时向我提问。祝您和宝宝健康！,3
4,2,27,human,怀孕21周的孕妇能接受射频消融治疗么,3
4,2,27,model,射频消融治疗是一种治疗胎儿心脏病的方法，适用于一些特定类型的心脏病，如心内束带、先天性心房纤颤等。对于怀孕21周的孕妇，如果确诊为胎儿心脏病，需要在妊娠期间进行治疗。但是，射频消融治疗对于孕妇和胎儿的安全性尚未得到充分证实，因此建议您在妊娠期间避免进行该项治疗。如果您的孩子被诊断为先天性心脏病，建议您在孩子出生后进行及时的诊断和治疗，以保证孩子的健康。如果您有其他疑问或需要更多帮助，请随时向我提问。祝您和宝宝健康！,4
4,2,27,human,除了以上的检查方式，还有没有其他保守一点，相对稳妥的治疗方式,4
4,2,27,model,除了检查和治疗，还有一些保守一点，相对稳妥的治疗方式，如药物治疗、手术治疗等。药物治疗是通过药物控制心脏病的症状，如心律失常、心悸等。手术治疗是通过手术切除或修复心脏病患者的心脏部分组织，以达到治疗的目的。但是，在选择治疗方式之前，需要根据患者的具体情况进行综合评估和诊断，以确定最适合患者的治疗方案。因此，建议您在怀孕期间及时就医，接受专业医生的诊断和治疗，以保障您和胎儿的健康。如果您有其他疑问或需要更多帮助，请随时向我提问。祝您和宝宝健康！,5
4,2,27,human,这种晕厥情况会随着怀孕的时长更加频繁的出现吗,12
4,2,27,model,晕厥的频率和严重程度可能因人而异，也可能因不同的病因而异。对于怀孕期间出现晕厥的女性，晕厥的发生可能与怀孕本身没有直接关系，但怀孕期间的身体变化、药物使用、营养不良、情绪波动等因素可能会影响晕厥的发生。因此，建议您注意饮食、休息和情绪调节，避免过度疲劳，并根据医生的建议进行治疗和管理。同时，定期进行产前检查，监测血压、血糖等指标，以及胎儿的发育情况，以及时发现和治疗任何可能存在的问题。如果晕厥症状频繁出现或伴随其他症状，如心悸、胸闷、气短等，建议您及时就医，进行详细检查和诊断，以确定病因并采取相应的治疗措施。如果您有其他疑问或需要更多帮助，请随时向我提问。祝您和宝宝健康！,5
4,2,27,human,如果再次出现晕厥，如何进行自我缓解,7
4,2,27,model,"如果再次出现晕厥，您可以尝试以下自我缓解措施：

1. 坐下来或躺下来，尽可能放松身体。

2. 深呼吸几次，以放松身体和缓解焦虑。

3. 如果您感到头晕或恶心，可以先坐下来或躺下来，尽量避免突然站起。

4. 如果您感到口渴，可以喝些水或果汁，但不要喝太多。

5. 如果您感到疲劳或身体虚弱，可以尝试一些轻度的锻炼或体操，以帮助恢复体力。

6. 如果您感到焦虑或紧张，可以尝试一些放松技巧，如深呼吸、冥想或瑜伽等，以缓解情绪。

如果晕厥症状持续或伴随其他症状，如胸痛、意识不清等，建议您及时就医，进行详细检查和诊断，以确定病因并采取相应的治疗措施。如果您有其他疑问或需要更多帮助，请随时向我提问。祝您和宝宝健康！",6
