﻿3,1,17,human,1.伴有抽搐的晕厥是怎么回事,146
3,1,17,model,"伴有抽搐的晕厥可能是由多种原因引起的,包括癫痫、低血糖、心脏疾病、中风、药物反应等。如果您或您认识的人出现这种症状,建议立即就医。医生可能会进行相关检查以确定病因,并制定相应的治疗方案。",1
3,1,17,human,晕厥的时候胸部不太舒服，这是怎么回事,13
3,1,17,model,"晕厥时胸部不适可能是由于缺氧引起的。缺氧是指血液中氧气含量不足,导致身体无法得到足够的氧气供应,从而引起一系列症状,包括呼吸困难、头晕、恶心、乏力等。如果您或您认识的人出现这种症状,建议立即就医。医生可能会进行相关检查以确定病因,并制定相应的治疗方案。同时,如果您或您认识的人出现类似的症状,建议及时就医,以便及早诊断和治疗。",2
3,1,17,human,心肌梗塞应该怎么办，心电监护花费大吗,7
3,1,17,model,"心肌梗塞是指心肌缺血缺氧,导致心肌细胞死亡。治疗方法包括药物治疗、介入治疗和手术治疗。具体治疗方法需要根据病情、年龄、身体状况等因素进行个体化制定。

心电监护是一种无创的心电图检查方法,可以检测心脏的电活动,帮助医生判断心脏的异常状态。费用因地区和医院不同而异,一般在几百到几千元之间。如果您或您认识的人需要进行心电监护,建议及时就医,以便及早诊断和治疗。",3
3,1,17,human,我有16余年的糖尿病历史，目前还在使用胰岛素，这会造成头晕吗,33
3,1,17,model,"糖尿病患者容易出现低血糖、低血压、心跳过缓等问题,这些状况都可能导致头晕等不适症状。建议您和您的家人在糖尿病患者的饮食中注意控制血糖,避免过度使用胰岛素,同时遵医嘱进行药物治疗和生活方式调整。同时,也建议您定期就医,接受专业的检查和治疗,以便及时发现和治疗糖尿病相关的问题。",2
3,1,17,human,我有10年的高血压历史，目前还在用平素络活喜降压，这会造成头晕吗,4
3,1,17,model,"高血压本身不会导致头晕,但如果您的血压过高,可能会引起头晕等不适症状。建议您定期监测血压,遵医嘱进行治疗,并注意饮食和生活方式的调整。

平素络活喜是一种降压药,其降压作用与阿司匹林类似,可以有效减少血栓形成的风险,但并不一定能够完全预防心脑血管疾病的发生。因此,建议您在医生的指导下进行药物治疗,并定期进行体检和监测血压、血糖等指标,以便及时发现和治疗相关疾病。",2
3,1,17,human,我一个月前心绞痛，被确诊为急性心肌梗塞和冠脉造影，做了3个支架，这会造成头晕吗,5
3,1,17,model,"头晕可能是多种原因引起的,包括低血糖、低血压、心脏疾病等。如果您或您认识的人出现头晕等症状,建议及时就医,以便及早诊断和治疗。同时,建议您在医生的指导下进行药物治疗和生活方式调整,以预防和减少心脑血管疾病的发生。",1
3,1,17,human,工作压力大会引起晕厥抽搐吗,3
3,1,17,model,"长期工作压力、紧张情绪、焦虑等情绪因素可能会影响身体健康,引起头晕等症状。建议您适当减压,保持良好的心理状态,同时注意饮食和生活方式的调整,以预防和减少心脑血管疾病的发生。

如果您或您认识的人出现晕厥等症状,建议及时就医,以便及早诊断和治疗。同时,建议您定期就医,接受专业的检查和治疗,以便早期发现和治疗相关疾病。",2
3,1,17,human,ICD植入人体有什么好处和坏处,3
3,1,17,model,"ICD是一种通过植入心脏起搏器来调节心脏节律的医疗设备,可以有效地预防和治疗心律失常、心力衰竭等心脏疾病。对于冠心病、心肌梗死、心律失常、心力衰竭等疾病的治疗,ICD是一种有效的治疗方法。

但是,ICD植入人体后需要终身服用抗凝药物,因此需要定期监测凝血功能,以确保植入的ICD不会移位或者脱落。此外,ICD植入后需要定期进行心脏超声检查,以确保植入的起搏器正常工作。

总之,ICD植入是一种治疗心血管疾病的微创手术方法,可以有效地预防和治疗心脏病、心力衰竭等心脏疾病。但是在决定接受起搏器治疗之前,建议您咨询专业医生的意见,并定期进行检查和随访。",4
3,1,17,human,有没有适合我的室颤治疗方案,2
3,1,17,model,"您的室颤治疗方案需要根据您的具体情况进行个体化制定,建议您咨询专业的医生进行详细评估和治疗方案制定。一般来说,室颤的治疗包括药物治疗、心导管消融、心脏起搏器植入等多种方法,具体方法需要根据病情、年龄、身体状况等因素进行个体化制定。同时,建议您在医生的指导下进行药物治疗和生活方式调整,以预防和减少心脑血管疾病的发生。",2
