﻿2,1,12,human,办公室开会突然头晕，这是什么原因导致的？,31
2,1,12,model,"突然头晕可能有多种原因,包括:

1. 低血糖:如果你在上班时没有吃早餐或者运动不足,可能会导致血糖过低,从而引起头晕。

2. 贫血:如果你缺乏足够的铁、维生素B12等营养素,也可能导致头晕。

3. 颈椎病:颈椎病可能会引起头晕和颈部疼痛。

4. 高血压:高血压可能会导致头晕和头痛等症状。

5. 精神压力:如果你在上班时感到紧张、焦虑或压力过大,也可能导致头晕。

如果你突然头晕,建议立即休息,补充水分,如果症状持续或加重,建议咨询医生。",4
2,1,12,human,头晕持续半分钟左右，有时记得发生了什么，有时不记得头晕后发生什么,39
2,1,12,model,"头晕可能是由于多种原因引起的,包括低血糖、贫血、颈椎病、高血压、精神压力等。如果你头晕持续半分钟左右,建议立即休息,补充水分,如果症状持续或加重,建议咨询医生。",1
2,1,12,human,我经常睡不好，这会不会影响心肺功能，进而造成我头晕呢,25
2,1,12,model,"长期睡眠不足可能会影响身体健康,包括影响心肺功能。长期的睡眠不足可能会导致疲劳、头痛、头晕、注意力不集中等症状。此外,睡眠不足也可能会导致焦虑和紧张情绪,进一步影响身体的正常功能。建议你保持充足的睡眠时间,每天尽量保证7-8小时的睡眠时间。如果症状持续或加重,建议咨询医生。",2
2,1,12,human,思诺思助眠药我偶然会吃，如果说睡眠会影响我头晕，有什么办法可以提升我的睡眠质量呢,18
2,1,12,model,"思诺思是一种镇静催眠药,但是过量使用可能会导致依赖和药物滥用,因此不建议长期使用。对于改善睡眠质量,可以尝试以下方法:

1. 建立规律的睡眠时间和睡眠环境,保持安静、舒适和黑暗的睡眠环境。

2. 避免使用电子产品,如手机、电脑、电视等,这些设备会影响睡眠质量。

3. 改善睡眠习惯,如保持规律的睡眠时间、避免在睡前进行刺激性活动、避免饮食过饱等。

4. 放松身心,如进行深呼吸、冥想、瑜伽等,有助于缓解压力和焦虑情绪。

如果以上方法无法缓解症状,建议咨询医生。",4
2,1,12,human,贫血该怎么办呢？贫血带来的头晕严重吗,46
2,1,12,model,"贫血可能会引起头晕,但头晕并不一定是由贫血引起的。贫血的原因有很多,如营养不良、失血、慢性疾病等。如果贫血严重,可能会引起头晕、疲劳、注意力不集中等症状,甚至影响日常生活。因此,建议你咨询医生,进行全面的检查和诊断,以确定贫血的原因和程度,并制定相应的治疗计划。",2
2,1,12,human,我在办公室晕倒，同事掐人中我大概半分钟就醒了，这种情况需要去医院吗,6
2,1,12,model,"如果你出现了突然的头晕,建议立即就医。头晕可能是多种原因引起的,包括低血糖、贫血、颈椎病、高血压、精神压力等。如果症状持续或加重,建议咨询医生。如果症状持续或加重,建议立即就医。",1
2,1,12,human,怎么样缓解精神压力？特别是工作方面的压力。,5
2,1,12,model,"缓解精神压力的方法有很多,以下是一些常见的方法:

1. 深呼吸:通过深呼吸可以放松身体和心情,减轻压力。

2. 放松身心:通过放松身心,可以缓解身体的紧张和焦虑情绪。可以尝试瑜伽、冥想、深呼吸等方法。

3. 运动:适当的运动可以缓解压力和焦虑情绪,例如散步、慢跑、瑜伽等。

4. 社交:和朋友、同事交流可以缓解压力和焦虑情绪,例如外出旅行、参加社交活动等。

5. 寻求专业帮助:如果以上方法无法缓解症状,建议咨询医生,寻求专业的治疗和帮助。

另外,如果症状持续或加重,建议咨询医生。",4
2,1,12,human,胃胀气是什么原因导致的？我有慢性胃炎，我想知道胃病会不会造成头晕,3
2,1,12,model,"胃胀气的原因有很多,包括饮食习惯、压力、消化不良、胃肠道疾病、药物副作用等。慢性胃炎可能会导致胃胀气,但是头晕的原因可能是多种多样的,因此建议咨询医生以确定具体原因,并根据医生的建议进行治疗。",1
