﻿1,1,4,human,长时间头晕眼花是什么原因,29
1,1,4,model,"长时间头晕眼花可能有多种原因,包括但不限于以下情况:

1. 缺乏睡眠或睡眠质量不佳:长期睡眠不足或睡眠质量不佳会导致头晕眼花。

2. 贫血:贫血会导致氧气供应不足,引起头晕眼花。

3. 低血压:低血压会导致血液不能充分到达大脑,引起头晕眼花。

4. 内耳问题:内耳问题如良性阵发性位置性眩晕、梅尼埃病等会引起头晕眼花。

5. 其他健康问题:如心脏病、糖尿病等。

如果长时间头晕眼花,建议及时就医,进行相关检查和治疗。",6
1,1,4,human,我早睡早起，有高血压。有时候还有胸闷和心悸的问题，有没有什么病同时会胸闷心悸、头晕眼花,58
1,1,4,model,"高血压可能会导致胸闷、心悸等问题。此外,其他健康问题如心脏病、糖尿病等也可能引起这些症状。建议您及时就医,进行相关检查和治疗。同时,保持良好的生活习惯和饮食习惯,适当进行运动,控制血压和血糖水平,有助于预防和缓解这些症状。",2
1,1,4,human,高血压我是由的，10年前我还有过脑梗，当时是说话也说不清楚，左腿不能动。我一直在吃降压药啊，叫卡什么利的，糖尿病我是没有的,89
1,1,4,model,"长期高血压可能会导致脑梗塞等脑血管疾病,而脑血管疾病也可能导致胸闷、心悸等问题。建议您定期检查血压和血糖水平,遵医嘱服用药物,并保持良好的生活习惯和饮食习惯,适当进行运动,有助于预防和缓解这些症状。同时,也建议您及时就医,进行相关检查和治疗。",3
1,1,4,human,高血脂会头晕眼花吗？我以前一直在服用相关药物，但是最近停用了,38
1,1,4,model,"高血脂可能会导致头晕眼花,但是头晕眼花并不一定是高血脂的症状,还有其他一些疾病或症状可能导致头晕眼花,如颈椎病、贫血、低血压、内耳问题等。建议您及时就医,进行相关检查和治疗,以确定症状的原因。同时,保持良好的生活习惯和饮食习惯,适当进行运动,有助于预防和缓解这些症状。",3
1,1,4,human,我生活习惯挺好的，吃的也很健康。颈椎病、贫血、低血压和内耳问题应该都没有，我不但没有低血压，我还高血压呢,117
1,1,4,model,"如果您的血压一直维持在正常范围内,并且没有出现头晕眼花等症状,那么您很可能没有高血脂。但是,如果您的血压一直维持在正常范围内,但是出现了头晕眼花等症状,建议您及时就医,进行相关检查和治疗,以确定症状的原因,并采取相应的治疗措施。同时,保持良好的生活习惯和饮食习惯,适当进行运动,有助于预防和缓解这些症状。",4
1,1,4,human,高血压和高血脂都有的，糖尿病没有。我心脏也不好，好像是左边心脏有问题，我吸烟50年了，肺功能也不太好,64
1,1,4,model,"如果您的高血压和高血脂症状长期存在,建议您及时就医,进行相关检查和治疗。同时,保持良好的生活习惯和饮食习惯,适当进行运动,有助于预防和缓解这些症状。此外,建议您定期进行血压和血糖水平监测,遵医嘱服用药物,保持良好的生活习惯和饮食习惯,有助于预防和缓解这些症状。同时,建议您及时就医,进行相关检查和治疗,以确定症状的原因,并采取相应的治疗措施。",4
1,1,4,human,什么监测血压和学糖，去医院吗还是自己买个仪器测量？爬山会不会环节这种运动，我很怕哪天爬山的时候也头晕，要是眼前一黑就完了,73
1,1,4,model,"您可以通过在医院进行相关检查和治疗,如血压和血糖水平监测、心电图、脑血流图等检查。您可以咨询医生或医院相关科室的医生,根据具体情况选择适合您的检查方法。

在爬山时,建议您选择室内运动,避免在空气污染严重的地方进行运动,同时注意保持室内通风。如果头晕眼花严重,建议您及时就医,进行检查和治疗。",4
1,1,4,human,我这种情况不用做手术吧？有没有什么药可以定期吃，然后走国家医保,25
1,1,4,model,"您的病情需要医生进行综合评估,包括血压、血糖、血脂等方面的检查,以确定症状的原因和治疗方案。一般情况下,如果病情较严重,需要进行手术治疗,但具体治疗方案需要根据您的具体情况而定。如果您需要药物治疗,建议您在医生的指导下进行治疗,并严格遵守医嘱。

除了药物治疗,保持良好的生活习惯和饮食习惯,适当进行运动,有助于预防和缓解这些症状。此外,建议您定期就医,进行相关检查和治疗,以确定症状的原因和治疗方案。同时,您也可以尝试一些自然疗法,如针灸、按摩等,有助于缓解症状。",5
