﻿5,2,36,human,晕厥伴有大小便失禁的孩童，这是为什么,6
5,2,36,model,尊敬的家长，您好。根据您描述的情况，孩子出现晕厥并伴有大小便失禁，可能是由于脑血管病变引起的。建议您尽快带孩子到医院进行脑部CT或MRI检查，以明确病因。如果检查结果显示有脑血管病变，需要进行进一步的治疗，包括抗脑水肿治疗、改善脑循环的治疗以及预防脑梗塞的治疗等。同时，我们也建议您在日常生活中注意孩子的饮食和生活习惯，保持良好的作息和心情，有助于孩子的康复。如果您还有其他问题或疑虑，可以随时向医生咨询。祝您和孩子健康！,3
5,2,36,human,血管迷走性晕厥是什么意思,6
5,2,36,model,血管迷走性晕厥是一种常见的晕厥类型，也称为血管舒缩性晕厥。这种晕厥是由于血管迷走神经张力增加、交感神经张力降低，导致心率减慢、血压下降，从而引起晕厥。这种晕厥通常发生在运动、体位变化、情绪激动等情况下，常见于青少年和年轻人。如果您的孩子出现了晕厥的症状，建议您及时就医，进行相关检查和治疗，以确定病因并进行相应的治疗。同时，我们也建议您在日常生活中注意孩子的饮食和生活习惯，保持良好的作息和心情，有助于孩子的康复。如果您还有其他问题或疑虑，可以随时向医生咨询。祝您和孩子健康！,4
5,2,36,human,孩子晕倒是不是体质不好，除了加强运动，还有什么方式可以提升孩子的体质吗,2
5,2,36,model,"孩子晕倒的原因可能有很多种，不一定是因为体质不好。如果孩子晕倒的原因是由于运动过度或体位改变引起的，适当的运动和改变体位可能有助于缓解症状。但是，如果晕倒的原因是由于其他疾病或病理状态引起的，需要针对病因进行治疗。

除了加强运动，还有其他方式可以提升孩子的体质，例如：

1. 合理膳食：保证孩子的饮食营养均衡，摄入足够的蛋白质、维生素和矿物质等营养物质，有助于增强孩子的体质。

2. 充足睡眠：保证孩子每天有充足的睡眠时间，有助于恢复体力和提高免疫力。

3. 保持情绪稳定：避免过度紧张、焦虑、压力等情绪，可以通过听音乐、阅读等方式缓解情绪，有助于保持身心健康。

4. 预防感染：预防和控制感染，保持孩子的免疫功能，有助于预防疾病的发生和发展。

总之，提升孩子的体质需要从多方面入手，包括饮食、运动、睡眠、情绪等方面。如果孩子出现了晕倒等不适症状，建议及时就医，进行相关检查和治疗，以明确病因并进行相应的治疗。同时，家长也可以通过观察孩子的生活习惯和情绪状态，及时发现问题并进行干预和治疗。如果您还有其他问题或疑虑，可以随时向医生咨询。祝您和孩子健康！",8
5,2,36,human,运动健身能改变孩子贫血、低血压的问题从而改善晕倒的状况吗,5
5,2,36,model,"运动健身可以有助于改善贫血和低血压的问题，从而缓解晕倒的症状。但是，运动健身并不是治疗贫血和低血压的唯一方法。如果孩子的贫血和低血压问题比较严重，需要进行治疗和管理，以避免病情加重和晕倒的发生。

在运动健身时，需要注意以下几点：

1. 适当的运动量：运动量过大会增加孩子的心脏负担，导致贫血和低血压等问题，因此需要根据孩子的身体情况进行适当的运动量。

2. 注意运动时间和方式：运动时间和方式的选择也很重要，需要避免在饭后或临睡前进行剧烈运动，以免影响睡眠和消化。

3. 注意保暖：在寒冷的天气或运动后，需要及时添加衣物，避免受寒引起身体不适。

4. 坚持运动：运动需要持之以恒，不能一时半会儿就能看到效果。需要坚持长期进行，才能有效改善贫血和低血压等问题。

总之，运动健身可以有助于改善贫血和低血压的问题，但需要根据孩子的具体情况进行适当的运动量和方式，并注意保暖和坚持运动。如果孩子出现了贫血或低血压的症状，建议及时就医，进行治疗和管理。",7
5,2,36,human,血管的问题是癫痫造成的吗,3
5,2,36,model,"血管问题不一定与癫痫有关，但是癫痫可能导致血管异常。癫痫是一种神经系统疾病，其病因复杂，包括遗传因素、脑部结构异常、脑部感染、脑外伤、代谢异常等多种因素。在癫痫发作时，脑部神经元会产生异常电活动，导致脑部血管扩张和收缩，从而影响脑部血液的供应和代谢，进而引起神经系统功能障碍，包括认知、运动、情绪等方面。

血管问题和癫痫之间的关系比较复杂，一般来说，癫痫本身不会直接影响血管问题，但如果癫痫发作导致脑部缺血或缺氧，可能会影响血管问题。此外，一些药物治疗癫痫时，也可能会对血管产生不良影响，从而导致血管问题。

总之，血管问题和癫痫之间的关系比较复杂，需要综合考虑多种因素进行诊断和治疗。如果孩子出现了血管问题或癫痫的症状，建议及时就医，进行相关检查和治疗，以明确病因并进行相应的治疗。同时，家长也可以注意孩子的日常生活习惯和饮食，保持良好的作息和心情，有助于孩子的康复和健康。如果您还有其他问题或疑虑，可以随时向医生咨询。祝您和孩子健康！",7
5,2,36,human,血管的问题和孩子贫血有关吗,2
5,2,36,model,"血管问题可能与孩子的贫血有关，但并不是所有贫血都是由于血管问题引起的。贫血是指血液中的红细胞数量或质量不足，导致血液无法满足身体需要，从而影响身体各个器官和组织的正常功能。

血管问题可能导致贫血的原因包括：

1. 贫血性疾病：如肾性贫血、铁缺乏性贫血、维生素B12缺乏性贫血等。

2. 血管性疾病：如动脉粥样硬化、高血压、动脉狭窄等。

3. 药物或毒物：如化疗药物、重金属、农药等。

4. 其他疾病：如甲状腺功能减退、内分泌失调等。

如果孩子出现了贫血的症状，需要进行相关检查和治疗，以确定病因并进行相应的治疗。同时，家长也可以注意孩子的饮食和生活习惯，保证孩子的营养均衡和身体健康。如果孩子出现了血管问题或贫血的症状，建议及时就医，进行相关检查和治疗，以明确病因并进行相应的治疗。如果您还有其他问题或疑虑，可以随时向医生咨询。祝您和孩子健康！",7
5,2,36,human,希望能给出一个长期的健康管理建议,2
5,2,36,model,"以下是一些长期的健康管理建议，可以帮助您保持身体健康：

1. 健康饮食：饮食健康对身体健康至关重要。建议您多食用新鲜蔬菜、水果、全谷类食物、低脂肪、低盐、低糖的食物，避免过量摄入油炸、烧烤、腌制等高热量、高脂肪、高盐、高糖的食物。

2. 适量运动：适量的运动有助于保持身体健康，建议您每周进行150分钟的有氧运动，如快走、游泳、慢跑等。

3. 睡眠充足：睡眠对身体健康至关重要，建议您每晚睡眠7-9小时，并保持规律的睡眠时间。

4. 管理压力：压力是健康的一个重要因素，建议您学会管理和缓解压力，如通过冥想、瑜伽、听音乐等方式进行放松和缓解压力。

5. 定期体检：定期体检可以帮助您及早发现健康问题，并进行预防和治疗。

6. 戒烟限酒：吸烟和饮酒都会对身体健康造成不良影响，建议您戒烟限酒，减少对身体的伤害。

7. 保持心情愉快：心情愉快对身体健康非常重要，建议您保持积极的心态，多与家人、朋友交流，寻求心理支持和帮助。

总之，保持健康的饮食习惯、适量运动、规律作息、定期体检、戒烟限酒、保持心情愉快等健康生活习惯，可以帮助您保持身体健康，预防疾病的发生和发展。如果您还有其他问题或疑虑，可以随时向医生咨询。祝您和家人身体健康！",9
5,2,36,human,如果采取起搏器的方式，能不能完全治疗呢,3
5,2,36,model,"起搏器是一种治疗心脏疾病的方法，可以通过植入起搏器来控制心脏的节律和心率。起搏器可以帮助治疗心律不齐、心跳过缓、心跳过速等心脏疾病，但并不能完全治愈心脏疾病，因为心脏疾病有很多种类型，治疗方案也会因病情而异。

对于一些心律不齐、心跳过缓或心跳过速等心脏疾病，起搏器可以帮助恢复正常的心脏节律和心率，从而改善患者的生活质量。但是，对于其他心脏疾病，如心肌梗死、心力衰竭、心肌炎等，起搏器可能并不适合治疗，还需要结合其他治疗方法进行综合治疗。

因此，如果您的孩子需要起搏器治疗，建议您咨询专业的医生，了解具体的治疗方案和效果，以及可能存在的风险和并发症。同时，也要注意孩子的日常生活和饮食习惯，保持健康的生活方式，有助于提高治疗效果和预防疾病的复发。如果您还有其他问题或疑虑，可以随时向医生咨询。祝您和家人健康！",6
