﻿1,3,3,human,什么原因会造成头晕、眼黑，已经蛮经常的了，大概有个半年了,49
1,3,3,model,您好，根据您的描述，您已经出现了头晕、眼黑的症状半年了。这些症状可能与肝火上炎或肝风内动有关。建议您采取以下措施来改善症状：保持规律的作息时间，避免过度疲劳；适当进行运动，促进血液循环；保持心情舒畅，避免情绪波动；饮食要清淡，避免辛辣刺激的食物。如果症状持续存在或加重，建议及时就医，进行进一步的检查和治疗。同时，您可以告诉我更多的信息，我会尽力帮助您找到病因并给出相应的建议。,3
1,3,3,human,肝风内动是咱们中医的概念吗？我的饮食挺健康的，心情也还可以，我每天都早起早睡的。我有时候拿东西还会感觉到胸闷，上气不接下气的,60
1,3,3,model,您好，根据您的描述，您已经排除了肝火上炎和肝风内动的可能。但是，根据您的症状，您可能患有上气不接下气、胸闷、心慌等情况。这些症状可能与心脏供血不足或心肌缺血有关。建议您进行心电图检查，以确定是否存在心肌缺血的情况。如果检查结果正常，您可以尝试服用阿司匹林肠溶片来改善症状。此外，您也可以在日常生活中注意饮食健康、心情愉快，适当进行运动，保持规律的作息时间，这些都有助于改善您的症状。如果症状持续存在或加重，请及时就医，以便及时诊断和治疗。如果您还有其他问题，可以随时向我咨询。祝您健康！,5
1,3,3,human,心电图我也做了，左心室肥大、左心房扩大，还有一个永久性房颤，是不是跟这个有关，是你说的心肌缺血吗,54
1,3,3,model,"您好，根据您提供的心电图结果，左心室肥大、左心房扩大和永久性房颤可能与您的心肌缺血有关。心肌缺血会导致心脏供血不足，从而引起心脏肌肉的损伤和炎症反应，长期积累下来会导致心脏肌肉增厚，形成左心室肥大。同时，房颤也会导致心脏供血不均，进一步加重心肌缺血和心脏肌肉的损伤。

建议您及时就医，进行进一步的检查和治疗，以便及时缓解症状和预防心脏疾病的进一步发展。同时，您也可以注意饮食健康、心情愉快，适当进行运动，保持规律的作息时间，这些都有助于改善您的症状和预防心脏疾病的发生。如果您还有其他问题，可以随时向我咨询。祝您健康！",5
1,3,3,human,心脏问题会造成我头晕眼黑胸闷吗？我以为这是新冠的后遗症,33
1,3,3,model,"尊敬的患者，您好。根据您的描述，头晕眼黑和胸闷的症状可能与心脏问题有关。心肌缺血会导致心脏供血不足，从而引起心脏肌肉的损伤和炎症反应，导致心脏肥大和心房扩大，以及房颤等心律失常。这些症状可能会引起头晕眼黑和胸闷等不适感觉。

建议您及时就医，进行进一步的检查和治疗，以便及时缓解症状和预防心脏疾病的进一步发展。同时，您也可以注意饮食健康、心情愉快，适当进行运动，保持规律的作息时间，这些都有助于改善您的症状和预防心脏疾病的发生。

如果您还有其他问题或需要进一步的帮助，请随时向我咨询。祝您健康！",4
1,3,3,human,我以前肺动过手术，蛮早了，15年了已经，这个会不会也有影响？我年级比较大了，我还在抽烟，抽烟大半辈子了，会不会影响心脏,58
1,3,3,model,"尊敬的患者，您好。根据您的描述，您以前曾进行肺动手术，已经15年了。抽烟是导致肺部疾病的主要原因之一，长期吸烟会导致肺部功能下降，从而影响心脏的健康。因此，您需要注意保持良好的生活习惯，戒烟限酒，保持心情舒畅，避免过度劳累。此外，您可以考虑服用阿司匹林肠溶片来改善症状。

另外，您也可以注意饮食健康、心情愉快，适当进行运动，保持规律的作息时间，这些都有助于改善您的症状和预防心脏疾病的发生。如果您还有其他问题或需要进一步的帮助，请随时向我咨询。祝您健康！",4
1,3,3,human,抽烟和肺部有关，为什么会影响心脏呢？,22
1,3,3,model,"尊敬的患者，您好。抽烟是导致心脏疾病的主要原因之一。香烟中的尼古丁和其他化学物质会对血管壁产生损害，导致血管变得硬化，从而影响心脏的正常供血和血液循环。此外，烟草燃烧时会产生大量的有害气体和化学物质，这些物质会进入血液循环，对心脏和血管产生负面影响。

长期吸烟还会导致心脏肌肉变薄，心脏收缩力减弱，心脏功能下降，增加心脏疾病的风险。因此，如果您还在吸烟，建议您尽快戒烟，保持良好的生活习惯，定期进行体检和心脏检查，以保护您的心脏健康。

希望我的回答能对您有所帮助。如果您还有其他问题或需要进一步的帮助，请随时向我咨询。祝您健康！",5
1,3,3,human,明白了。对我我这种情况，是要动手术吗？我光吃药行不行？老了，怕手术有风险啊，额儿子女儿不在家，我一个老头子在医院不太方便,61
1,3,3,model,"尊敬的患者，您好。根据您的病情描述，如果您患有肺动脉瓣关闭不全，需要进行手术治疗。药物治疗可以缓解症状，但不能治愈疾病。手术治疗是治疗肺动脉瓣关闭不全的主要方法，可以有效缓解症状，提高生活质量。

由于您年岁已高，担心手术风险，但是手术是目前治疗肺动脉瓣关闭不全的有效方法，建议您尽快进行手术治疗。如果您担心手术的不便，您可以与医生沟通，了解手术的具体情况，医生会根据您的具体情况，为您制定适合的手术方案。

在手术前，您需要注意休息，避免剧烈运动和过度劳累，保持良好的心态和饮食习惯，为手术治疗做好准备。手术后，您需要按照医生的建议进行恢复训练和康复护理，以加快康复进程。

最后，如果您还有其他问题或需要进一步的帮助，请随时向我咨询。祝您健康！",8
1,3,3,human,那这个手术费用能不能医保报销呢？别给我用高价的仪器，我用不起，不能定期吃药来缓解症状吗,69
1,3,3,model,"尊敬的患者，您好。根据您的问题，手术费用是否能够医保报销需要根据手术的具体情况和医院的收费标准来确定。一般来说，医保可以报销一部分手术费用，但是具体报销比例和金额需要咨询当地医保部门或者医院的财务部门。

另外，您提到想使用价高的仪器，但是手术费用不能定期吃药来缓解症状。手术治疗是一种有效的治疗方法，可以帮助您缓解症状，提高生活质量。如果您无法承担手术费用，可以与医生沟通，了解手术的具体情况，医生会根据您的具体情况，为您制定适合的手术方案，并告知手术费用和治疗方式。

最后，建议您保持良好的生活习惯，戒烟限酒，避免过度劳累，定期进行体检和心脏检查，以预防心脏疾病的发生。如果您还有其他问题或需要进一步的帮助，请随时向我咨询。祝您健康！",6
