﻿4,1,30,human,心脏过速为什么会导致人短暂昏迷,8
4,1,30,model,"心脏过速是指心脏跳动速度过快,导致心脏负担加重,出现心悸、胸闷、气促等症状。如果心脏过速导致短暂昏迷,可能是因为心脏过速导致血压下降,导致脑缺血,导致短暂昏迷。这种情况通常是由于心脏疾病、血压异常、药物副作用等原因引起的。建议及时就医,进行相关检查和治疗。",8
4,1,30,human,孕妇晕厥会不会对胎儿造成影响？应该如何去医院检查,2
4,1,30,model,"孕妇晕厥可能会引起胎儿的缺氧,导致胎儿发育迟缓、智力发育迟缓等问题。因此,孕妇出现晕厥症状应该及时就医,进行相关检查和治疗。

具体检查方法包括:

1. 心电图检查:可以检查心脏节律、心率、心律等情况。

2. 超声心动图检查:可以检查心脏结构和功能,确定心脏是否正常。

3. 磁共振成像(MRI):可以检查心脏结构和功能,确定心脏结构和功能是否正常。

4. 血液检查:可以检查血液指标,确定是否存在贫血、高血压等疾病。

5. 动态心电图检查:可以记录心脏的电活动情况,检查心脏节律和功能是否正常。

以上检查方法需要由专业医生根据具体情况进行选择。建议及时就医,进行相关检查和治疗,以保障孕妇和胎儿的健康。",10
4,1,30,human,孕妇如何避免心跳过速,2
4,1,30,model,"孕妇避免心跳过速的方法包括:

1. 规律作息,避免熬夜和过度劳累。
2. 注意饮食,避免暴饮暴食、过饱过饥。
3. 减少吸烟、饮酒等不良习惯。
4. 避免精神紧张、情绪波动。
5. 避免长时间站立或久坐不动。
6. 定期进行体检,及时发现和治疗心脏疾病。

如果孕妇出现了心跳过速的症状,应该及时就医,进行相关检查和治疗,以保障孕妇和胎儿的健康。",3
4,1,30,human,我曾经有2次早孕流产，会不会是因为流产的原因导致这次怀孕晕厥,3
4,1,30,model,"孕妇出现心跳过速的症状并不一定会导致胎儿受到影响,但是如果孕妇出现心跳过速的症状,应该及时进行检查和治疗。

孕妇出现心跳过速的症状可能有多种原因,包括心脏疾病、高血压、贫血、药物副作用等。因此,建议及时就医,进行相关检查和治疗,以保障孕妇和胎儿的健康。",2
4,1,30,human,孕妇如何缓解心脏不适，当预感要晕厥时应该怎么办,4
4,1,30,model,"孕妇出现心跳过速的症状时,应该及时就医,进行相关检查和治疗。以下是一些缓解心脏不适的方法:

1. 保持平静,避免激动、紧张等情绪。

2. 保持安静,避免剧烈运动或劳累。

3. 避免突然坐起或站立,避免过度用力。

4. 避免过度劳累,避免长时间站立或久坐不动。

5. 避免吸烟、饮酒等不良习惯。

6. 注意饮食,避免暴饮暴食、过饱过饥。

7. 定期进行体检,及时发现和治疗心脏疾病。

8. 如果出现晕厥等症状,应该立即就医,进行相关检查和治疗。

总之,孕妇出现心跳过速的症状时应该及时就医,进行相关检查和治疗,以保障孕妇和胎儿的健康。",19
4,1,30,human,如果孕妇在怀孕21周的时候出现晕厥，是否会对新生儿的健康造成影响，会遗传吗,3
4,1,30,model,"孕妇在怀孕21周出现晕厥,可能会对新生儿的健康造成影响,但具体情况需要由专业医生根据具体情况进行选择。如果孕妇在怀孕期间出现晕厥的症状,应该及时就医,进行相关检查和治疗,以保障孕妇和胎儿的健康。如果孕妇在怀孕21周出现晕厥,应该及时就医,进行相关检查和治疗,以保障孕妇和胎儿的健康。如果孕妇在怀孕21周出现晕厥,可能会对新生儿的健康造成影响,但具体情况需要由专业医生根据具体情况进行选择。如果孕妇在怀孕21周出现晕厥,应该及时就医,进行相关检查和治疗,以保障孕妇和胎儿的健康。",5
4,1,30,human,医院的X射线会对孕妇胎儿造成不利影响吗,2
4,1,30,model,"医院X射线检查通常不会对胎儿造成不利影响,但如果孕妇在怀孕期间进行X射线检查,需要告知医生孕妇怀孕的情况,医生会进行相应的处理。孕妇在进行X光检查前,医生会进行全面的身体检查和评估,以确保孕妇和胎儿的安全。",1
4,1,30,human,孕妇这种心源性晕厥需要如何保守治疗,3
4,1,30,model,"孕妇出现心脏不适,应该及时就医,进行相关检查和治疗,以保障孕妇和胎儿的健康。如果孕妇在怀孕21周出现晕厥的症状,应该及时进行检查和治疗,以保障孕妇和胎儿的健康。

以下是一些保守治疗的方法:

1. 保持平静,避免激动、紧张等情绪。

2. 保持安静,避免剧烈运动或劳累。

3. 避免突然坐起或站立,避免过度用力。

4. 避免突然坐起或站立,避免过度用力。

5. 避免吸烟、饮酒等不良习惯。

6. 注意饮食,避免暴饮暴食、过饱过饥。

7. 定期进行体检,及时发现和治疗心脏疾病。

如果孕妇在怀孕期间出现晕厥的症状,应该及时到医院就诊,进行相关检查和治疗,以保障孕妇和胎儿的健康。",7
