﻿4,2,28,human,心跳突然加快，持续几分钟后环节，这种情况常见吗？孕妇常见吗？会不会有危害,9
4,2,28,model,您好，心跳突然加快可能是多种原因引起的，包括但不限于情绪激动、体力活动、饮酒、茶、咖啡、饮料、紧张、恐惧、哭泣、心肌梗塞、甲状腺功能亢进、发热、贫血、脱水、心肌病、心衰、休克等。孕妇出现心跳加快的情况比较少见，但也有可能出现。如果心跳加快持续时间较长或伴随其他症状，建议及时就医，以便进行进一步的诊断和治疗。如果出现心跳加快，应该注意保持镇静，避免过度活动，以免加重症状。如果您有其他疑问或需要更多帮助，请随时咨询医生。祝您健康！,4
4,2,28,human,如何缓解缓解怀孕期间的焦虑,3
4,2,28,model,"怀孕期间焦虑是一种常见的情绪问题，但是可以通过一些方法来缓解和缓解。以下是一些可能有帮助的方法：

1. 寻求专业帮助：如果您感到焦虑或抑郁，可以考虑寻求专业医生或心理医生的帮助。他们可以帮助您了解您的情绪和行为，并提供个性化的治疗方案。

2. 学习放松技巧：深呼吸、渐进性肌肉松弛和冥想等放松技巧可以帮助您缓解焦虑和紧张。

3. 健康饮食和锻炼：健康饮食和适当的体育锻炼可以帮助您减轻压力和焦虑。

4. 积极思考：尝试以积极和乐观的态度看待问题，并尽量避免消极的思考。

5. 寻求支持：与亲朋好友交流，分享您的感受，可以帮助您减轻焦虑和压力。

6. 减少咖啡因和酒精的摄入：咖啡因和酒精可能会加剧焦虑和紧张。

请注意，这些方法可能需要时间和努力才能见效，因此，如果您感到焦虑或抑郁，请及时寻求专业帮助。祝您和宝宝健康！",6
4,2,28,human,强直阵挛运动是什么意思？间隔1个月再次发生晕厥，严不严重,4
4,2,28,model,"强直阵挛运动(简称HFS)是一种脑部电活动异常，表现为头晕、眼花、出汗、肢体僵硬、肢体抽搐、意识障碍等症状。它是一种脑部电活动异常，可能会导致晕厥等严重后果。

如果您出现一个月内出现了一次晕厥，这可能是一个不寻常的症状，需要进一步评估和诊断。晕厥可能是多种情况的症状，包括低血糖、低血压、心脏疾病、脑血管疾病等。因此，建议您咨询医生，进行全面的身体检查和评估，以确定晕厥的原因。

在等待就诊期间，您可以保持健康的生活方式，避免过度运动和压力，保持充足的睡眠和饮食，以及避免饮酒和吸烟等不健康的行为。如果晕厥情况再次发生，建议您立即就医，以防止进一步的损害。

请注意，本回答仅供参考，不能代替医生的诊断和治疗。如果您有任何疑问或需要更多帮助，请咨询医生。祝您健康！",6
4,2,28,human,早孕流产会对这胎有影响吗,4
4,2,28,model,"早孕流产可能会对胎儿产生影响，包括对受孕和出生的影响。早孕流产的原因可能包括染色体异常、免疫异常、感染、内分泌失调等。如果早孕流产发生在受孕后6周内，胎儿的神经系统和器官发育可能会受到影响，可能导致出生缺陷、智力发育迟缓、先天性心脏病等问题。

因此，如果您经历了早孕流产，建议您及时咨询医生，进行全面的评估和治疗。医生可能会建议进行产前检查和遗传咨询，以了解胎儿的发育情况和可能的风险。

此外，建议您采取积极的措施，如保持健康的生活方式、避免吸烟和饮酒、避免接触有害物质、保持足够的营养和休息等，以减少早孕流产的风险。

请注意，本回答仅供参考，不能代替医生的诊断和治疗。如果您有任何疑问或需要更多帮助，请咨询医生。祝您健康！",9
4,2,28,human,心脏电生理检查和射频消融治疗对孕妇有没有什么影响，或者还没有形成共识的潜在风险,4
4,2,28,model,"心脏电生理检查和射频消融治疗通常是在孕期结束后进行的，因为这些检查和治疗对胎儿的影响尚未得到充分研究。虽然没有足够的研究证明这些检查和治疗会对胎儿产生负面影响，但仍存在一定的风险，如流产、早产、早产胎儿死亡率增加、出生缺陷等。

因此，如果您怀孕期间需要进行心脏电生理检查或射频消融治疗，建议您在怀孕前告知医生并咨询他们的意见。医生可能会建议您在孕期结束后再进行这些检查和治疗。

此外，孕期期间，您也需要注意保护自己和胎儿的健康，如保持健康的生活方式、避免吸烟和饮酒、避免接触有害物质、保持充足的营养和休息等。

请注意，本回答仅供参考，不能代替医生的诊断和治疗。如果您有任何疑问或需要更多帮助，请咨询医生。祝您和宝宝健康！",5
4,2,28,human,8.已经有过2次早孕流产，非常担心这胎的健康，心脏电生理检查和射频消融治疗真的不会对胎儿造成影响吗,42
4,2,28,model,"心脏电生理检查和射频消融治疗通常是在孕期结束后进行的，因为这些检查和治疗对胎儿的影响尚未得到充分研究。虽然没有足够的研究证明这些检查和治疗会对胎儿产生负面影响，但仍存在一定的风险，如流产、早产、早产胎儿死亡率增加、出生缺陷等。

如果您怀孕期间需要进行心脏电生理检查或射频消融治疗，建议您在怀孕前告知医生并咨询他们的意见。医生可能会建议您在孕期结束后再进行这些检查和治疗。

此外，孕期期间，您也需要注意保护自己和胎儿的健康，如保持健康的生活方式、避免吸烟和饮酒、避免接触有害物质、保持充足的营养和休息等。

请注意，本回答仅供参考，不能代替医生的诊断和治疗。如果您有任何疑问或需要更多帮助，请咨询医生。祝您和宝宝健康！",5
4,2,28,human,孕妇心脏不适严重吗,108
4,2,28,model,"孕妇心脏不适可能是一种严重的情况，需要及时得到医生的评估和治疗。孕妇心脏不适可能是由多种原因引起的，如高血压、心律失常、心肌病、心脏瓣膜病、感染等。

如果孕妇出现心脏不适，如心悸、气短、胸痛等，应尽快就医。医生可能会进行心电图、超声心动图、心导管检查等检查，以确定病因和严重程度。

如果孕妇的心脏不适严重，可能会导致孕妇出现晕厥、心衰、心律失常等严重症状，甚至危及孕妇和胎儿的生命。因此，如果您出现心脏不适，应立即就医，并告知医生您的怀孕情况，以便及时采取适当的治疗措施。

请注意，本回答仅供参考，不能代替医生的诊断和治疗。如果您有任何疑问或需要更多帮助，请咨询医生。祝您和宝宝健康！",5
4,2,28,human,早孕流产是促成孕妇怀孕期间心脏不适的原因吗？心脏不适是造成前面2次早孕流产的原因吗,68
4,2,28,model,"早孕流产可能会对孕妇的心脏健康产生影响，但并不是所有的早孕流产都与心脏不适有关。早孕流产的原因可能包括染色体异常、免疫异常、感染、内分泌失调等。在某些情况下，早孕流产也可能是由心脏疾病引起的。

因此，如果您在怀孕期间出现心脏不适症状，如心悸、气短、胸痛等，建议您及时就医。医生可能会进行心电图、超声心动图、心导管检查等检查，以确定病因和严重程度。

至于您提到的前两次早孕流产是否与心脏不适有关，需要进一步了解您的情况才能做出判断。如果您的早孕流产与心脏疾病有关，如心脏瓣膜病、心肌病等，医生可能会建议您进行心脏检查，以确定病因和治疗方案。

请注意，本回答仅供参考，不能代替医生的诊断和治疗。如果您有任何疑问或需要更多帮助，请咨询医生。祝您和宝宝健康！",6
