﻿3,1,23,human,晕厥但是没有失禁和头疼，是身体哪个器官出现了问题,7
3,1,23,model,"晕厥和头痛可能是身体某个器官出现了问题,但具体是哪个器官需要进一步检查才能确定。常见的引起晕厥和头痛的原因包括低血压、贫血、心血管疾病、神经系统疾病等。建议您及时就医,进行相关检查和治疗。",7
3,1,23,human,心肌梗塞和晕厥是否有必然的联系,3
3,1,23,model,"心肌梗塞和晕厥是两种不同的疾病,它们之间没有必然的联系。心肌梗塞是由于心脏供血不足导致心肌坏死,常常伴随着胸闷、胸痛、心悸等症状。而晕厥则是由于大脑供血不足引起的短暂意识丧失。但是,晕厥不一定与心肌梗塞和晕厥有关,因此建议您及时就医,进行相关检查和治疗。",2
3,1,23,human,晕厥抽搐后几秒钟就恢复意识，这种情况需要去医院吗,12
3,1,23,model,"晕厥和抽搐后几秒钟就恢复意识,可能是由于晕厥发作引起的短暂意识丧失,也可能是其他原因引起的,因此建议您及时就医,进行相关检查和治疗。如果症状持续存在或加重,也需要及时就医。",1
3,1,23,human,糖尿病应该如何进行有效治疗,4
3,1,23,model,"糖尿病的治疗需要综合考虑患者的具体情况,包括年龄、病程、血糖控制情况等。一般来说,治疗糖尿病的方法包括药物治疗、饮食控制、运动锻炼、生活方式改变、合并症治疗等。具体治疗方案应该由医生根据患者的具体情况来制定,建议您及时就医并咨询医生。",1
3,1,23,human,高血压、糖尿病、喜欢吸烟的人容易晕厥吗,4
3,1,23,model,"高血压、糖尿病和吸烟可能会增加糖尿病患者发生低血糖和低血压的风险,从而增加晕厥的风险。因此,建议您及时就医,接受相关检查和治疗,以预防晕厥的发生。同时,建议您注意饮食健康、适量运动、戒烟限酒等生活方式改变,以维持健康的状态。",2
3,1,23,human,吸烟会造成高血压糖尿病，进而导致人体晕厥吗,3
3,1,23,model,"吸烟本身不会导致高血压、糖尿病和晕厥,但是吸烟会损害血管,增加心血管疾病的发生风险,增加糖尿病和高血压的风险,而这些因素会增加晕厥和晕厥的发生风险。因此,建议您尽量减少吸烟,保持健康的生活方式,以维持健康的健康状况。",1
3,1,23,human,除了采用ICD的治疗手段，有没有更为保守的方式,3
3,1,23,model,"除了ICD,目前没有其他更为保守的方式,但如果您有严重的心血管疾病或神经系统疾病,应该及时就医,接受相关检查和治疗。同时,建议您注意饮食健康、适量运动、戒烟限酒等生活方式改变,以维持健康的健康状况。",1
3,1,23,human,ICD是什么？,4
3,1,23,model,"ICD(电子心脏除颤器)是一种心脏起搏器,可以模拟心脏除颤,避免心脏停跳,预防晕厥等心脏问题的发生。ICD是一种设备,可以帮助患者进行心脏除颤。如果您有严重的心血管疾病或神经系统疾病,建议您及时就医,接受相关检查和治疗。同时,建议您注意饮食健康、适量运动、戒烟限酒等生活方式改变,以维持健康的健康状况。",2
