﻿4,3,26,human,1.怀孕期间晕厥会不会对胎儿和孕妇造成危害,9
4,3,26,model,亲爱的患者，怀孕期间晕厥可能会对胎儿和孕妇造成危害。根据医学研究，孕妇晕厥可能与孕期血容量不足、低血压、低血糖、心律失常、内分泌失调、血流动力学改变等因素有关。这些因素可能导致孕妇晕厥，进而影响胎儿的健康。因此，孕妇在怀孕期间应该特别注意自己的生活习惯和饮食，保持良好的心理状态，避免过度劳累和情绪波动。如果您经常晕厥，建议及时就医，进行全面的检查和治疗。医生会根据您的具体情况，制定合理的治疗方案，以确保您和胎儿的健康。希望我的回答能对您有所帮助。,2
4,3,26,human,晕厥的时候心跳快但不疼，也没有吐白沫，大概持续了几分钟就自己好了,28
4,3,26,model,"您好，根据您的描述，您晕厥的时候心跳快但不疼，也没有吐白沫，大概持续了几分钟就自己好了。晕厥是一种常见的症状，可能与多种因素有关，如贫血、低血糖、低血压等。但是，由于晕厥症状的出现可能与多种疾病有关，建议您及时就医，进行全面的检查和诊断。

在就医之前，您可以注意一些生活习惯的调整，如保持充足的睡眠、避免过度劳累、保持良好的饮食习惯等。此外，您还可以进行一些简单的身体锻炼，如散步、慢跑等，以提高身体的耐力和免疫力。

最后，如果您有任何疑问或者需要更多的帮助，请及时咨询医生或者专业人士的意见。祝您健康！",3
4,3,26,human,心电图是正常的，胎儿也是正常的，医院让我注意休息，但是我还是很担心，为什么会晕厥呢，心跳为什么会加快,16
4,3,26,model,亲爱的患者，您好。首先恭喜您和胎儿的检查结果都是正常的。关于您晕厥和心跳加快的原因，我建议您到医院进行全面检查，以确定具体原因。有时候，晕厥和心跳加快可能与心血管疾病有关，如心脏病、心律失常等。这些疾病可能会导致血液循环不畅，氧气供应不足，从而引起晕厥和心跳加快。因此，我们需要对您的心血管状况进行详细的检查和评估。同时，您也可以注意休息，避免过度劳累和情绪波动，保持良好的生活习惯和饮食习惯，有助于改善您的身体状况。如果您有任何疑问或需要进一步的帮助，请随时与医生联系。祝您身体健康！,3
4,3,26,human,妊娠高血压对孕妇的危害大吗,5
4,3,26,model,您好，妊娠高血压综合征是一种严重的妊娠并发症，会对孕妇和胎儿的健康造成严重威胁。高血压可以引起孕妇的心血管、肾脏、神经系统等多个系统的损害，严重的还可能导致孕妇死亡。因此，我们建议您及时就医，接受专业医生的治疗和指导。同时，您也可以注意休息，避免过度劳累和情绪波动，保持良好的生活习惯和饮食习惯，有助于控制血压和减轻症状。如果您有任何疑问或需要进一步的帮助，请随时与医生联系。祝您和宝宝健康！,2
4,3,26,human,如何缓解妊娠期的高血压,3
4,3,26,model,尊敬的患者，妊娠高血压是一种常见的妊娠并发症，需要引起足够的重视。首先，建议您保持心情舒畅，避免过度劳累和情绪波动。其次，合理安排休息时间，保证充足的睡眠。在饮食方面，建议您采用低盐饮食，避免食用高盐食物，如咸菜、腌肉等。此外，还要避免食用高糖食物，以防止血糖升高。适当进行体育锻炼，增强体质，提高自身的抗病能力。最后，建议您多喝水，促进尿液排出，有助于降低血压。如果您的血压持续升高或出现其他症状，请及时就医，接受专业医生的治疗和指导。祝您早日康复！,3
4,3,26,human,怀孕21周的孕妇能接受心脏电生理检查么,8
4,3,26,model,您好，根据您提供的信息，怀孕21周的孕妇可以接受心脏电生理检查。但是，由于妊娠期需要考虑胎儿的因素，医生通常会选择在孕妇怀孕后期进行电生理检查，以确保胎儿的发育和健康。一般来说，孕妇怀孕22-26周是进行电生理检查的最佳时间段，此时胎儿已经发育完全，母体和胎儿的风险都较低。如果您有任何心脏疾病需要治疗，医生也通常会选择在这个时间段进行治疗，以确保治疗效果和母体胎儿的健康。如果您还有其他问题或疑虑，建议您咨询专业医生的意见，他们会根据您的具体情况为您提供更详细的建议和指导。祝您和宝宝健康！,3
4,3,26,human,间隔一个月又晕厥对于21周孕妇来说是否正常,4
4,3,26,model,"尊敬的患者，您好。根据您的描述，间隔一个月又晕厥的情况并不正常，可能存在潜在的健康问题。晕厥是一种症状，可能与多种因素有关，如心脏疾病、低血糖、低血压等。因此，建议您及时就医，进行全面的身体检查和相关的检查，以确定病因并进行相应的治疗。

同时，建议您注意饮食和生活习惯，保持心情舒畅，避免过度劳累和情绪波动。如果您的血压持续升高或出现其他症状，请及时就医，接受专业医生的治疗和指导。祝您早日康复！",3
4,3,26,human,孕妇晕厥意识模糊应该怎么办,3
4,3,26,model,"亲爱的患者，如果您在怀孕期间晕厥并伴有意识模糊，我们需要考虑多种可能性，包括心脏疾病、低血糖、低血压等。因此，建议您尽快就医，进行全面的身体检查和相关的检查，以确定病因并进行相应的治疗。

在等待就医的过程中，您可以注意休息和饮食，避免过度劳累和情绪波动。如果您有高血压的情况，需要控制血压，避免过度紧张和焦虑。同时，建议您遵循医生的建议，定期接受产前检查，以确保母体和胎儿的健康。

最后，如果您还有其他问题或疑虑，请随时向医生咨询，他们会根据您的具体情况为您提供更详细的建议和指导。祝您和宝宝健康！",3
