﻿5,4,38,human,孩子平时运动锻炼比较少，没有健身习惯，这和晕厥有关吗,8
5,4,38,model,晕厥，又称昏厥，是由于大脑暂时性缺血导致的意识丧失。孩子缺乏锻炼和没有健身习惯可能会影响其身体健康，但不一定直接导致晕厥。造成晕厥的原因有很多，包括但不限于：脱水、低血糖、心脏问题、过度劳累、情绪激动等。要确切了解孩子晕厥的原因，建议您带孩子去医院就诊，进行详细检查。同时，养成良好的运动和锻炼习惯，有助于提高身体素质，降低晕厥风险。,37
5,4,38,human,如果我们家长注重孩子的锻炼健身，对预防晕倒有没有好处,40
5,4,38,model,"当然有好处。注重孩子的锻炼和健身有助于提高孩子的身体素质、增强免疫力、改善心血管功能以及降低一些慢性病的风险。这些都可以在一定程度上降低孩子出现晕倒的可能性。

以下是一些建议，可以帮助家长引导孩子养成良好的锻炼习惯：

1. 设置一个好榜样：家长自己要积极参与运动锻炼，让孩子看到锻炼的重要性。

2. 选择适合孩子的运动：根据孩子的年龄、兴趣和体质，选择适合的运动项目，如游泳、跑步、篮球、足球等。

3. 每天保持一定的锻炼时间：建议每天安排30分钟至1小时的锻炼时间，可以分成多个时间段进行。

4. 鼓励孩子参加户外活动：户外活动有助于孩子接触自然，增强身体素质。

5. 注重锻炼的乐趣：让孩子在锻炼中找到乐趣，培养运动兴趣，形成持续锻炼的习惯。

6. 教育孩子养成良好的生活习惯：保持规律作息、保证充足睡眠、合理膳食等，都有助于孩子身体健康。

总之，注重孩子的锻炼和健身对预防晕倒是有好处的。但需要注意的是，如果孩子出现反复的晕倒现象，仍建议及时就医，找出具体原因并采取相应的治疗措施。",25
5,4,38,human,晕倒为什么会抽搐,14
5,4,38,model,"晕倒时出现抽搐的现象，通常是由于大脑暂时性缺血所引起的。晕倒时，大脑的血流减少，导致大脑缺氧。在这种情况下，大脑中的神经元可能会异常放电，从而引发肌肉的不自主收缩，表现为抽搐。

值得注意的是，晕倒伴随抽搐的情况可能与癫痫发作有关。癫痫发作时，大脑中的神经元异常放电，引发一系列症状，其中之一就是肌肉抽搐。癫痫发作的原因包括遗传因素、脑部损伤、中枢神经系统感染等。如果晕倒时伴随抽搐反复出现，建议及时就医，以便进行详细检查和确诊。

总之，晕倒时出现抽搐可能是由于大脑缺血引起的神经元异常放电，也可能与癫痫等疾病有关。为了确保安全，请在发生此类症状时寻求专业医疗帮助。",14
5,4,38,human,孩子有癫痫病史，这和现在的晕倒有必然的联系吗,5
5,4,38,model,"虽然不能确定孩子癫痫病史和现在的晕倒有必然联系，但癫痫确实可能导致晕倒。癫痫是一种神经系统疾病，其特点是反复发作的癫痫发作。根据发作的类型和严重程度，癫痫患者可能出现不同程度的意识丧失，甚至晕倒。

如果孩子有癫痫病史，晕倒的原因可能与癫痫发作有关。但是，晕倒的原因有很多，包括心血管问题、低血糖、脱水、过度劳累等，因此不能直接断定晕倒和癫痫病史有必然联系。

建议您带孩子去医院进行详细检查，以便找出晕倒的具体原因并采取相应的治疗措施。同时，请确保孩子按照医生的建议，按时服用抗癫痫药物，并密切关注孩子的病情变化。",24
5,4,38,human,孩子从小血压比较低，大概维持在80/40mmHg左右，我想知道这个是什么样的血压水平,5
5,4,38,model,"孩子的血压80/40mmHg属于低血压范畴。正常血压水平因年龄、性别和身高而异，但通常情况下，孩子的正常血压应该在90/60mmHg至120/80mmHg之间。

低血压可能会导致一些症状，如头晕、乏力、恶心等。但值得注意的是，有些人的血压自然偏低，但并不会出现任何症状，这种情况下通常不需要特殊治疗。

如果您担心孩子的低血压问题，请咨询专业医生并进行定期检查。医生会根据孩子的具体情况，评估是否需要治疗以及采取哪种治疗方法。同时，保持良好的生活习惯、保证充足的睡眠、合理膳食以及适当锻炼，对维持正常血压也是非常重要的。",19
5,4,38,human,儿童癫痫是否常见，应该如何治疗才能治根治本,25
5,4,38,model,"儿童癫痫是相对常见的儿童神经系统疾病。据统计，全球约有0.5%至1%的儿童患有癫痫。癫痫是一种慢性脑部功能障碍性疾病，其主要特点是反复发作性的癫痫发作。治疗癫痫的目标是控制发作、减少症状并提高患者的生活质量。

儿童癫痫治疗方法主要包括：

1. 药物治疗：大多数儿童癫痫患者可以通过药物治疗有效控制病情。医生会根据患儿的具体病情、发作类型及年龄等因素选择合适的抗癫痫药物。药物治疗需要长期坚持，并且要按照医生的建议和剂量规律服用。

2. 饮食疗法：例如生酮饮食，这种高脂肪、低碳水化合物的饮食方法对部分难治性癫痫患儿可能有效。生酮饮食应在医生或营养师的指导下进行。

3. 外科治疗：对于药物治疗无效的难治性癫痫患儿，医生可能会考虑进行外科手术。外科手术要在患儿经过详细评估后，由经验丰富的医生进行。

4. 神经调节治疗：例如迷走神经刺激术（VNS）或深部脑刺激术（DBS），可以作为药物和手术治疗无效的患儿的一种辅助治疗方法。

治根治本地治疗癫痫并非易事，因为癫痫的病因和发病机制非常复杂。治疗过程中，要密切关注患儿的病情变化，定期复查，根据治疗效果调整治疗方案。同时，家长应给予患儿充分的关爱和支持，帮助他们建立自信，积极面对疾病。",32
5,4,38,human,孩子做完手术有什么需要注意的,3
5,4,38,model,"孩子做完手术后，家长需要密切关注孩子的恢复情况并遵循医生的建议。以下是一些建议，帮助您照顾术后恢复中的孩子：

1. 严格遵循医生的建议：按照医生的处方和指示，给孩子正确地服用药物，如止痛药、抗生素等。并遵循医生关于休息、活动和饮食的建议。

2. 保持伤口清洁干燥：根据医生的建议，定期更换孩子的敷料，防止感染。避免让孩子抓伤或碰到手术部位。

3. 注意孩子的饮食：提供营养丰富、易消化的食物，帮助孩子恢复体力。避免过于油腻、辛辣或刺激性的食物。

4. 观察术后症状：密切关注孩子的恢复状况，如疼痛、发热、恶心等。如有异常情况，及时联系医生。

5. 保持良好的作息：确保孩子充足休息，遵循医生的建议，逐渐增加活动量。避免让孩子过度劳累。

6. 提供心理支持：孩子可能在术后感到害怕、焦虑或疼痛。家长要给予足够的关爱和支持，安慰孩子，帮助他们度过恢复期。

7. 定期复查：按照医生的建议，带孩子定期复查，以确保恢复情况良好。

每个孩子的恢复情况可能不同，因此请密切关注孩子的需求并根据医生的建议进行照顾。如有任何疑虑，请及时联系医生。",26
5,4,38,human,起搏器的价格是否昂贵,3
5,4,38,model,"起搏器的价格因品牌、型号和功能而异。一般来说，起搏器的价格可能在几千美元到几万美元不等。除了起搏器本身的成本外，还需要考虑到植入手术的费用、医生和医院的费用、随访检查费用等。这些费用加起来可能使得总体花费显得较高。

在很多国家，医疗保险可以覆盖起搏器植入手术的部分费用，有助于缓解患者的经济负担。具体的报销政策因国家、地区和保险公司而异，建议您咨询所在地区的医疗保险部门或相关医疗机构了解具体情况。

请注意，选择适合的起搏器和医疗团队对患者的疗效和安全至关重要。因此，在考虑费用的同时，务必重视起搏器的质量和手术医生的经验。如有任何疑虑，请咨询专业医生。",27
