﻿1,1,8,human,请问头晕、眼黑、站不稳和心跳急促这些病症有没有内在关联，是什么原因引起的呢,32
1,1,8,model,"这些症状可能与多种原因有关,包括:

1. 低血压:低血压可能导致头晕、眼黑和站不稳等症状。

2. 贫血:贫血可能导致头晕、眼黑和站不稳等症状。

3. 心血管疾病:心血管疾病如心脏病、心律失常等可能导致头晕、眼黑和站不稳等症状。

4. 神经系统问题:神经系统问题如帕金森氏症、脊髓灰质炎等可能导致头晕、眼黑和站不稳等症状。

5. 精神因素:精神因素如焦虑、紧张等可能导致头晕、眼黑和站不稳等症状。

建议您去医院进行全面检查,以确定症状的具体原因,并根据医生的建议进行治疗。",4
1,1,8,human,我没有低血压，我血压比较高，血脂也比较高，我还伴有胸闷、心悸等问题，这是怎么回事,42
1,1,8,model,"这些症状可能与多种原因有关,包括心血管系统问题、神经系统问题、精神因素等。建议您去医院进行全面检查,以确定症状的具体原因,并根据医生的建议进行治疗。",1
1,1,8,human,做什么类型的检查呢？挂什么科室？我还有恶心呕吐的症状，但是休息20分钟左右会缓解,33
1,1,8,model,"您可以选择去心血管科、神经内科或消化内科等科室进行检查。您提到的恶心呕吐症状可能与消化系统问题有关,如胃炎、胃溃疡等,建议您去消化内科进行检查。同时,建议您注意休息,避免过度劳累,保持良好的心态和饮食习惯,以减轻症状。",1
1,1,8,human,我有高血压高血脂，10年前有脑梗，不能把话说清楚，左腿不太利索，一直在吃卡托普利这个药，不知道这药会不会有副作用。另外，我有高血脂，之前在吃药，但是最近停用了，我是否要继续吃,73
1,1,8,model,"您需要进行全面检查,以确定症状的具体原因,并根据医生的建议进行治疗。卡托普利是一种降压药,可以降低血压,但是也有可能有副作用,如头晕、恶心、皮疹等。如果您有高血压、高血脂等症状,建议您继续服用药物,并定期测量血压、血脂等指标,以控制病情。同时,您也可以咨询医生是否需要调整药物剂量或更换其他药物。",2
1,1,8,human,我的心脏也不太好，左心室肥大，左心房扩大，永久性心颤，这和头晕眼花有关系吗,58
1,1,8,model,"左心室肥大和左心房扩大可能会导致头晕眼花等症状。永久性心颤可能导致脑缺血,从而引起头晕眼花等症状。建议您去医院进行全面检查,以确定症状的具体原因,并根据医生的建议进行治疗。同时,您也需要注意休息,避免过度劳累,保持良好的心态和饮食习惯,以减轻症状。",2
1,1,8,human,我早睡早起，饮食习惯也不错，但是年龄大了不想做手术，有可以不做手术的其他办法吗,31
1,1,8,model,"您可以选择去神经内科或消化内科进行检查,以确定症状的具体原因,并根据医生的建议进行治疗。同时,您也可以咨询医生是否需要调整药物剂量或更换其他药物。此外,您需要注意休息,避免过度劳累,保持良好的心态和饮食习惯,以减轻症状。",1
1,1,8,human,我倾向于通过定期的药物服用来缓解症状，不要用一些很昂贵的机器，我也不想做手术,42
1,1,8,model,"好的,您可以在医生的指导下,选择适合您的检查方法和治疗方案,以减轻症状。同时,您也需要注意保持良好的生活习惯,如合理饮食、适当运动、保持良好的心态等,以减轻症状。",1
1,1,8,human,请问吸烟会有影响吗？我吸烟快50年了。高龄的人做手术有没有风险？,43
1,1,8,model,"吸烟可能会影响您的身体健康,包括心血管疾病、呼吸系统疾病等。建议您尽早戒烟,以减轻症状并降低患病风险。同时,您需要定期进行体检,以早期发现并治疗任何健康问题。

至于您提到的手术风险,这需要根据您的具体情况而定,建议您在医生的指导下进行决策。如果您有任何疑问或担忧,可以随时咨询医生。",2
