﻿5,3,35,human,我孩子晕倒后1-2分钟醒过来，但是过了几天还是特别发力，没有什么精神，这应该怎么办,5
5,3,35,model,你好，能否再详细描述一下你孩子的症状？他有没有出现其他的不适症状？比如说头痛、恶心、呕吐等？,0
5,3,35,human,先开始我们也没有怎么重视，直到他最后一次晕倒出现了抽搐及大小便失禁，把我吓坏了，想问问这是怎么回事,8
5,3,35,model,明白，抽搐及大小便失禁是比较严重的症状，这种情况可能是因为脑部受损引起的。您孩子之前有没有出现过其他的情况，比如说智力发育问题、手脚不协调等？,0
5,3,35,human,孩子晕倒后我们听医生的给他用了心电图，被诊断为血管迷走性晕厥，我不懂这是什么意思,13
5,3,35,model,血管迷走性晕厥是指由于血管迷走神经张力增高，导致血压突然下降，从而引起晕厥。心电图显示可能是由于心脏电活动异常引起的。建议您带孩子去医院进一步检查，比如说头部CT、心脏超声等，以确定病因。同时，建议孩子多休息，避免过度劳累，保持良好的生活习惯。如果确诊为血管迷走性晕厥，可以考虑使用药物治疗，比如说贝尼丁片、地高辛酏剂等。请注意，这些药物需要在医生的指导下使用。祝您孩子早日康复。,2
5,3,35,human,早产的原因是不是造成孩子体质差的罪魁祸首,10
5,3,35,model,"亲爱的患者，早产的原因有很多种，但并不是造成孩子体质差的罪魁祸首。早产儿之所以会出现体质较差的症状，主要是因为其未经过足够的时间来生长和发育。早产儿的生长速度相对较慢，器官未发育完全，因此需要更多的关注和照顾。

体质较差并不是唯一的问题，早产儿还面临着其他健康问题，如呼吸系统和消化系统等。这些问题可能会导致孩子出现其他症状，如呼吸困难和腹泻等。因此，我们需要对早产儿进行全面的检查和评估，以确保他们的健康和安全。

如果您有任何其他问题或疑虑，请随时与医生联系。医生将根据孩子的具体情况进行诊断和治疗，以确保他们得到最好的护理和关注。我们会尽最大努力帮助您和您的孩子度过这个困难的时期。祝您和您的家人健康幸福。",3
5,3,35,human,早产儿的事实无法避免了，我做母亲的可以怎么锻炼孩子的体质呢,3
5,3,35,model,"亲爱的患者，您作为早产儿的母亲，可以采取以下措施来锻炼孩子的体质。首先，您可以注意孩子的营养摄入，确保孩子摄入足够的维生素、矿物质和蛋白质等营养物质，以帮助孩子健康成长。其次，您可以鼓励孩子多运动，例如多带孩子去户外活动，参加一些适合早产儿的体育活动，如爬楼梯、爬树等。此外，您还可以给孩子进行抚触按摩，这对于促进孩子的食欲和睡眠有一定的帮助。最后，您可以注意孩子的心理健康，给予孩子足够的关爱和陪伴，帮助孩子建立良好的情绪和行为习惯。

需要注意的是，锻炼孩子的体质不是一蹴而就的过程，需要您有足够的耐心和恒心。同时，如果您有任何疑问或需要进一步的帮助，请及时咨询医生，以便得到更专业的建议和指导。祝您和孩子健康快乐！",4
5,3,35,human,如果孩子的血压提升到正常水平，是不是可以降低晕倒的可能,9
5,3,35,model,"尊敬的患者，您好。高血压是一种常见的疾病，但是它并不是导致血管迷走性晕厥的唯一原因。血管迷走性晕厥是由于血管迷走神经张力增高导致的，这会导致血压突然下降，从而引起晕厥。因此，如果孩子的血压提升到正常水平，晕倒的可能并不会降低。

血管迷走性晕厥是一种常见的疾病，通常发生在年轻人和中年人身上。它的主要症状包括晕厥、抽搐和大便失禁等。这种疾病通常是由于脑部受损引起的，可能是由于脑部血管狭窄或脑部出血等原因导致的。因此，如果孩子出现了这些症状，建议您及时就医，以便进行进一步的检查和治疗。

治疗血管迷走性晕厥的方法包括药物治疗和生活方式改变。药物治疗通常包括使用贝尼丁片、地高辛酏剂等药物。此外，生活方式改变也非常重要，包括避免过度劳累、保持良好的生活习惯、避免长时间站立或坐着等。

最后，我想提醒您，血管迷走性晕厥是一种严重的疾病，如果不及时治疗，可能会导致严重的后果。因此，如果您孩子的症状持续存在，请及时就医，以便得到专业的治疗和管理。祝您孩子早日康复！",5
5,3,35,human,孩子在手术后可以坐飞机吗,2
5,3,35,model,"尊敬的患者，您好。根据您的描述，孩子在手术后是否可以坐飞机需要根据手术的类型和孩子的身体状况来确定。一般来说，手术后需要休息和恢复，因此建议孩子在手术恢复期间避免长时间坐飞机。如果孩子的手术是腹腔镜手术，恢复期较短，可以在手术后1至2周内进行日常活动，如散步等。如果孩子的手术是开腹手术，恢复期可能会较长，需要根据具体情况来确定。

在恢复期间，建议孩子遵守医生的建议，注意休息和饮食，避免剧烈运动和过度劳累。如果孩子有任何不适或疑问，建议及时咨询医生。同时，建议孩子定期进行体检，以确保身体健康。

最后，我想提醒您，孩子的身体状况需要根据具体情况来确定，建议您咨询医生的意见，以便得到更专业的建议和指导。祝您孩子早日康复！",4
5,3,35,human,起搏器治疗能不能完全恢复，会不会对人体造成什么危害,1
5,3,35,model,"您好，起搏器治疗并不能完全恢复，但是它可以有效地控制症状，提高患者的生活质量。起搏器治疗通常适用于那些症状较轻、活动能力尚好的患者。对于那些症状严重、生活无法自理的患者，起搏器治疗的效果较差，可能只能缓解症状。因此，在选择起搏器治疗时，医生通常会根据患者的症状和活动能力来决定。

起搏器治疗可能会对人体造成一些危害，但是这些风险通常是可以控制的。起搏器治疗可能会导致心脏传导阻滞、心律失常和心包填塞等并发症，但是这些并发症的发生率很低。此外，起搏器治疗还可能会导致静脉血栓栓塞症和感染等风险，但这些风险也可以通过适当的预防和治疗来降低。

在选择起搏器治疗时，医生会权衡风险和收益，以确保治疗的效果最大化，同时最大程度地减少风险。如果您有任何疑问或担忧，建议您与医生进行详细的沟通和讨论，以便得到更准确的答案和指导。希望我的回答能对您有所帮助。",5
