﻿2,1,10,human,我最近几个月晕倒了两次，一次在开会，一次在地铁，都是突然间发生，半分钟左右就恢复了，意识还在，不知道怎么回事,8
2,1,10,model,"晕倒是一种常见的症状,可能由多种原因引起。其中一些常见的原因包括低血糖、低血压、贫血、心脏病、中风、癫痫等。建议您去医院进行全面的身体检查,包括心电图、血液检查、头部CT或MRI等,以确定病因。在等待就医的过程中,您可以注意以下几点:

1.保持充足的睡眠,避免过度疲劳;
2.注意饮食,避免过度饮酒或吸烟;
3.避免长时间站立或坐着;
4.避免过度使用电子设备;
5.保持心情愉快,避免过度紧张或焦虑。

同时,如果您有任何其他症状或不适,如头痛、恶心、呕吐等,请及时就医。",4
2,1,10,human,我晕倒前和晕倒后没有恶心呕吐，我想知道我为什么晕倒,33
2,1,10,model,"晕倒的原因可能是多种多样的,包括低血糖、低血压、贫血、心脏病、中风、癫痫等。在您的情况下,晕倒前和晕倒后没有恶心呕吐,可能表明您的病因不太严重,但是仍需进行进一步的检查和治疗。建议您去医院进行全面的身体检查,包括心电图、血液检查、头部CT或MRI等,以确定病因。在等待就医的过程中,您可以避免过度使用电子设备、注意饮食和休息,保持心情愉快,避免过度紧张或焦虑。",3
2,1,10,human,我晚上睡不着觉，因为夜里需要带孩子，我感觉我睡眠不足,45
2,1,10,model,"您的情况可能与睡眠不足有关。建议您调整睡眠时间,保证每天充足的睡眠时间。同时,您也可以尝试改善睡眠环境,保持房间安静、通风、温度适宜等。如果长期存在睡眠问题,建议您咨询医生或睡眠专家,以寻求更好的解决方案。",1
2,1,10,human,我睡不着会吃思诺思，长时间服用会不会有副作用，毕竟是精神性药物。,39
2,1,10,model,"思诺思是一种抗焦虑、镇静催眠的药物,可以缓解失眠、焦虑等症状。但是,长期使用思诺思可能会产生一些副作用,如头晕、恶心、嗜睡等。建议您在使用思诺思之前先咨询医生或睡眠专家的意见,以确保安全性和有效性。同时,建议您注意药物的使用方法和剂量,并遵守医生的用药指导。",2
2,1,10,human,贫血和胃炎会让人头晕吗？,31
2,1,10,model,"贫血和胃炎会导致头晕,但通常不会导致晕倒。晕倒的原因可能是多种多样的,包括低血糖、低血压、贫血、心脏病、中风、癫痫等。建议您去医院进行全面的身体检查,以确定病因。在等待就医的过程中,您可以避免过度使用电子设备、注意饮食和休息,保持心情愉快,避免过度紧张或焦虑。",2
2,1,10,human,我很容易感到紧张、焦虑，主要是工作压力，会不会影响我的身体技能,42
2,1,10,model,"是的,长期的工作压力可能会影响身体健康和心理状态。建议您尽量放松心情,减轻工作压力,保持良好的作息习惯,适当进行运动和放松训练,以提高身体和心理的健康水平。如果您感到非常疲劳和焦虑,建议您寻求专业心理咨询师的帮助,以获得更好的帮助和建议。",1
2,1,10,human,我想知道我头晕的准确病因，以及危害最小的治疗方式,39
2,1,10,model,"头晕是一种症状,可能由多种原因引起,包括低血糖、低血压、贫血、心脏病、中风、癫痫等。建议您去医院进行全面的身体检查,以确定病因。在等待就医的过程中,您可以注意以下几点:

1.保持充足的睡眠,避免过度疲劳。
2.保持良好的作息习惯,避免过度使用电子设备、注意饮食和休息,保持心情愉快,避免过度紧张或焦虑。
3.避免过度使用电子设备、注意饮食和休息,保持心情愉快,避免过度紧张或焦虑。
4.如果您感到疲劳和焦虑,建议您寻求专业心理咨询师的帮助,以获得更好的帮助和建议。

总之,头晕是一种症状,可能由多种原因引起,建议您去医院进行全面的身体检查,以确定病因。在等待就医的过程中,您可以避免过度使用电子设备、注意饮食和休息,保持心情愉快,避免过度紧张或焦虑。",5
2,1,10,human,我经常感觉到前景迷惘，我有些悲观，这样不好的情绪是不是会造成我头晕呢？,13
2,1,10,model,"是的,情绪不稳定可能会影响身体健康和精神状态,包括头晕。建议您保持心情愉快,避免过度紧张或焦虑,避免过度使用电子设备、注意饮食和休息,保持良好的生活习惯和心态。如果您感到疲劳和焦虑,建议您寻求专业心理咨询师的帮助,以获得更好的帮助和建议。",2
