﻿1,3,6,human,我最近总是头晕眼花，有时候心跳很快，这正常吗,34
1,3,6,model,你好，我需要了解更多你的病情。你最近有没有感觉到胸闷或者气喘？还有其他不适吗？,0
1,3,6,human,胸闷的，特别是爬楼梯或者拿比较重的东西，就会感觉到胸闷,29
1,3,6,model,你有没有发现自己容易疲劳，失眠或者食欲不好？,0
1,3,6,human,我没有失眠，早睡早起，生活习惯很好的。吃的方面营养均衡，食欲很不错,39
1,3,6,model,你最近有没有感到特别紧张或者焦虑？,0
1,3,6,human,我都这么大岁数了，也没有什么紧张和焦虑的。我有老伴照顾，不过我孩子不是特别关心我的健康,34
1,3,6,model,听起来你的症状可能和心血管系统有关。我建议你进行一些检查，比如心电图和心脏超声。这样可以更好地了解你的病情。,1
1,3,6,human,我心电图说永久性房颤，心脏彩超说左心室肥大、左心房扩大,38
1,3,6,model,永久性房颤可能会导致血液循环不畅，增加心血管疾病的风险。左心室肥大和左心房扩大可能是由于高血压、心脏瓣膜疾病等原因引起的。针对你的病情，我建议你进行进一步的检查，比如心脏核磁共振和心脏负荷试验，以确定具体的诊断。治疗方面，我们可以采用药物治疗和生活方式改变相结合的方式。药物治疗包括抗凝、降压、利尿等药物。生活方式改变包括戒烟、控制饮食、适量运动等。同时，你需要定期进行复查，以监测病情的变化和调整治疗方案。祝你早日康复。,4
1,3,6,human,一定要做核磁共振和那个什么负荷实验吗？,24
1,3,6,model,根据你的症状和心电图检查结果，我们建议进一步进行心脏核磁共振和心脏负荷试验以确定具体的诊断。心脏核磁共振可以提供更详细的心脏结构和功能信息，而心脏负荷试验可以评估心脏的耐受力和适应性。这些检查可以帮助我们更好地了解你的病情，并制定更有效的治疗方案。如果这些检查结果有疑问或者需要进一步了解，我们可以根据具体情况进行相关检查。请放心，我们会根据你的病情和需要进行适当的检查，以确保你的健康和安全。祝你早日康复。,3
1,3,6,human,这个检查和吃的药有医保报销吗？,14
1,3,6,model,谢谢你对我的回答的关注。是的，心脏核磁共振和心脏负荷试验是医保报销范围内的检查。同时，根据我国的医保政策，这些检查和药物都是有一定比例报销的。具体报销比例和报销金额以你所在地的医保政策为准。如果你有医保卡，可以在医院或者医保相关机构查询具体的报销信息。你可以根据医保政策来制定相应的治疗方案，这样可以减轻你的经济负担，同时也有利于你的健康。如果你还有其他问题，我可以继续为你解答。,3
1,3,6,human,戒烟有必要性吗？因为我已经抽了50几年了，比较难戒烟,25
1,3,6,model,尊敬的患者，您好。吸烟对健康有害是有目共睹的，尤其是对于长期吸烟者来说，戒烟更是至关重要。根据研究，吸烟者患肺癌、口腔癌、咽癌、食道癌及膀胱癌等癌症的风险都要比不吸烟者高得多。此外，吸烟还会损害全身各个器官，引起慢性支气管炎、肺气肿、冠心病、中风、高血压、肥胖症、糖尿病、老年痴呆等多种疾病。因此，建议您尽早戒烟，以保护自己的健康。如果您在戒烟过程中遇到困难，可以咨询医生或者专业机构，他们会给予您相应的帮助和支持。希望您能够早日戒烟，保持健康！,4
