﻿4,3,29,human,第二次晕厥时无法自己缓解，去医院检查，心电图说室桑性心动过速，这是什么原因？我的心脏超声没有什么异常,14
4,3,29,model,"你好，室性心动过速是一种心脏节律失常，通常由心室起源的快速心律导致。这种情况可能由多种因素引起，包括心脏病、电解质异常、药物反应等。在你的情况下，由于你没有提供足够的信息来确定具体原因，我建议你进行一些额外的检查，以便我们更好地了解你的病情。

首先，我建议你进行一项室性心动过速特别测试，以排除室性心动过速的可能性。这项测试可以记录你心跳的电活动，并帮助医生确定是否存在室性心律失常。

此外，我还建议你进行一些血液检查，以排除其他潜在的疾病，如甲状腺功能亢进、贫血等。这些疾病也可能导致室性心动过速。

最后，如果你的症状持续存在，我建议你进行24小时动态心电图监测，以便我们更好地了解你的心律变化情况，并帮助我们确定你的最佳治疗方案。

总之，我建议你尽快与我们联系，进行进一步的检查，以便我们能够为你提供更好的诊断和治疗建议。",5
4,3,29,human,孕妇快速心律失常是什么原因,28
4,3,29,model,"孕妇快速心律失常可能是由多种因素引起的，包括生理性和病理性因素。生理性因素包括孕期心脏负荷增加、孕激素水平升高、血容量的增加以及胎盘供血不足等。病理性因素则包括心脏结构异常、心脏疾病、电解质异常、药物反应等。其中，电解质异常是孕妇快速心律失常的常见原因之一，如低钾血症、低钙血症等。

孕妇快速心律失常可能会对孕妇和胎儿的健康造成风险，因此需要及时诊断和治疗。治疗措施包括纠正电解质异常、控制心脏病症状、维持足够的心脏输出量等。具体的治疗方案应根据孕妇的具体情况制定，因此建议您尽快就医，接受专业医生的诊断和治疗。同时，孕妇应该注意休息，避免过度劳累，保持良好的心态，定期复查以监测病情的变化。",4
4,3,29,human,心跳超过多少算过速？,16
4,3,29,model,您好，心率的快慢通常用“每分钟心跳数”来表示，正常情况下，成年人的心率在每分钟60-100次之间是正常的。如果心率超过100次/分钟，就可以被认为是过速。而心率在每分钟60次以下则被认为是过缓。心率的快慢与心脏的健康状态有关，如果心率过快或过慢，可能会导致血液循环不畅、血压不稳定等问题，对身体健康造成一定的影响。因此，如果您的心率超过了正常范围，建议您及时就医，接受专业医生的诊断和治疗。同时，您也可以通过调整饮食、适当运动、保持良好的心态等方式来维持心脏健康。如果您还有其他问题，可以随时向我提问。,3
4,3,29,human,孕妇的什么行为或者习惯会导致心跳过速,4
4,3,29,model,"孕妇的心跳过速可能是由多种因素引起的，包括生理性和病理性因素。生理性因素包括孕期心脏负荷增加、孕激素水平升高、血容量的增加以及胎盘供血不足等。而病理性因素则包括心脏结构异常、心脏疾病、电解质异常以及药物反应等。

在孕妇中，常见的导致心跳过速的电解质异常是低钾血症或低钙血症。这两种情况都可能导致心脏节律紊乱，从而引起心跳过速。

除了电解质异常，其他可能引起心跳过速的行为和习惯包括过度劳累、情绪激动、咖啡因摄入过量以及饮酒等。这些因素都可能对心脏产生一定的刺激，导致心跳过速。

因此，孕妇在日常生活中应该注意避免过度劳累，保持良好的心态和情绪稳定。此外，饮食方面，应注意均衡营养，避免食用过多的刺激性食物和饮料。

如果您的心跳过速症状持续存在或加重，建议您及时就医，接受专业医生的诊断和治疗。医生会根据您的具体情况制定相应的治疗方案，帮助您缓解症状并保持心脏健康。",5
4,3,29,human,心脏超声是检查什么的，心脏超声没有异常，但是心脏过速是为什么,3
4,3,29,model,"您好，心脏超声是一种无创的检查方法，可以观察心脏的大小、形态和功能，以及检测心脏瓣膜和心壁的运动情况。如果您的心脏超声没有异常，但是出现了室性心动过速，可能是由多种因素引起的，包括心脏病、电解质异常、药物反应等。因此，我们需要进行一些额外的检查来确定具体原因。

首先，我建议您进行一项室性心动过速特别测试，以排除室性心动过速的可能性。这项测试可以记录您的心跳电活动，帮助医生确定是否存在室性心律失常。

此外，我们还建议您进行一些血液检查，以排除其他潜在的疾病，如甲状腺功能亢进、贫血等。这些疾病也可能导致室性心动过速。

最后，如果您的症状持续存在或加重，我们建议您进行24小时动态心电图监测，以便我们更好地了解您的心律变化情况，并帮助我们确定您的最佳治疗方案。

总之，如果您的心脏超声没有异常，但是出现了室性心动过速，我们建议您尽快与我们联系，进行进一步的检查，以便我们能够为您提供更好的诊断和治疗建议。如果您还有其他问题，请随时向我提问。",6
4,3,29,human,心脏超过多少算过速，应该如何缓解,4
4,3,29,model,"您好，根据您的问题，心脏超过100次/分钟就可以被定义为过速。过速的心率可能会导致血液循环不畅、血压不稳定等问题，对身体健康造成一定的影响。但是，请不要担心，我会给您一些建议来缓解这种情况。

首先，建议您进行一些锻炼，可以选择慢跑或进行其他有氧运动。这些运动可以增强心肺功能，促进血液循环，从而缓解心脏过速的情况。同时，保持良好的生活习惯，如戒烟限酒、规律作息、合理饮食等，也有助于改善心脏健康。

此外，如果您的症状持续存在或加重，建议您及时就医，接受专业医生的诊断和治疗。医生会根据您的具体情况制定相应的治疗方案，帮助您缓解症状并保持心脏健康。

最后，如果您还有其他问题或需要更详细的建议，请随时向我提问。我会尽力为您提供帮助。",4
4,3,29,human,孕妇心源性晕厥会不会对孕妇造成后遗症,3
4,3,29,model,"您好，心源性晕厥在孕妇中是较为常见的一种情况，但是大多数情况下是不会对孕妇和胎儿造成后遗症的。不过，如果晕厥是由于心脏疾病引起的，那么可能会对孕妇和胎儿的健康造成一定的影响。因此，建议孕妇在怀孕期间定期进行体检，包括心脏检查，以确保母婴的健康。

如果出现心源性晕厥，需要明确引起晕厥的病因。如果是由于心脏疾病引起的，需要积极治疗原发疾病，并定期复查心脏超声。在治疗期间，孕妇应该注意休息，避免过度劳累，保持良好的心态和饮食习惯。

需要注意的是，孕妇在日常生活中应该避免过度劳累，保持良好的心态和饮食习惯。此外，孕妇在怀孕期间需要定期进行体检，包括心脏检查，以确保母婴的健康。

希望我的回答能够帮助您，如果您还有其他问题，请随时向我提问。",4
4,3,29,human,这种晕厥情况会伴随我整个孕期吗,2
4,3,29,model,"亲爱的患者，晕厥是一种常见的症状，但是它并不一定会在整个孕期持续出现。晕厥的原因有很多种，包括贫血、低血压、心脏疾病等。如果您在怀孕期间出现晕厥的情况，建议您及时就医，进行全面的身体检查，以确定病因并采取相应的治疗措施。

在孕期，由于身体发生了许多变化，您的症状可能会有所改变。有些孕妇在怀孕后期会出现头晕、乏力、站立不稳等症状，这可能是由于血容量的增加和心脏负荷的增加引起的。如果您出现这些症状，可以多休息，保持充足的水分和营养，避免过度劳累。

此外，建议您在怀孕期间定期进行体检，包括心脏检查，以确保母婴的健康。如果您有任何疑问或需要进一步的帮助，请及时咨询医生。祝您和宝宝健康！",6
