﻿3,2,19,human,晕厥但是没有剧烈头疼和失禁，这是什么原因造成的,17
3,2,19,model,您好，根据您的描述，您可能出现了晕厥的症状，但是没有剧烈头疼和失禁。晕厥的原因有很多种，包括心源性晕厥、脑源性晕厥、反射性晕厥和心源性晕厥等。但是，您的症状不够典型，我们需要进一步了解您的病情，包括您的病史、家族病史、生活习惯等方面的信息，以及您目前的症状和体征。建议您及时就医，进行详细的检查和诊断，以便明确病因并进行有效的治疗。同时，您可以注意保持良好的生活习惯，如规律作息、饮食健康、避免过度疲劳等，有助于预防晕厥的发生。如果您有任何其他问题或疑虑，请随时向我咨询。,4
3,2,19,human,晕厥抽搐严重吗,7
3,2,19,model,晕厥抽搐是一种比较严重的症状，可能由多种疾病引起，如癫痫、低血糖、心脏疾病等。如果晕厥抽搐严重，可能会导致患者意识不清、肢体抽搐、口吐白沫等危险情况。因此，如果您出现晕厥抽搐的症状，一定要及时就医，进行详细的检查和诊断，以便明确病因并进行有效的治疗。同时，您也可以注意保持良好的生活习惯，如规律作息、饮食健康、避免过度疲劳等，有助于预防晕厥的发生。如果您有任何其他问题或疑虑，请随时向我咨询。,3
3,2,19,human,头晕是高血压的并发症吗,3
3,2,19,model,头晕并不一定是高血压的并发症，但高血压可能会导致头晕的症状。高血压病人的血管壁变得硬化，导致血流受阻，从而引起头晕、头痛、视力模糊等不适症状。因此，如果您出现头晕的症状，建议您及时就医，进行血压监测和相关检查，以便明确病因并进行有效的治疗。同时，您也可以注意控制血压，保持健康的生活方式，如规律作息、饮食健康、避免过度疲劳等，有助于预防高血压的发生和发展。如果您有任何其他问题或疑虑，请随时向我咨询。,3
3,2,19,human,头晕是糖尿病的并发症吗,6
3,2,19,model,头晕并不是糖尿病的并发症，但是糖尿病可能会导致头晕的症状。糖尿病病人的血糖水平过高，会导致大脑和血管受损，从而引起头晕、头痛、视力模糊等不适症状。因此，如果您出现头晕的症状，建议您及时就医，进行血糖监测和相关检查，以便明确病因并进行有效的治疗。同时，您也可以注意控制血糖，保持健康的生活方式，如规律作息、饮食健康、避免过度疲劳等，有助于预防糖尿病的发生和发展。如果您有任何其他问题或疑虑，请随时向我咨询。,3
3,2,19,human,高血压糖尿病心脏病同时在一个人身上发生，是什么原因会同时引起这些问题,3
3,2,19,model,"高血压、糖尿病和心脏病是三种不同类型的疾病，但是它们可能会同时在一个人身上发生。这可能是因为多种因素导致了这些疾病的发生和发展。例如，遗传因素、生活方式、环境因素和药物使用等都可能影响这些疾病的发病率。此外，一些疾病如肥胖、高血脂、肥胖等也可能导致高血压、糖尿病和心脏病的发生和发展。

因此，如果您同时出现高血压、糖尿病和心脏病等疾病，建议您及时就医，进行相关检查和诊断，以便明确病因并进行有效的治疗。同时，您也可以注意控制血压、血糖和血脂等指标，保持健康的生活方式，如规律作息、饮食健康、适当运动等，有助于预防这些疾病的发生和发展。如果您有任何其他问题或疑虑，请随时向我咨询。",4
3,2,19,human,ICD电池寿命如何，是否需要定期手术,1
3,2,19,model,"ICD电池的寿命是根据不同的ICD类型而有所不同，一般来说，电池的寿命通常在5年左右。但是，如果ICD的电池已经使用了较长时间，或者出现了电池耗尽的情况，就需要考虑更换电池。对于ICD电池的更换，通常需要进行手术操作，手术的目的是将电池取出，并安装新的电池，以保证ICD的正常运行。对于大多数患者来说，ICD的电池需要定期更换，以保持ICD的正常运行，但是具体更换周期需要根据患者的具体情况而定。

因此，如果您需要更换ICD电池，建议您及时就医，进行相关检查和诊断，以便明确病因并进行有效的治疗。同时，您也可以注意保持健康的生活方式，如规律作息、饮食健康、适当运动等，有助于预防ICD电池耗尽和更换的情况的发生。如果您有任何其他问题或疑虑，请随时向我咨询。",5
3,2,19,human,ICD的价格是否昂贵，能不能走医保,4
3,2,19,model,"ICD是一种治疗高血压、心力衰竭、心律失常等心血管疾病的有效手段，但其价格相对较高。根据不同的ICD类型和患者所在的地区，价格可能会有所不同。一般来说，ICD的价格相对较高，但如果您的医保可以覆盖ICD的费用，那么您可以享受一定的医保报销。具体报销比例和支付标准可能因地区和医保政策而异，建议您咨询当地的医保部门或医院的医保专员，以了解相关政策和具体情况。

此外，除了医保报销外，您还可以考虑购买ICD的商业保险，或者在购买ICD时申请相应的优惠和补贴。总之，ICD是一种比较昂贵的医疗设备，但其治疗效果和预防心血管疾病的效果是非常明显的。如果您需要购买或使用ICD，建议您与医生进行详细的咨询和讨论，以便明确治疗方案和费用情况。如果您有任何其他问题或疑虑，请随时向我咨询。",6
3,2,19,human,室颤治疗是必选项吗？有没有不做手术的保守治疗方法，比如长期吃药等,2
3,2,19,model,"室颤是一种非常危险的心律失常，需要及时治疗。对于室颤的治疗，手术治疗和药物治疗是两种主要的治疗方法。手术治疗包括消融治疗和消融手术，可以有效地治疗室颤。而药物治疗则包括抗心律失常药物、抗凝药物、抗高血压药物等，可以帮助预防和控制室颤的发生和发展。

对于某些患者，手术治疗可能不适合或不适合，这时可以考虑药物治疗。药物治疗可以通过控制心率、血压、心电图波形等，来减少室颤的发生和发展。但是，药物治疗的效果相对较弱，不能够像手术治疗那样直接消除室颤。

因此，对于是否需要手术治疗，需要根据患者的具体情况来判断。如果患者存在室颤的症状，建议及时就医，进行相关检查和诊断，以便明确病因并进行有效的治疗。同时，药物治疗也是非常重要的，可以帮助预防和控制室颤的发生和发展。如果您有任何其他问题或疑虑，请随时向我咨询。",6
