﻿1,2,1,human,我最近有长达半年的时间耳鸣，眼前发黑3次，甚至有2次站不稳摔倒在地。人还有意识，我觉得很危险，但是我找不到原因，这是什么疾病造成的呢,142
1,2,1,model,您好，根据您的描述，您可能患有突发性耳聋，这是一种突然发作的神经性听力损失，常常伴耳鸣和眩晕。建议您尽快到医院的耳鼻喉科就诊，进行听力检查和头颅MRI等检查，以明确诊断。如果确诊为突发性耳聋，及早治疗可以帮助恢复听力。同时，您也可以注意一些生活习惯，如避免噪音刺激、保持良好的睡眠和饮食习惯等，以减轻症状。如果您还有其他问题，可以随时向我咨询。祝您早日康复！,7
1,2,1,human,突发性耳聋会造成心跳急促吗？因为我不仅耳鸣，有时候还感觉喘不上气，有时候会感觉到反胃恶心，甚至想吐。,87
1,2,1,model,突发性耳聋可能会导致一些心血管方面的问题，包括心跳加速、心律不齐等。这些症状可能与内耳的血管变化有关，但也可能与其他心血管疾病有关。建议您到医院的内科或心血管科就诊，进行心电图、血压、心率等检查，以了解您的身体状况，排除其他疾病的可能性。同时，您也可以注意一些生活习惯，如避免过度劳累、保持良好的心态等，以减轻症状。如果您还有其他问题，可以随时向我咨询。祝您早日康复！,5
1,2,1,human,一定要做心电图吗？因为我每次发作躺在床上休息个20分钟左右，症状会缓解一些,57
1,2,1,model,如果您每次发作后躺在床上休息20分钟左右，症状会缓解一些，那么可能不是突发性耳聋造成的。但是，如果您的症状持续时间较长，或者症状严重，建议您到医院进行心电图检查，以了解您的心脏情况。此外，对于突发性耳聋的确诊，医生一般会根据患者的临床表现和体征，结合相关检查结果进行综合判断。如果您有其他疑问，可以随时向我咨询。祝您健康！,5
1,2,1,human,我想问一下我这种症状一般是早上起床后和晚上睡觉前发作，不过也没有什么特别的规律，是这段时间有什么特殊之处吗,121
1,2,1,model,突发性耳聋的发作时间是多种多样的，不一定是早上起床后和晚上睡觉前。因此，您描述的发作时间可能并不是突发性耳聋的典型表现。建议您到医院的耳鼻喉科进行详细的检查，以明确病因和诊断。在等待就诊的过程中，您可以注意一些生活习惯，如避免噪音刺激、保持良好的睡眠和饮食习惯等，以减轻症状。同时，如果您的症状加重或出现其他不适，请及时就医。如果您还有其他问题，可以随时向我咨询。祝您健康！,6
1,2,1,human,我有高血压病史，10年前有脑梗，当时的症状是左腿不太利索，说话说不清楚，需要吃降压药，也吃其他药质料高血脂，这会不会对耳鸣头晕有影响,110
1,2,1,model,您有高血压病史，而且10年前曾经发生过脑梗，这些都可能会对您的身体健康产生影响。您提到左腿不太利索、说话说不清楚等症状，这些都可能与脑梗有关。对于突发性耳聋的发作，可能与脑血管疾病有关，但也可能与其他疾病有关。因此，建议您到医院进行全面的检查，包括头颅MRI等检查，以了解您的身体状况，排除其他疾病的可能性。同时，您也需要注意控制血压、血脂等指标，避免加重病情。如果您还有其他问题，可以随时向我咨询。祝您健康！,7
1,2,1,human,这个病和抽烟有关系吗？我还能继续抽烟吗？,34
1,2,1,model,抽烟是导致突发性耳聋的危险因素之一，因为香烟中含有大量有害物质，如尼古丁、一氧化碳、焦油等，这些物质会对心血管系统产生不良影响，增加血管损伤和血管痉挛的风险，从而导致突发性耳聋的发生。因此，建议您尽量戒烟，避免吸烟对身体的不良影响，这对您的身体健康非常重要。如果您已经吸烟，可以考虑逐渐减少吸烟量，或者寻求戒烟的帮助。如果您还有其他问题，可以随时向我咨询。祝您健康！,6
1,2,1,human,做检查需要花费多少钱啊？我没有那么多钱，能不能走医保报销呢,70
1,2,1,model,检查费用因地区和医院而异，具体价格可能会有所不同。您可以咨询当地医院或医保部门，了解检查费用的具体情况。如果您的医保卡有余额，可以尝试使用医保卡进行报销。如果没有余额，可以咨询医院的社工或财务部门，了解是否有其他可行的报销方式。另外，您还可以咨询医生或医院的社工，了解是否有相关优惠政策或医疗救助措施，以减轻经济负担。如果您还有其他问题，可以随时向我咨询。祝您早日康复！,5
1,2,1,human,一定要做手术吗？我岁数大了，做手术有没有风险啊？最好还是别做手术，有没有保守治疗的方式，我心脏也有问题，老了不中用了，我害怕手术，我明明一直在爬山锻炼的，怎么还会这样呢，能不能不做手术，配点药吃呢？你说的CT和核磁共振会不会对我的身体造成其他影响啊,115
1,2,1,model,"对于突发性耳聋的治疗，手术并不是首选的治疗方法，因为手术风险相对较高。对于年龄较大的患者，手术风险可能会更高。对于您的年龄，建议您先到医院进行全面的检查，了解病因和病情，以便制定最佳的治疗方案。如果手术是必要的，医生会根据您的具体情况进行评估和安排，并告知您手术的注意事项和风险。

保守治疗是治疗突发性耳聋的一种有效方法，包括药物治疗、高压氧治疗、康复治疗等。药物治疗主要是通过口服药物，如血管扩张剂、抗凝剂、抗血小板药物等，来改善血液循环和预防血栓形成，从而减轻症状和恢复听力。高压氧治疗是通过提高吸入气体的氧含量，促进听觉神经的修复和再生，缓解耳聋症状。康复治疗是通过听力康复训练等手段，帮助患者恢复听力，提高听力和语言能力。

CT和核磁共振检查是常用的诊断手段，可以帮助医生确定病因和病情，但并不会对身体造成其他影响。对于突发性耳聋的检查，医生通常会根据患者的具体情况，选择合适的检查手段。

最后，建议您及时就医，接受医生的治疗和建议，遵医嘱进行治疗，注意生活习惯和饮食，加强锻炼和休息，以提高身体免疫力和康复能力。如果您还有其他问题，可以随时向我咨询。祝您早日康复！",16
