﻿3,2,18,human,陈旧心肌梗塞是否严重？心率不太稳定应该怎么办？,562
3,2,18,model,您好，陈旧心肌梗塞是一种严重的心血管疾病，需要及时治疗。心率不稳定可能是由于心肌梗塞引起的，建议您尽快就医，进行心电图、心肌酶谱等检查，以确定病情的严重程度。治疗方面，需要控制血压、血脂、血糖等指标，避免过度劳累和情绪波动，同时根据医生的建议进行药物治疗和康复训练。另外，定期复查和随访也非常重要，以确保病情得到有效控制。希望您能尽快就医，祝您早日康复。,3
3,2,18,human,站立时突然倒下失去知觉，伴有抽搐现象，这是怎么回事？,16
3,2,18,model,您好，根据您描述的症状，可能是癫痫发作引起的。癫痫是一种神经系统疾病，常表现为突然发作的抽搐、意识障碍、肢体抽搐等症状。这种症状需要及时就医，建议您前往医院神经内科进行详细的检查和诊断，以确定病因和治疗方案。在治疗期间，您需要避免过度劳累和情绪波动，按照医生的建议进行药物治疗和康复训练。同时，定期复查和随访也非常重要，以确保病情得到有效控制。希望您能尽快就医，祝您早日康复。,3
3,2,18,human,心脏的问题比较严重，需要心电监护，嫌脏心率转复除颤器是什么？有什么作用,4
3,2,18,model,您好，根据您的描述，您可能存在心脏问题，需要进行心电监护和心率转复除颤器治疗。心率转复除颤器是一种治疗心律失常的设备，可以帮助恢复心跳节律，减轻心脏负担，改善心功能。在治疗过程中，医生会通过心率转复除颤器监测心率，及时发现异常情况并进行干预，以达到治疗的目的。同时，心电监护也可以帮助医生更准确地了解您的病情，制定更合适的治疗方案。建议您尽快前往医院心内科进行详细的检查和诊断，以确定病因和治疗方案。祝您早日康复！,4
3,2,18,human,阿司匹林和氯吡格雷双重抗血小板同时服用有没有负面影响，会造成头晕吗,5
3,2,18,model,您好，阿司匹林和氯吡格雷是常用的抗血小板药物，可以预防血栓形成，对于心脑血管疾病有一定的治疗作用。双重使用抗血小板药物的副作用相对较少，但可能会增加头晕、低血压等不良反应的风险。因此，建议在医生的指导下使用，按照医嘱的剂量和用药时间进行服用，并密切关注身体状况的变化。如果出现头晕、胸闷、心悸等不适症状，应及时就医。同时，定期复查和随访也非常重要，以确保病情得到有效控制。希望对您有所帮助。,3
3,2,18,human,心脏不好会不会造成晕厥,1
3,2,18,model,您好，心脏病是一种心脏疾病，常表现为心悸、气短、乏力、晕厥等症状。如果心脏出现问题，可能会导致晕厥，但这并不是唯一的原因。晕厥的原因有很多种，可能是由于心脏病、低血糖、电解质紊乱、药物不良反应等引起的。因此，如果您出现晕厥症状，建议您及时就医，进行详细的检查和诊断，以确定病因和治疗方案。在治疗期间，您需要避免过度劳累和情绪波动，按照医生的建议进行药物治疗和康复训练。同时，定期复查和随访也非常重要，以确保病情得到有效控制。希望您能尽快就医，祝您早日康复。,4
3,2,18,human,经常吃油腻高油脂的食物会有什么危害,3
3,2,18,model,您好，经常食用油腻高油脂的食物可能会增加患高血脂、肥胖、糖尿病等疾病的风险，同时也会增加心血管疾病、肥胖性高血压等疾病的发生率。这些疾病对身体都有很大的危害，如心血管疾病可能导致心肌梗死、心力衰竭等严重后果，而糖尿病则可能导致视网膜病变、足部溃疡等并发症。因此，建议您尽量少食用油腻高油脂的食物，多食用蔬菜、水果、全谷类食物等富含膳食纤维的食物，保持适当的体重，进行有氧运动等健康的生活方式。同时，定期进行体检和检测，了解自己的身体状况，并根据医生的建议进行治疗和干预，以预防和控制这些疾病。希望对您有所帮助。,4
3,2,18,human,独居会对人产生危害吗,2
3,2,18,model,独居可能会对人产生一定的危害，如可能会导致身体不适、精神压力大、生活孤独等问题。独居可能会影响身体健康，增加罹患心血管疾病、糖尿病、抑郁症等疾病的风险。同时，独居还可能会导致精神压力大、生活孤独等问题，影响精神健康。因此，建议您尽量保持社交活动，与亲朋好友保持联系，避免长时间独处。同时，保持健康的生活方式，如适量运动、均衡饮食、规律作息等，也有助于减少独居带来的危害。如果您感到独居带来的不适症状，可以考虑与亲朋好友交流、寻求心理咨询、加入兴趣小组等方式来缓解。希望对您有所帮助。,4
3,2,18,human,ICD植入的就医成本高不高,15
3,2,18,model,ICD(Implantable Cardioverter Defibrillator)是一种治疗心律失常的装置，可以帮助恢复心跳节律，预防猝死的发生。植入ICD的医疗成本相对较高，包括手术费用、植入费用、电池费用等。但是，植入ICD可以有效预防心律失常，降低猝死风险，对患者的健康具有重要的意义。因此，如果您需要植入ICD治疗心律失常，建议您在医生的指导下进行详细的检查和评估，以确定治疗方案和成本。同时，在治疗期间，您需要定期进行检查和随访，以确保病情得到有效控制。希望对您有所帮助。,4
