﻿4,4,25,human,1.怀孕期间晕厥是否正常,250
4,4,25,model,晕厥在怀孕期间可能会发生，但并不一定是正常的现象。晕厥可能是由低血压、低血糖、贫血、脱水或其他原因引起的。在某些情况下，晕厥可能是一个严重问题的征兆，如子痫、心脏问题等。如果您在怀孕期间经历晕厥，请务必告诉您的医生，以便确定原因并采取适当的治疗措施。,7
4,4,25,human,怀孕期间晕厥没有强直阵挛运动，没有尿失禁，没有意识模糊，这是什么原因,4
4,4,25,model,"我不是医生，但可以提供一些建议。在没有强直阵挛运动、尿失禁和意识模糊的情况下，怀孕期间晕厥可能是由以下原因之一引起的：

1. 低血压：怀孕期间，体内的血容量会显著增加，血压可能会因此下降。站立时，血压可能会更低，引发晕厥。

2. 贫血：怀孕期间，贫血较为常见。贫血会导致氧气供应不足，从而引发晕厥。

3. 低血糖：怀孕期间，身体需要更多的能量。低血糖会导致晕厥，特别是在饭前或饭后。

4. 脱水：怀孕期间，孕妇容易出现脱水现象，可能导致晕厥。

5. 体位性低血压：怀孕期间，子宫增大可能压迫到大血管，导致血流受限。这可能在孕妇快速改变体位时引发晕厥。

在任何情况下，都应该向医生咨询并进行详细检查，以确保找到晕厥的原因并采取适当的治疗措施。",16
4,4,25,human,4.我感觉晕厥的时候心跳的速度特别特别快，有时候心悸恶心，什么原因，危害大不大,2
4,4,25,model,"我不是医生，但可以提供一些建议。心悸和恶心可能与多种原因有关，包括：

1. 怀孕期间的生理变化：怀孕期间，荷尔蒙水平的变化和血容量的增加可能导致心跳加速。

2. 贫血：贫血可能导致心脏加速跳动，以输送更多的氧气到身体各部位。

3. 低血压：低血压可能导致心跳加速，以维持足够的血流。

4. 心律失常：心律失常是指心脏跳动的速度或节奏不正常。某些心律失常可能导致晕厥和心悸。

5. 焦虑：怀孕期间的焦虑和紧张可能导致心悸和恶心。

关于危害方面，这取决于晕厥和心悸的具体原因。在某些情况下，这些症状可能暗示着潜在的健康问题。因此，最好向医生咨询并进行相关检查，以确保得到正确的诊断和治疗。",69
4,4,25,human,1.X射线会不会对胎儿造成影响,11
4,4,25,model,"X射线检查会向身体释放一定程度的辐射，对于胎儿来说，过多的辐射可能会有一定的风险。特别是在怀孕的第一个孕期（怀孕前三个月），胎儿的器官在这段时间迅速发育，对辐射的敏感度较高。此时，X射线检查可能增加胎儿发生先天性畸形、生长迟缓等问题的风险。

然而，这些风险通常是很小的，特别是在进行低剂量的X射线检查时。事实上，许多常见的X射线检查（如牙科X光、胸部X光等）对胎儿的辐射暴露是非常低的。在怀孕期间，医生会仔细评估进行X射线检查的必要性和可能的风险，并尽可能选择其他无辐射的检查方法，如超声波检查。

如果您在怀孕期间需要进行X射线检查，务必告知医生您的怀孕情况，以便采取适当的防护措施。在某些情况下，医生可能会推迟检查，直到生产后进行。总之，与医生充分沟通，了解检查的风险和收益，以确保您和胎儿的健康。",37
4,4,25,human,晕厥会导致流产吗,16
4,4,25,model,"晕厥本身不一定会直接导致流产，但如果晕厥导致孕妇摔倒或受伤，可能会对胎儿造成危害，甚至导致流产。此外，晕厥可能是潜在健康问题的征兆，这些问题可能间接影响到胎儿的健康。

在怀孕期间，如果出现晕厥现象，最好立即告知医生并进行相应的检查，以确定晕厥的原因。医生可以根据具体情况来评估晕厥是否可能对您和胎儿产生严重影响，并提供相应的治疗和建议。",257
4,4,25,human,射频消融治疗的原理是什么,27
4,4,25,model,"射频消融（Radiofrequency Ablation，简称RFA）是一种最小侵入性的治疗方法，主要用于治疗肿瘤、心脏疾病以及其他疾病。射频消融的基本原理是利用射频电流产生的热能，对病变组织进行加热和破坏，从而达到治疗目的。

在射频消融治疗过程中，医生会在局部麻醉或全身麻醉下，将一根特殊的导管（射频电极）插入病变组织。通过导管，高频电流被传输到病变组织，产生的热能使目标区域的细胞蛋白质凝固、细胞膜破裂、水分蒸发，最终导致病变组织的破坏和凋亡。

射频消融治疗的优势包括创伤小、恢复快、并发症较少等。然而，射频消融治疗也有一定的局限性，例如治疗范围的大小受限、对于某些位置的病变组织操作困难等。因此，在决定采用射频消融治疗前，医生会根据患者的具体情况进行评估，以确定这种治疗方法是否适合。",125
4,4,25,human,1.孕妇的家人能为孕妇避免晕倒做些什么,38
4,4,25,model,"孕妇的家人可以采取以下措施帮助孕妇避免晕厥：

1. 确保孕妇保持充足的水分摄入，以防止脱水。鼓励她每天喝足够的水和适量的无咖啡因饮料。

2. 确保孕妇营养均衡，定时进食。避免饥饿或过饱，可适当增加小餐次数。

3. 建议孕妇避免长时间站立，尤其是在炎热的环境中。如果需要站立，鼓励她定期改变站立姿势，以增加血液循环。

4. 当孕妇从卧位或坐位起立时，提醒她慢慢地改变体位，以减少晕厥的可能性。

5. 确保孕妇有充足的休息。鼓励她在白天进行短暂休息，并保持良好的睡眠习惯。

6. 鼓励孕妇进行适当的锻炼，以增强心血管功能和改善血液循环。务必在医生建议的范围内进行锻炼。

7. 在孕妇出现晕厥征兆时（如头晕、眼花等），建议她立即坐下或躺下，并将头部低于心脏位置以增加血液流向大脑。

8. 鼓励孕妇与医生保持密切联系，定期进行产检，并在出现晕厥症状时及时就诊。

请注意，我不是医生，以上建议仅供参考。如有疑虑，请咨询专业医生。",50
4,4,25,human,孕妇的高血压是导致晕厥的必然条件吗,65
4,4,25,model,"孕妇的高血压并不是导致晕厥的必然条件。晕厥通常是由短暂的血压下降或大脑血流减少引起的，而高血压往往与血压升高有关。然而，高血压可能导致其他并发症，如心脏疾病、中风等，这些病状可能间接导致晕厥。

值得注意的是，孕妇高血压可能会导致子痫前期，这是一种严重的孕期并发症，表现为高血压、蛋白尿以及可能出现的肝脏和肾脏功能异常。子痫前期可能导致母亲和胎儿的健康问题，包括胎儿生长受限、早产、胎盘早剥等。在严重情况下，子痫前期可能发展为子痫，表现为抽搐、昏迷等症状，包括晕厥。

因此，孕妇在怀孕期间应密切关注血压水平，如发现异常，应及时就医。医生将根据具体情况，为孕妇制定合适的治疗方案，以降低并发症的风险。",15
