﻿2,2,16,human,三十岁的女性偶发头晕，这正常吗,12
2,2,16,model,您好，头晕是一种常见的症状，可能由多种原因引起。除了血压低和脑血管病，还有其他可能的原因，如颈椎病、贫血、内耳疾病等。建议您到医院进行全面的检查，包括血压、血糖、血常规、肝肾功能等方面的检查，以及头部CT或MRI等影像学检查，以明确病因。同时，您可以注意休息，避免过度疲劳和情绪波动，保持良好的生活习惯和饮食习惯。如果您的头晕症状持续或加重，请及时就医。希望您早日康复。,3
2,2,16,human,乘地铁感到头晕，这是为什么,3
2,2,16,model,您好，乘地铁感到头晕可能是由多种原因引起的，如内耳疾病、颈椎病、低血压等。建议您到医院进行全面的检查，包括血压、血糖、血常规、肝肾功能等方面的检查，以及头部CT或MRI等影像学检查，以明确病因。同时，您可以注意休息，避免过度疲劳和情绪波动，保持良好的生活习惯和饮食习惯。如果您的头晕症状持续或加重，请及时就医。希望您早日康复。,3
2,2,16,human,失眠应该怎么办？晚上睡得不好，第二天头晕怎么办,2
2,2,16,model,"失眠是一种常见的睡眠障碍，可能由多种原因引起，如心理压力、生活习惯不良、药物副作用等。建议您采取以下措施改善睡眠质量：

1. 保持规律的作息时间，尽量在同一时间入睡和起床。

2. 避免在睡前吃太多食物和饮料，尤其是咖啡、茶和巧克力等刺激性食物。

3. 创造一个舒适的睡眠环境，如保持房间安静、温度适宜、光线柔和等。

4. 练习放松技巧，如深呼吸、冥想、瑜伽等。

5. 如果以上方法无法改善失眠，可以考虑咨询医生，使用药物治疗。

至于头晕的症状，可能与失眠有关，也可能是其他原因引起的。建议您到医院进行全面的检查，包括血压、血糖、血常规、肝肾功能等方面的检查，以及头部CT或MRI等影像学检查，以明确病因。同时，您可以注意休息，避免过度疲劳和情绪波动，保持良好的生活习惯和饮食习惯。如果您的头晕症状持续或加重，请及时就医。希望您早日康复。",7
2,2,16,human,女性贫血应该怎么办？会对身体造成什么伤害,4
2,2,16,model,"女性贫血是一种常见的疾病，可能由多种原因引起，如失血、营养不良、慢性疾病等。针对不同的病因，治疗方法也有所不同。以下是一些常见的治疗方法：

1. 调整饮食，增加富含铁、维生素B12和叶酸的食物，如瘦肉、鸡蛋、豆类、绿叶蔬菜等。

2. 补充铁剂，如硫酸亚铁、葡萄糖酸亚铁等。

3. 注射铁剂，如葡萄糖酸铁、多糖铁等。

4. 中西医结合治疗，如针灸、中药调理等。

5. 如果贫血是由于慢性疾病或失血等原因引起，则需要治疗原发疾病。

贫血可能导致头晕、乏力、心悸、气短等症状，严重时还可能导致晕厥、贫血性休克等危及生命的情况。因此，如果发现自己贫血，应及时就医，接受治疗，以避免出现不良后果。同时，建议女性在月经期间注意饮食和营养，避免过度失血。",6
2,2,16,human,两眼一黑是什么原因,3
2,2,16,model,两眼一黑是指突然感到眼前发黑，视力急剧下降，视野缩小或消失，可能伴有头晕、恶心、呕吐等症状。这种情况可能是由多种原因引起的，如低血糖、低血压、心血管疾病、神经系统疾病、药物副作用等。建议您到医院进行全面的检查，包括血压、血糖、血常规、肝肾功能等方面的检查，以及心电图、脑电图等影像学检查，以明确病因。同时，您可以注意休息，避免过度疲劳和情绪波动，保持良好的生活习惯和饮食习惯。如果您的症状持续或加重，请及时就医。希望您早日康复。,4
2,2,16,human,对工作感到焦虑、压力大应该怎么办，长此以往会不会对身体不好,2
2,2,16,model,"您好，长期处于工作压力大、焦虑的状态可能会对身体产生一定的影响。以下是一些可能有助于缓解焦虑和压力的方法：

1. 放松技巧，如深呼吸、渐进性肌肉松弛等。

2. 适量的运动，如散步、慢跑、瑜伽等。

3. 良好的睡眠习惯，如保持规律的作息时间、创造舒适的睡眠环境、避免在睡前使用电子设备等。

4. 与家人、朋友交流，倾诉自己的情绪。

5. 如果感觉焦虑和压力严重，可以考虑咨询医生，寻求专业的帮助。

此外，如果长期处于焦虑状态，可能会导致身体出现一些不适症状，如失眠、头痛、心慌、胃痛等。因此，建议您采取积极的心理治疗和身体治疗，以缓解焦虑和压力，保持身心健康。如果您有任何身体不适或症状，建议您及时就医，接受专业的治疗。希望您早日恢复健康。",6
2,2,16,human,三十岁的女性慢性胃炎，是什么原因造成的，会不会导致人晕倒,2
2,2,16,model,"慢性胃炎是指胃黏膜长期受到刺激而引起的炎症，常见于饮食不规律、胃酸分泌过多、幽门螺杆菌感染等。女性在月经期间、怀孕、更年期等生理周期中容易发生胃炎，因此，这些因素可能导致女性慢性胃炎的发生。

如果慢性胃炎得不到及时治疗，可能会引起一些不适症状，如上腹部疼痛、恶心、呕吐、食欲不振、腹泻、便秘等。如果症状严重，可能会导致贫血、体重下降、免疫力下降等。因此，建议您及时就医，接受专业的治疗，以避免病情进一步恶化。同时，您可以注意饮食卫生，避免辛辣、油腻等刺激性食物，保持良好的生活习惯和饮食习惯，以预防和缓解慢性胃炎。如果您有任何身体不适或症状，建议您及时就医，接受专业的治疗。希望您早日康复。",5
2,2,16,human,女性如何面对现代社会的压力，比如工作压力和生活压力，压力大应该怎么办,2
2,2,16,model,"女性在现代社会中面临着巨大的压力，如工作压力、家庭压力、人际关系压力、心理压力等。以下是一些可能有助于缓解压力的方法：

1. 适当的运动，如散步、瑜伽、慢跑等。

2. 学会放松，如深呼吸、渐进性肌肉松弛等。

3. 保持规律的作息时间，避免熬夜、过度劳累。

4. 与家人、朋友沟通交流，倾诉自己的情绪。

5. 学习一些自我放松的技巧，如冥想、音乐疗法等。

6. 如果感到压力过大，可以考虑咨询医生，寻求专业的帮助。

此外，女性还应该注意饮食健康，保持良好的睡眠习惯，避免过度饮酒和吸烟等不良习惯，以及积极参与各种社会活动和社交活动，以减轻压力和焦虑。

如果压力过大，可能会导致身体出现一些不适症状，如失眠、头痛、心慌、胃痛等。因此，建议您采取积极的心理治疗和身体治疗，以缓解压力和焦虑，保持身心健康。如果您有任何身体不适或症状，建议您及时就医，接受专业的治疗。希望您早日康复。",7
