﻿2,2,14,human,人会对头晕产生预感吗？头晕的危害有哪些,19
2,2,14,model,尊敬的患者，感谢您的咨询。头晕是一个比较常见的症状，但是具体是否会对头晕产生预感，需要根据个人的情况来判断。一些人可能会对头晕产生预感，而另一些人则不会。头晕的危害因人而异，有些患者可能会出现严重的头晕，而有些患者则只是轻微的不适感。如果您出现头晕，建议您及时就医，以便得到正确的诊断和治疗。同时，您可以注意一些生活习惯，如避免长时间站立或坐着、保持充足的睡眠、避免过度疲劳等，以减少头晕的发生。希望我的回答能对您有所帮助。如果您还有其他问题，请随时向我咨询。,4
2,2,14,human,头晕应该怎么办,5
2,2,14,model,头晕是一种比较常见的症状，但是具体应该如何处理，需要根据个人的情况来判断。如果您的头晕是短暂的、轻微的，可能是由于疲劳、紧张、缺乏睡眠等因素引起的，您可以适当休息、放松，保证充足的睡眠，避免过度疲劳。如果您的头晕是持续的、严重的，可能是由于脑部疾病、颈椎病、高血压等疾病引起的，建议您及时就医，进行相关检查和治疗。如果您的头晕伴随着其他症状，如耳鸣、视力模糊、恶心、呕吐等，也需要及时就医。总之，如果您的头晕持续不退或有其他症状，建议您及时就医，以便得到正确的诊断和治疗。希望我的回答能对您有所帮助。如果您还有其他问题，请随时向我咨询。,4
2,2,14,human,短时间的头晕正常吗？是不是生病了？,5
2,2,14,model,短时间的头晕在一定程度上是正常的，例如在紧张、疲劳、饥饿、低血糖、睡眠不足、体位改变等情况下，都可能出现短暂的头晕。但是，如果头晕伴随其他症状，如耳鸣、视力模糊、恶心、呕吐等，就需要及时就医，以便得到正确的诊断和治疗。此外，长期的头晕也需要引起重视，可能是脑部疾病、颈椎病、高血压等疾病引起的，建议您及时就医，进行相关检查和治疗。总之，如果头晕持续不退或有其他症状，建议您及时就医，以便得到正确的诊断和治疗。希望我的回答能对您有所帮助。如果您还有其他问题，请随时向我咨询。,4
2,2,14,human,睡眠质量不足会造成头晕吗？,4
2,2,14,model,睡眠质量不足可能会导致头晕，这是因为睡眠不足会导致身体疲劳、免疫力下降，从而增加患病的风险，包括头晕的发生。此外，睡眠不足还可能导致血压升高、心率加快、内分泌失调等，这些都可能导致头晕的发生。因此，保持良好的睡眠质量对于预防头晕的发生非常重要。建议您保持规律的睡眠时间和睡眠环境，避免过度疲劳、精神紧张等因素，以保证身体的健康和充足的睡眠。如果您的头晕症状持续不退或有其他症状，建议您及时就医，以便得到正确的诊断和治疗。希望我的回答能对您有所帮助。如果您还有其他问题，请随时向我咨询。,4
2,2,14,human,贫血会造成头晕吗？应该如何治疗呢,2
2,2,14,model,"贫血是由于血液中红细胞数量不足或质量不佳而导致的一种疾病，常见的症状包括头晕、乏力、心慌、心跳过快等。贫血会导致身体缺氧，从而影响脑部功能，导致头晕的发生。因此，贫血是一种可能导致头晕的疾病，需要及时治疗。

治疗贫血的方法包括补充铁元素、维生素B12、叶酸等营养素，促进红细胞的生成和分裂。此外，还有一些药物可以用于治疗贫血，如铁剂、维生素B12、叶酸等药物。如果贫血严重，可能需要进行输血治疗。

建议您及时就医，进行相关检查和治疗，以确定贫血的病因和病情，并制定合理的治疗方案。同时，注意饮食营养的均衡，补充足够的铁元素、维生素B12、叶酸等营养素，有助于促进贫血的康复。希望我的回答能对您有所帮助。如果您还有其他问题，请随时向我咨询。",6
2,2,14,human,如何缓解焦虑，提升睡眠质量,2
2,2,14,model,"焦虑和睡眠问题是常见的心理健康问题，建议您采取以下措施缓解焦虑，提升睡眠质量：

1. 定期锻炼：适当的体育锻炼可以缓解焦虑和紧张，促进身体的放松和睡眠。

2. 学习放松技巧：深呼吸、渐进性肌肉松弛、瑜伽、冥想等技巧可以帮助您放松身心，减轻焦虑和压力。

3. 改变生活方式：保持规律的作息时间，避免过度疲劳，减少咖啡因和酒精的摄入，避免在睡前进行过于刺激的活动。

4. 寻求专业帮助：如果您的焦虑和睡眠问题比较严重，建议您寻求专业的心理健康支持和治疗。

总之，焦虑和睡眠问题是需要引起重视的心理健康问题，建议您采取积极的措施，包括改变生活方式、学习放松技巧、寻求专业帮助等，以缓解焦虑和提高睡眠质量。希望我的回答能对您有所帮助。如果您还有其他问题，请随时向我咨询。",6
2,2,14,human,胃病会头晕吗,2
2,2,14,model,"胃病可以引起头晕，这是因为胃病会导致身体缺氧，从而影响脑部功能，导致头晕的发生。此外，胃病还可能导致血压升高、心率加快、内分泌失调等，这些都可能导致头晕的发生。

如果您出现了头晕症状，建议您及时就医，进行相关检查和治疗。针对胃病的治疗方法包括饮食调整、药物治疗、手术治疗等。具体治疗方案需要根据胃病的病因和病情而定。

如果您有胃病，建议您注意饮食卫生，避免过度饮食、暴饮暴食等不良习惯，同时定期进行体检，及早发现和治疗胃病。如果您还有其他问题，请随时向我咨询。",4
2,2,14,human,如果下次再有这样的突发性头晕，我应该做什么准备呢？,1
2,2,14,model,"如果您下次再出现突发性头晕，建议您采取以下措施：

1. 保持镇定：在头晕发生时，保持镇定非常重要，避免惊慌失措或做出不必要的动作。

2. 放松身体：在头晕发生时，放松身体可以缓解身体的不适，如肌肉放松、深呼吸等。

3. 保持安全：如果头晕发生时您处于高处或水中等危险环境中，应立即采取相应的安全措施。

4. 注意观察：头晕发生后，应密切观察自己的症状，如是否出现恶心、呕吐、意识障碍等，以便及时就医。

5. 避免过度劳累：过度劳累、紧张和焦虑等因素都可能导致头晕的发生。因此，建议您保持充足的睡眠和休息，避免过度疲劳和精神紧张。

总之，突发性头晕是一种紧急情况，需要及时采取措施，以确保身体的安全和健康。如果头晕持续不退或有其他症状，建议您及时就医，以便得到正确的诊断和治疗。希望我的回答能对您有所帮助。如果您还有其他问题，请随时向我咨询。",7
