﻿5,3,40,human,起搏器治疗是否有必要,6
5,3,40,model,"您好，关于起搏器治疗是否有必要的问题，我可以给您一些建议。首先，起搏器治疗并不适用于所有的心动过缓症状。医生会根据患者的具体情况，包括心动过缓的类型、症状的严重程度、心脏的功能状态等因素来判断是否需要起搏器治疗。因此，如果您没有明显的症状或者症状不严重，可能不需要起搏器治疗。

其次，起搏器治疗也并不是所有的患者都适合。起搏器治疗可能会有一些副作用和并发症，例如导管感染、电极迁移等。因此，在决定是否进行起搏器治疗之前，医生会对您进行详细的评估和监测，以确保治疗的安全性和有效性。

最后，如果您已经被确诊为某种心动过缓症状，建议您尽快就医并接受治疗。心动过缓可能会导致血液循环不畅、心脏功能下降等问题，及早治疗可以减轻症状、提高生活质量。

希望我的回答能对您有所帮助。如果您还有其他问题或者需要更详细的解释，请随时向我提问。",4
5,3,40,human,孩子晕倒后躺着1到2分钟能醒，为什么之后还会感到乏力，没有精神呢,2
5,3,40,model,"您好，根据您描述的情况，孩子晕倒后躺着1到2分钟就能醒，但是之后又感到乏力、没有精神。这种情况可能是由于多种原因引起的，需要进一步了解您孩子的病史和检查结果才能给出更准确的建议。

首先，孩子晕倒可能是由于心脏方面的问题引起的，比如心脏病、心脏传导系统问题等。建议您带孩子到医院进行心电图、心脏超声等检查，以排除心脏方面的问题。

其次，孩子晕倒也可能是由于血压过低、贫血等原因引起的。建议您观察孩子的生活习惯，是否饮食不规律、贫血等，如果有这些问题，需要及时调整饮食和生活习惯。

最后，孩子晕倒也可能是由于神经系统问题引起的，比如脑部血管破裂、脑部功能异常等。建议您带孩子到医院进行CT、MRI等检查，以排除神经系统问题。

总之，建议您带孩子到医院进行全面检查，以找出孩子晕倒的原因，并及时采取相应的治疗措施。如果您有其他问题或者需要进一步咨询，请随时与我联系。",4
5,3,40,human,我们做家长的如何弥补早产孩子的体质短板,1
5,3,40,model,"亲爱的家长，感谢您的咨询。作为家长，我们可以通过多种方式来弥补早产孩子的体质短板。首先，我们可以通过提供充足的营养来提高孩子的体质。母乳喂养是一个很好的选择，因为它含有丰富的营养和抵抗力增强因子，可以帮助孩子更好地成长发育。此外，我们可以给孩子补充维生素和微量元素，以帮助他们更好地吸收营养和增强免疫力。

其次，我们可以通过增加孩子的活动量来提高他们的体质。适当的运动可以帮助孩子增强肌肉力量和骨骼密度，促进他们的生长和发育。我们建议您每天给孩子提供1小时以上的户外活动时间，以增强他们的体质和免疫力。

另外，我们还可以通过提供温暖的环境和良好的生活习惯来提高孩子的体质。保持室内通风和适度保暖可以减少孩子感冒和其他疾病的发生。此外，我们建议您保持规律的生活作息，避免过度疲劳和压力，以保持孩子的身体健康。

最后，作为家长，我们可以通过学习和交流来提高自己的知识和技能，以帮助孩子更好地成长发育。您可以咨询医生或其他家长，了解更多关于早产儿成长发育的知识和技巧，以便更好地弥补孩子的体质短板。希望这些建议能对您有所帮助，如果您还有其他问题，请随时向我提问。",5
5,3,40,human,这种情况我们还能让孩子自己玩耍吗，什么样的运动是绝对不能做的,2
5,3,40,model,"尊敬的患者，您好。根据您的描述，孩子的早产问题已经得到医生的关注和治疗。关于您提到的让孩子自己玩耍的问题，我建议您注意以下几点。

首先，孩子的早产问题需要得到医生的关注和治疗，因此不能让孩子过度劳累。过度劳累可能会对孩子的身体造成负面影响，因此需要避免让孩子参与一些过于激烈的运动或活动。

其次，孩子需要充足的睡眠来保持身体的正常运转。早产儿尤其需要注意这一点，因为他们的身体尚未完全发育成熟，需要更多的休息时间来满足需求。

最后，孩子需要定期接受医生的检查和监测，以确保身体的健康状况。如果您发现孩子的早产问题有所改善，但仍然感到担心，建议您及时咨询医生，以便得到更专业的建议和指导。

总之，作为家长，我们需要根据孩子的身体状况和发育情况，制定合理的养育计划。如果您还有其他问题或需要更详细的建议，请随时向我提问。祝您和孩子健康快乐！",4
5,3,40,human,我当初怀孕的时候有过严重的低蛋白血症，这和孩子现在的晕倒有必然联系吗,1
5,3,40,model,您好，低蛋白血症在孕期是比较常见的，但是它并不是导致孩子晕倒的唯一原因。早产儿的体质确实存在一定的短板，可能会导致晕倒等症状。不过，低蛋白血症可能会对孩子的生长发育产生一定的影响，因此需要及时纠正。您提到当初怀孕时有严重的低蛋白血症，这可能会对胎儿的生长发育产生一定的影响。但是，具体的病因需要进一步的检查和评估才能确定。建议您带孩子到医院进行详细的检查和咨询，以便得到更准确的诊断和治疗方案。同时，您也可以咨询医生关于孩子晕倒后的护理和预防措施，以帮助孩子恢复健康。希望我的回答能对您有所帮助。,3
5,3,40,human,血管的问题和孩子低血压有关吗,1
5,3,40,model,尊敬的患者，感谢您的咨询。低血压可能与孩子的血管问题有关，但具体的情况需要结合孩子的具体情况进行综合分析和诊断。低血压可能会导致一系列的症状，如头晕、乏力等，但是它也可能会与其他的疾病有关。因此，建议您带孩子到医院进行详细的检查和评估，以便得到更准确的诊断和治疗方案。在治疗过程中，医生会根据孩子的具体情况制定个性化的治疗计划，以帮助孩子恢复健康。同时，您也可以关注孩子的生活习惯和饮食，保持良好的生活方式，有助于孩子的康复。希望我的回答能对您有所帮助。如果您还有其他问题，请随时向我提问。祝您和孩子健康！,3
5,3,40,human,起搏器能不能完全治疗我的孩子,1
5,3,40,model,亲爱的患者，起搏器并不能完全治愈您的孩子。先天性心脏传导阻滞是一种心脏传导系统的疾病，需要根据具体情况制定治疗方案。如果起搏器能够维持心率正常，那么手术治疗可能不需要进行。但是，如果起搏器无法维持心率正常，那么手术治疗是必要的。手术治疗可以修复心脏传导系统的功能，恢复正常的心率和心律。手术治疗的效果通常很好，但是仍然存在复发的可能性。因此，我们建议您定期进行心脏检查，以便及时发现和处理任何异常情况。如果您还有其他问题或需要更详细的帮助，请随时与我们联系。祝您和您的孩子健康！,3
5,3,40,human,起搏器植入需要注意什么,1
5,3,40,model,尊敬的患者，起搏器植入手术是一种常见的心脏手术，需要注意以下几点。首先，手术前需要进行全面的身体检查，以确保手术的安全性和有效性。其次，手术中需要严格控制手术操作的力度和深度，以避免对周围组织的损伤。在手术后，患者需要遵守医生的建议，按时服用药物，避免剧烈运动和过度劳累，以免影响起搏器的正常工作。此外，手术后还需要定期进行心脏检查，以确保起搏器的正常工作，并及时发现和处理任何异常情况。如果您还有其他问题或需要更详细的帮助，请随时与我们联系。祝您和您的家人健康！,3
