﻿5,1,33,human,我孩子玩耍、低头拿东西和较长时间站立时会出现恶心，头晕，这是为什么,390
5,1,33,model,"这种情况可能是由于多种原因引起的,比如:

1. 颈椎问题:颈椎问题可能导致头晕、恶心等症状。孩子低头拿东西和长时间站立时,颈椎受到压迫,容易出现头晕、恶心等症状。

2. 内耳问题:内耳是控制平衡的器官,如果内耳出现问题,也可能导致头晕、恶心等症状。例如,内耳疾病、内耳肿瘤等。

3. 血压问题:低血压或高血压都可能导致头晕、恶心等症状。孩子可能出现血压偏低或过高的情况,导致头晕、恶心等症状。

建议您带孩子去医院进行检查,以确定具体原因并得到相应的治疗。同时,建议孩子多休息、保持良好的生活习惯,避免长时间低头或站立,保持适当的运动和饮食,有助于预防头晕、恶心等不适症状的发生。",5
5,1,33,human,我孩子玩耍、低头拿东西和长时间站立会感到恶心、头晕、面色苍白，流汗然后就晕倒了，这是为什么,2
5,1,33,model,"这种情况可能是由于颈椎问题引起的。颈椎问题可能导致头晕、恶心等症状,尤其是低头拿东西和长时间站立时。此外,内耳问题也可能导致头晕、恶心等症状。

建议您带孩子去医院进行检查,以确定具体原因并得到相应的治疗。同时,建议孩子多休息、保持良好的生活习惯,避免长时间低头或站立,保持适当的运动和饮食,有助于预防头晕、恶心等不适症状的发生。",3
5,1,33,human,孩子晕厥发作时心电图会伴有长间歇,2
5,1,33,model,"这种情况可能是由于颈椎病引起的,因为颈椎问题可能导致头晕、恶心等症状。建议您带孩子到医院进行检查,以确定具体原因并得到相应的治疗。同时,建议孩子多休息、保持良好的生活习惯,避免长时间低头或站立,保持适当的运动和饮食,有助于预防头晕、恶心等不适症状的发生。",2
5,1,33,human,孩子是早产儿，会不会因为这个原因，比正常儿童更容易晕倒,4
5,1,33,model,"早产儿的身体发育尚未完全成熟,容易出现一些疾病,包括颈椎问题。因此,您孩子出现晕厥、恶心等症状,可能与颈椎问题有关。建议您带孩子到医院进行检查,以确定具体原因并得到相应的治疗。同时,建议您多休息、保持良好的生活习惯,避免长时间低头或站立,保持适当的运动和饮食,有助于预防头晕、恶心等不适症状的发生。",2
5,1,33,human,我当初怀孕的时候血糖比较高，会导致孩子现在的晕倒吗,5
5,1,33,model,"您的孩子可能出现了低血糖引起的晕厥症状。低血糖是指血糖浓度低于正常范围,导致血糖过低,从而引起头晕、恶心、出汗等症状。而低血糖的原因可能是胰岛素分泌不足、胰岛素抵抗、胰岛素瘤等。建议您带孩子到医院进行检查,以确定具体原因并得到相应的治疗。同时,建议您多注意休息、保持良好的生活习惯,避免长时间低头或站立,保持适当的运动和饮食,有助于预防头晕、恶心等不适症状的发生。",3
5,1,33,human,低血压和现在的晕倒有必然的联系吗,12
5,1,33,model,"是的,低血压和晕厥可能有一定的关系。低血压是指血压低于正常范围,从而引起头晕、恶心、出汗等症状。低血压的原因可能是多种多样的,例如贫血、心脏疾病、药物副作用等。建议您带孩子到医院进行检查,以确定具体原因并得到相应的治疗。同时,建议您多休息、保持良好的生活习惯,避免长时间低头或站立,保持适当的运动和饮食,有助于预防头晕、恶心等不适症状的发生。",2
5,1,33,human,孩子在手术后能做一般正常儿童的运动吗,3
5,1,33,model,"孩子手术后可以进行一般正常儿童的运动,但需要根据孩子的具体情况和医生的建议来决定。建议您在医生的指导下进行适当的运动和饮食,避免过度运动和过度疲劳,以免引起身体不适。此外,孩子还需要定期复查,以确定病情是否得到控制。",1
5,1,33,human,手术后可以保证晕厥的事情不会再次发生吗,9
5,1,33,model,"您好,根据您提供的信息,孩子可能出现了颈椎病引起的头晕、恶心等症状。建议您带孩子到医院进行检查,以确定具体原因并得到相应的治疗。同时,建议您多休息、保持良好的生活习惯,避免长时间低头或站立,保持适当的运动和饮食,有助于预防头晕、恶心等不适症状的发生。此外,建议您定期复查,以确定病情是否得到控制。",2
