﻿4,4,32,human,我怀孕21周的时候晕厥过两次，第一次在家里，第二次在一个月后，在散步时，心跳加速头晕然后眼花，坐下后有所缓解,12
4,4,32,model,"您在怀孕21周时出现的晕厥和心跳加速可能是由于多种原因引起的，如低血压、低血糖、贫血等。在怀孕期间，这些情况是比较常见的。在您的情况下，我建议您寻求医生的建议，以便找出导致这些症状的具体原因并采取相应的措施。

在此期间，您可以采取以下一些措施来减轻晕厥和其他症状：
1. 保持充足的水分摄入，以防止脱水。
2. 注意饮食均衡，包括足够的蛋白质、维生素和矿物质。
3. 避免长时间站立，尤其是在炎热的天气下。
4. 在起身前缓慢地改变姿势，避免突然从卧位或坐位站立。
5. 保持适量的运动，如散步和孕妇瑜伽，但在感到不适时请立即停止。
6. 保持良好的睡眠，确保每晚有足够的休息。

请务必咨询医生，了解更多关于您的具体情况的建议。",13
4,4,32,human,第一次晕厥心脏跳的很快，还有点恶心，心悸，几分钟以后好了；第二次一直心很慌，心电图做完说是室上性心动过速。心脏超声没有问题,2
4,4,32,model,"我不是医生，但根据您的描述，室上性心动过速（SVT）可能是导致您心跳加速和晕厥的原因之一。室上性心动过速是一种心律失常，心脏的上部（心房）突然开始快速跳动。这可能导致心跳异常快、心悸、头晕、恶心和晕厥等症状。幸运的是，心脏超声检查结果正常，说明您的心脏结构没有问题。

在这种情况下，您应该咨询专业医生以获取针对您的具体情况的诊断和治疗建议。医生可能会建议您采取药物治疗、生活方式调整或其他治疗方法以控制症状和预防未来的发作。

此外，请继续关注并记录您的症状，以便在就诊时向医生提供详细信息。这将有助于医生更好地了解您的状况并给出最佳建议。",26
4,4,32,human,室上性心动过速是已经确诊的，但是说还需要在做一个心脏电生理检查并射频消融治疗，有必要吗,12
4,4,32,model,"我不是医生，但可以为您提供一些关于心脏电生理检查和射频消融治疗的一般信息。最终决定是否进行这些治疗的必要性应由您的医生根据您的具体情况来判断。

心脏电生理检查是一种用于评估心律失常的诊断程序，可以帮助医生确定心律失常的类型和来源。这有助于医生为您制定更精确的治疗方案。射频消融治疗是一种用于治疗某些类型心律失常的方法，它通过烧灼心脏内的异常电路来恢复正常心律。

对于室上性心动过速（SVT）患者，射频消融治疗通常在药物治疗无效或症状影响生活质量时被认为是一个有效的选择。射频消融治疗的成功率通常很高，而且并发症风险相对较低。

然而，这并不意味着每个SVT患者都需要进行射频消融治疗。您的医生会根据您的症状、发作频率、药物疗效和其他相关因素来评估治疗方案的必要性。请务必与您的医生充分沟通，以确保您了解所有可用的治疗选择以及它们的优缺点。",18
4,4,32,human,因为我之前有过两次早孕流产，害怕辐射会有影响,12
4,4,32,model,"我能理解您的担忧。虽然我不是医生，但我可以为您提供一些关于辐射和射频消融治疗的一般信息。

在射频消融治疗过程中，可能会使用X射线成像技术来帮助医生定位心脏内的异常电路。尽管这种成像技术确实会产生一定程度的辐射，但是医生和医疗团队会采取各种措施来尽量减少您接受的辐射剂量。

值得注意的是，在射频消融治疗过程中接受的辐射剂量通常远低于可能对您或您未来怀孕造成显著风险的剂量。然而，如果您仍然担心辐射对您的健康和生育能力的潜在影响，最好与您的医生充分讨论这些担忧。医生可以根据您的具体情况为您提供更详细的解释和建议。

在做出决定之前，您可以与医生探讨其他治疗方案，如药物治疗或其他非侵入性方法。这将有助于您了解所有可用的选择，从而作出最适合您的决策。",15
4,4,32,human,我家里父母兄弟姐妹没有这样的病例，会不会是遗传病导致的流产,25
4,4,32,model,"我不是医生，但我可以为您提供一些关于遗传病和流产的一般信息。虽然室上性心动过速（SVT）和流产之间没有直接的因果关系，但某些遗传病可能导致流产。流产的原因有很多，包括染色体异常、子宫异常、内分泌失调、感染等。某些遗传病可能增加流产的风险，但并非所有流产都与遗传病有关。

要确定流产的确切原因，您需要咨询专业医生进行详细的评估和检查。医生可能会建议您进行一系列检查，如基因检测、染色体分析、子宫内膜检查等，以确定导致流产的潜在原因。了解流产的原因对于预防未来流产和制定合适的治疗计划至关重要。

请务必与医生充分沟通，以了解您的具体情况和接受专业建议。同时，保持健康的生活方式和保持积极的心态对于您的生育健康也非常重要。",21
4,4,32,human,那这个检查的辐射，会不会对胎儿不好,18
4,4,32,model,"在怀孕期间，尽量避免不必要的辐射暴露是非常重要的，因为某些类型的辐射可能对胎儿造成潜在的风险。然而，我需要澄清一点：根据您之前的描述，您目前已经确诊为室上性心动过速，并考虑接受心脏电生理检查和射频消融治疗。在这种情况下，我建议您在怀孕期间与您的医生讨论这些担忧，并在医生的建议下决定是否进行这些检查和治疗。

一般来说，医生会在评估患者的整体健康状况和治疗需求时权衡辐射暴露的风险。在某些情况下，如果这些检查和治疗对您的健康至关重要，医生可能会建议您在怀孕期间进行。然而，在大多数情况下，医生会建议您在怀孕期间避免不必要的辐射暴露，并在怀孕后进行这些检查和治疗。

请务必与您的医生充分沟通，以了解他们的建议和关于辐射暴露的担忧。此外，在怀孕期间，请遵循医生的建议，保持健康的生活方式，并定期进行产检以确保您和您的胎儿的健康。",18
4,4,32,human,因为之前流产过，我很怕孩子有什么问题,3
4,4,32,model,"流产是一个令人痛苦的经历，我理解您的担忧。在怀孕期间，保持与医生的密切联系和定期产检是确保您和胎儿健康的关键。

在怀孕期间，医生会为您安排一系列的产前筛查和检查，以评估胎儿的发育和健康状况。这些检查包括血液检查、超声波检查等，以及在需要时进行的染色体和基因检测。通过这些检查，医生可以发现任何潜在的问题，并提前采取相应的干预措施。

为了确保您和胎儿的健康，请遵循以下建议：
1. 保持与医生的密切联系，定期进行产检。
2. 遵循医生的建议，确保获得充足的营养和维生素，如叶酸补充剂。
3. 保持健康的生活方式，包括适当的运动、良好的饮食习惯和充足的睡眠。
4. 避免暴露于有害物质，如烟草、酒精和某些药物。

最后，请尽量保持积极的心态，因为心理健康对于您和胎儿的整体健康也非常重要。如果您有任何疑虑或担忧，请随时与医生沟通，他们将为您提供专业的建议和支持。",31
4,4,32,human,能不能讲一下这个检查的所有风险，我在考虑一下要不要做,18
4,4,32,model,"您提到的心脏电生理检查和射频消融治疗是用于诊断和治疗心律失常的方法。以下是一些与这些方法相关的潜在风险。请注意，我不是医生，所提供的信息仅供参考，您需要与专业医生讨论以获取针对您个人情况的建议。

心脏电生理检查风险：

1. 出血或血肿：在穿刺部位可能出现轻微出血或血肿。
2. 感染：虽然很少见，但穿刺部位可能发生感染。
3. 心律失常：检查过程中可能诱发心律失常，但医生通常能立即处理这些问题。
4. 血管损伤：在插入导管时，可能会损伤血管。

射频消融治疗风险：

1. 心包积液或心包炎：射频消融治疗可能导致心包积液或心包炎，但这种情况较为罕见。
2. 心脏瓣膜损伤：虽然罕见，但治疗过程中可能损伤心脏瓣膜。
3. 血栓形成：治疗过程中可能导致血栓形成，进而导致心脏或脑部的栓塞。医生通常会采取预防措施以降低这种风险。
4. 新的心律失常：射频消融治疗可能导致新的心律失常，需要进一步治疗。
5. 辐射暴露：如前所述，射频消融过程中可能使用X射线成像，导致一定程度的辐射暴露。

值得注意的是，这些风险通常相对较低，而且医生会采取各种预防措施来降低风险。然而，在您决定是否进行这些检查和治疗之前，请务必与您的医生充分讨论，并根据他们的建议和您的个人情况进行权衡。",38
