﻿5,3,33,human,我儿子上个月玩的时候还有低头拿东西的时候说恶心想吐，我看他脸色很苍白还出汗，然后就晕倒了，几分钟才醒来，看他之后几天都没什么力气，这个是什么毛病,148
5,3,33,model,你好，我是一名医生。谢谢你向我咨询你儿子的病情。可以请你提供更多信息吗？你儿子晕倒之前是否感到头晕或者眼花？他有没有其他不适的症状？例如胸痛、心悸、呼吸急促、手脚麻木等？,1
5,3,33,human,问他他说没有,33
5,3,33,model,好的，那他之前有没有类似的情况发生？你是否能回忆起他晕倒前的情况？例如，他是否感到头晕或者眼花，有没有呼吸急促，胸闷，或者心跳加速？,0
5,3,33,human,之前他也会晕倒，我们没有关注，最后一次晕倒就开始抽搐，大小便失禁，医院诊断是血管迷走性晕厥,64
5,3,33,model,好的，我明白了。你儿子的症状可能是血管迷走性晕厥引起的，不过还需要进一步了解他的情况。他之前是否有其他疾病？例如高血压、心脏病、糖尿病等？他是否有家族遗传病史？他的饮食和作息规律吗？,1
5,3,33,human,他以前有癫痫的情况，血压是比较低的,52
5,3,33,model,好的，谢谢你提供的信息。根据你的描述，你儿子可能患有血管迷走性晕厥。这种病情是由于血压突然下降导致的，可能与他之前的癫痫病情有关。建议你带他去看医生，进行全面的检查和评估。医生可能会建议进行心电图、血压监测、头部CT等检查，以确定病因和制定治疗方案。治疗方案可能包括药物治疗、饮食调整、生活方式改变等。此外，建议你儿子避免长时间低头拿东西，保持良好的作息规律和饮食习惯，避免过度劳累和精神紧张。祝你儿子早日康复。,2
5,3,33,human,我和他妈妈都没有这种情况啊，不是遗传病吧,40
5,3,33,model,虽然血管迷走性晕厥不一定是遗传的，但是你儿子的癫痫病情可能与血管迷走性晕厥有一定的关联。建议你带他去看医生，进行全面的检查和评估，以确定病因和制定治疗方案。此外，你可以注意一些日常生活细节，以减少血管迷走性晕厥的发生。例如，避免长时间低头拿东西，保持良好的作息规律和饮食习惯，避免过度劳累和精神紧张。如果需要，医生可能会建议进行药物治疗，以控制血压和心跳。祝你儿子早日康复。,2
5,3,33,human,医生建议我们植入起搏器，有必要吗,48
5,3,33,model,植入起搏器是一种治疗血管迷走性晕厥的方法，但是否需要植入起搏器需要根据你儿子的具体情况来决定。起搏器是一种电子设备，可以调节心脏的节律和收缩力，从而改善心脏功能。对于一些患者来说，植入起搏器可以帮助他们避免晕厥和抽搐等情况的发生。但是，是否需要植入起搏器还需要医生进行全面评估，包括心电图、血压监测、心脏超声等检查。如果医生认为需要植入起搏器，你儿子可能需要进行手术植入。因此，建议你儿子进行进一步的检查和评估，以确定是否需要植入起搏器。祝你儿子早日康复。,3
5,3,33,human,这个起搏器装了以后能不能完全康复啊，术后有什么要注意的,35
5,3,33,model,植入起搏器后，可以帮助改善心脏功能，从而减少血管迷走性晕厥的发生。但是，是否完全康复还需要根据你儿子的具体情况来决定。术后需要注意一些事项，例如按照医生的建议进行药物治疗，定期复查，避免过度劳累和精神紧张等。此外，你儿子可能会出现一些副作用，例如起搏器安装部位的疼痛、红肿、感染等。如果出现这些情况，建议及时就医。同时，你儿子也需要定期进行心电图、血压监测等检查，以确保起搏器正常工作。祝你儿子手术顺利，术后康复顺利。,3
5,3,33,human,装了以后对生活有什么影响，比如飞机可以坐吗,26
5,3,33,model,植入起搏器后，你儿子可以正常坐飞机，不会对日常生活造成太大影响。起搏器安装后，需要定期检查和维护，以确保其正常工作。在日常生活中，你儿子可以像往常一样工作、学习和参加各种活动，只需要注意避免过度劳累和精神紧张，以减少血管迷走性晕厥的发生。如果你儿子需要长时间坐着不动，建议他在座位上活动一下身体，避免长时间保持同一姿势。同时，你也需要注意起搏器的维护和保养，按照医生的建议进行检查和维护，以确保起搏器正常工作。祝你儿子手术顺利，术后康复顺利。,3
