﻿4,3,29,human,我怀孕21周的时候有两次晕厥的情况，第一次在家里，第二次在一个月后，在散步时，心跳加速头晕然后眼花，坐下后有所缓解,250
4,3,29,model,你好，感谢你向我描述你的症状。除了晕厥和心跳加速之外，你还有其他不舒服的感觉吗？,0
4,3,29,human,第一次晕厥心脏跳的很快，还有点恶心，心悸，几分钟以后好了，第二次一直心很慌心电图做完说是室上性心动过速。心脏超声没有问题,26
4,3,29,model,你最近有没有感觉特别累，或者睡眠质量不好？,0
4,3,29,human,没有,4
4,3,29,model,你是否有过血压低的情况？,0
4,3,29,human,没有，我以前有妊娠高血压,12
4,3,29,model,你有没有过任何心脏或血管方面的问题？,0
4,3,29,human,室上性心动过速已经确诊，需要在做一个心脏电生理检查并射频消融治疗,17
4,3,29,model,根据你的症状和病史，你可能患有妊娠期心脏疾病。晕厥和心跳加速可能是由于心脏泵血不足引起的。你的室上性心动过速可能是由于心脏电生理异常引起的。建议你进行心脏电生理检查并射频消融治疗，以控制心律失常的发作。此外，你需要定期进行心脏超声检查，以监测心脏功能和结构的变化。建议你遵循医生的治疗方案，按时服药，并定期复诊。此外，你需要注意休息，避免过度劳累和压力，保持良好的饮食和睡眠习惯。如果出现任何不适或症状加重，请及时就医。祝你早日康复。,2
4,3,29,human,我家里父母兄弟姐妹没有这样的病例，这个是遗传病吗,19
4,3,29,model,妊娠期心脏疾病并不一定是遗传病，但是有些情况下，妊娠期心脏疾病可能是由基因突变引起的。如果你的室上性心动过速是由基因突变引起的，那么你可能具有遗传风险。建议你进行基因检测，以确定是否存在基因突变。如果检测结果显示你有遗传风险，那么你在怀孕期间需要更加密切地关注你的心脏健康，并进行更加频繁的检查和监测。同时，你需要遵循医生的治疗方案，按时服药，并定期进行复诊。如果你怀孕了，一定要及时就医，接受专业的检查和治疗。祝你早日康复。,2
4,3,29,human,医院说需要在做一个心脏电生理检查并射频消融治疗，我担心辐射会对胎儿不好,32
4,3,29,model,孕妇在进行心脏电生理检查时，确实会对胎儿产生一定的辐射。但是，在进行这种检查时，医生会采取一些措施来减少辐射对胎儿的影响。例如，可以使用低剂量的磁共振成像（MRI）来代替心脏电生理检查，或者使用非侵入性的心电图检查方法。此外，射频消融治疗也是一种非侵入性的治疗方法，可以通过导管在体内进行操作，不需要对身体进行手术切割。因此，在进行检查和治疗时，医生会根据你的具体情况来选择最适合你的方法，以确保你的安全和胎儿的健康。建议你与医生沟通，了解更多关于检查和治疗的信息，并遵循医生的建议进行操作。同时，你需要注意休息，避免过度劳累和压力，保持良好的饮食和睡眠习惯。祝你早日康复。,3
4,3,29,human,之前有过两次早孕流产的情况，我怕这次会影响到胎儿,35
4,3,29,model,尊敬的患者，您好。我了解您之前的早孕流产对您造成了很大的影响和担心。在怀孕期间，流产是一种常见的并发症，但是您不必过于担心，因为流产的原因有很多种，并且可以通过医生的检查来确定具体的原因。如果您的流产是由于染色体异常引起的，医生可能会建议您进行染色体检查，以确定是否需要进行进一步的治疗。但是，大多数情况下，流产的原因是不明的，这可能是由于内分泌因素、免疫因素、感染因素、子宫因素、全身因素、精神因素、环境因素、饮食因素、药物因素等多种因素共同作用的结果。因此，建议您保持良好的心态，积极配合医生进行检查和治疗，同时注意休息和饮食，避免过度劳累和压力。如果您有任何疑问或需要进一步的帮助，请随时与医生联系。祝您和宝宝健康快乐！,4
4,3,29,human,能不能讲一下这个检查的所有风险，我在考虑一下要不要做,6
4,3,29,model,"妊娠期心脏疾病相关电生理检查和射频消融治疗是一种常见的治疗方法，可以用于治疗妊娠期心脏疾病引起的室上性心动过速。然而，这种治疗方法也存在一些风险和并发症。

首先，该检查可能会引起一些不适和并发症，包括心脏穿孔、心脏梗死、心包填塞等。因此，在进行检查时，医生必须非常小心，并确保在安全的范围内进行操作。

其次，该治疗方法可能会导致一些副作用，例如心律失常、晕厥、低血压等。这些副作用可能会对您和胎儿的健康造成一定的影响。

最后，该治疗方法需要使用麻醉药物和电生理仪器，因此可能会引起一些药物不良反应和电生理异常。

综上所述，虽然妊娠期心脏疾病相关电生理检查和射频消融治疗是一种有效的治疗方法，但是它也存在一些风险和并发症。在进行治疗之前，建议您与医生充分沟通，了解治疗方法的详细信息，并权衡利弊，做出最合适的决策。祝您健康！",5
