﻿5,2,35,human,我儿子上个月玩的时候还有低头拿东西的时候说恶心想吐，我看他脸色很苍白还出汗，然后就晕倒了，几分钟才醒来，看他之后几天都没什么力气，这个是什么毛病,9
5,2,35,model,您好，根据您描述的情况，您的儿子可能出现了头晕、恶心和出汗的症状，这可能是由多种原因引起的。可能是脑缺血、脑血管炎、脑出血、脑肿瘤等疾病所致，也可能是中枢神经系统感染和中毒性脑病引起的。建议您带儿子到医院进行详细的检查，包括脑部CT检查、脑部核磁共振检查、脑部脑脊液检查、脑部电生理检查等。这些检查可以帮助医生确定病因，并制定相应的治疗方案。同时，建议您注意儿子的饮食和休息，保持良好的生活习惯，有助于恢复身体健康。如果您有其他问题，可以随时向我咨询。祝您和您的家人健康！,4
5,2,35,human,之前他也会晕倒，我们没有关注，最后一次晕倒就开始抽搐，大小便失禁，医院诊断是血管迷走性晕厥，心电图有长间歇,23
5,2,35,model,血管迷走性晕厥是一种常见的晕厥类型，通常与血管迷走性晕厥有关。这种晕厥通常是由于血管迷走神经张力过高，导致心脏泵血功能下降，从而引起晕厥。如果晕厥时伴有大便失禁和抽搐，可能需要进一步的检查和治疗。建议您带儿子到医院进行详细的检查，包括血压、心电图、脑部CT检查、脑部核磁共振检查、脑部脑脊液检查、脑部电生理检查等，以确定病因和制定相应的治疗方案。同时，建议您注意儿子的饮食和休息，保持良好的生活习惯，有助于恢复身体健康。如果您有其他问题，可以随时向我咨询。祝您和您的家人健康！,4
5,2,35,human,我和他妈妈都没有这种情况啊，不是遗传病吧,12
5,2,35,model,血管迷走性晕厥通常不是由遗传因素引起的，通常是由于血管迷走神经张力过高，导致心脏泵血功能下降，从而引起晕厥。但是，如果您的儿子之前有其他症状，例如头痛、晕厥、心悸等，可能需要进一步的检查以确定病因和治疗方案。建议您带儿子到医院进行详细的检查，包括血压、心电图、脑部CT检查、脑部核磁共振检查、脑部脑脊液检查、脑部电生理检查等，以确定病因和制定相应的治疗方案。同时，建议您注意儿子的饮食和休息，保持良好的生活习惯，有助于恢复身体健康。如果您有其他问题，可以随时向我咨询。祝您和您的家人健康！,4
5,2,35,human,他是早产的，妈妈孕期高血糖，还得过严重的低蛋白血症，那这个是不是引起他的病的原因啊,24
5,2,35,model,早产、低蛋白血症和孕期高血糖可能会增加血管迷走性晕厥的风险。早产和低蛋白血症可能会导致营养不良和免疫力下降，增加血管迷走性晕厥的发生率。孕期高血糖可能会导致胎儿神经系统发育不良，增加血管迷走性晕厥的风险。因此，建议您带儿子到医院进行详细的检查，包括血压、心电图、脑部CT检查、脑部核磁共振检查、脑部脑脊液检查、脑部电生理检查等，以确定病因和制定相应的治疗方案。同时，建议您注意儿子的饮食和休息，保持良好的生活习惯，有助于恢复身体健康。如果您有其他问题，可以随时向我咨询。祝您和您的家人健康！,4
5,2,35,human,医生建议我们植入起搏器，有必要吗,25
5,2,35,model,植入起搏器是一种治疗血管迷走性晕厥的方法，但是否需要植入起搏器，需要根据具体情况来决定。对于血管迷走性晕厥，起搏器治疗的效果因人而异，有些人可能需要植入起搏器来预防晕厥的发生，而有些人则可以通过调整生活方式来预防晕厥的发生。因此，建议您咨询专业医生，根据具体情况来决定是否需要植入起搏器。同时，建议您注意儿子的饮食和休息，保持良好的生活习惯，有助于恢复身体健康。如果您有其他问题，可以随时向我咨询。祝您和您的家人健康！,4
5,2,35,human,这个起搏器装了以后能不能完全康复啊，术后有什么要注意的,24
5,2,35,model,"植入起搏器可以帮助预防血管迷走性晕厥的发生，但并不能完全治愈血管迷走性晕厥。因此，即使植入了起搏器，仍需要注意其他预防措施，如避免长时间站立或坐着、避免过度疲劳、保持心情愉快等。

术后需要注意的事项包括：

1. 术后需要密切关注儿子的身体状况，定期复诊，以确保起搏器正常工作。

2. 如果出现任何异常症状，如心悸、胸闷、晕厥等，应立即就医。

3. 在术后的初期，可能需要避免剧烈运动、快速起床等动作，以免对起搏器造成损伤。

4. 术后需要定期检查药物治疗是否合适，并遵循医生的建议进行治疗。

总之，术后需要密切关注儿子的身体状况，遵循医生的建议进行治疗和管理，以便更好地控制病情。如果您有任何疑问或需要帮助，请及时咨询专业医生。祝您和您的家人健康！",6
5,2,35,human,那对于术后长期的健康有没有什么建议,46
5,2,35,model,"对于术后长期的健康，建议您注意以下几点：

1. 定期复诊：术后需要定期到医院复诊，以确保起搏器正常工作，并及时发现并处理任何问题。

2. 调整生活方式：保持健康的生活方式，包括合理饮食、适量运动、保持心情愉快等，以预防晕厥的发生。

3. 避免过度疲劳：避免长时间站立或坐着，尽量避免过度疲劳，以减轻身体的负担。

4. 安全用药：按照医生的建议，正确用药，以避免不必要的药物副作用。

5. 避免过度饮酒：过度饮酒会增加晕厥的风险，因此应该避免过度饮酒。

6. 避免剧烈运动：术后需要避免剧烈运动，以免对起搏器造成损伤。

7. 保持情绪稳定：情绪波动可能会增加晕厥的风险，因此需要保持情绪稳定。

总之，术后需要定期复诊，调整生活方式，避免过度疲劳，安全用药，避免过度饮酒，避免剧烈运动，保持情绪稳定，以预防晕厥的发生。如果您有任何疑问或需要帮助，请随时咨询专业医生。祝您和您的家人健康！",7
5,2,35,human,我儿子没有运动的习惯，需不需要加强一下运动,22
5,2,35,model,术后适当的运动可以帮助预防晕厥的发生，但是对于长期缺乏运动习惯的孩子，需要逐渐加强运动。建议您咨询专业医生，根据孩子的身体情况和运动能力，制定适合孩子的运动计划。一般来说，可以从低强度的有氧运动开始，如慢跑、快走、游泳等，逐渐增加运动强度和持续时间。同时，可以进行一些简单的柔韧性训练，如瑜伽、舞蹈等，有助于增强孩子的身体素质。在进行运动时，要注意逐渐增加运动量，避免过度疲劳，避免剧烈运动和过度运动，以免对起搏器造成损伤。如果您有任何疑问或需要帮助，请及时咨询专业医生。祝您和您的家人健康！,4
