﻿5,1,34,human,我儿子上个月低头拿东西还有站久了的时候说恶心想吐，我看他脸色很苍白还出汗，然后就晕倒了，几分钟才醒来，看他之后几天都没什么力气，这个是什么原因,42
5,1,34,model,"这种症状可能是由于多种原因引起的,例如低血糖、低血压、贫血、心脏病、中风等等。建议您带儿子去医院进行全面的身体检查,以确定具体的原因,并进行相应的治疗。在等待就医期间,您可以给儿子多喝水,保持充足的水分,避免过度劳累和长时间站立,同时注意观察儿子的饮食和生活习惯,避免过度饮酒和吸烟等不良习惯。",2
5,1,34,human,之前他也会晕倒，我们没有关注，最后一次晕倒就开始抽搐，大小便失禁，我们就害怕了，医院诊断是血管迷走性晕厥,15
5,1,34,model,"血管迷走性晕厥是一种由于血管迷走神经功能障碍引起的短暂意识丧失的症状,常见于儿童和年轻人。这种晕厥通常是短暂的,持续时间一般不超过10分钟,患者可能没有任何疼痛或不适感。

血管迷走性晕厥的发病原因可能有多种,例如低血糖、低血压、贫血、心脏疾病、神经系统疾病等等。建议您带儿子去医院进行全面的身体检查,以确定具体的原因,并进行相应的治疗。同时,您可以给儿子多喝水,保持充足的水分,避免过度劳累和长时间站立,同时注意观察儿子的饮食和生活习惯,避免过度饮酒和吸烟等不良习惯。",3
5,1,34,human,他是早产的，妈妈孕期高血糖，还得过严重的低蛋白血症，这个是不是引起他的病的原因啊,39
5,1,34,model,"早产儿和低蛋白血症可能会影响他的生长发育,但具体原因需要根据患者的具体情况来确定。建议您带儿子去医院进行全面的身体检查,以确定具体的原因,并进行相应的治疗。在等待就医期间,您可以给儿子多喝水,保持充足的水分,避免过度劳累和长时间站立,同时注意观察儿子的饮食和生活习惯,避免过度饮酒和吸烟等不良习惯。",2
5,1,34,human,之前检查过他的血压一直很低，80/40mmHg左右,33
5,1,34,model,"血压低可能是导致晕厥的原因之一,但是具体原因需要根据患者的具体情况来确定。建议您带儿子去医院进行全面的身体检查,以确定具体的原因,并进行相应的治疗。同时,您可以给儿子多喝水,保持充足的水分,避免过度劳累和长时间站立,同时注意观察儿子的饮食和生活习惯,避免过度饮酒和吸烟等不良习惯。",2
5,1,34,human,还有就是有点贫血，血红蛋白指数很低，这也是诱因吗,29
5,1,34,model,"贫血可以导致贫血性心脏病,从而导致晕倒。建议您带儿子去医院进行全面的身体检查,以确定具体的原因,并进行相应的治疗。同时,您可以给儿子多喝水,保持充足的水分,避免过度劳累和长时间站立,同时注意观察儿子的饮食和生活习惯,避免过度饮酒和吸烟等不良习惯。",2
5,1,34,human,医院说建议我们植入起搏器，有必要吗,27
5,1,34,model,"起搏器是一种治疗心律失常的手术,可以帮助患者恢复心脏节律,减少晕厥等风险。但是,对于您儿子的情况,是否需要植入起搏器还需要根据医生的具体建议来决定。如果您的儿子需要植入起搏器,您可以咨询医生,了解手术的详细情况和风险,以便做出明智的决定。同时,您可以给儿子多喝水,保持充足的水分,避免过度劳累和长时间站立,同时注意观察儿子的饮食和生活习惯,避免过度饮酒和吸烟等不良习惯。",3
5,1,34,human,这个起搏器装了以后能不能完全康复啊，术后有什么要注意的,27
5,1,34,model,"起搏器是一种治疗心律失常的手术,可以帮助患者恢复心脏节律,减少晕厥等风险。手术后,患者需要按照医生的建议进行康复训练,包括避免过度劳累、避免过度饮酒和吸烟等不良习惯,同时定期复查以确保病情得到控制。手术后,患者需要注意饮食和生活习惯,避免过度劳累和长时间站立,同时注意观察儿子的饮食和生活习惯,避免过度饮酒和吸烟等不良习惯。",2
5,1,34,human,术后长期的健康我们要怎么保障，有没有什么建议,38
5,1,34,model,"术后长期健康需要注意以下几点:

1. 定期复查:术后需要定期复查,以确保病情得到控制,同时也可以进行相应的康复训练。

2. 饮食和生活习惯:术后需要注意饮食和生活习惯,避免过度劳累和长时间站立,同时注意观察儿子的饮食和生活习惯,避免过度饮酒和吸烟等不良习惯。

3. 心理支持:术后需要得到患者的支持和关爱,帮助患者恢复身体健康,减轻心理压力。

4. 定期随访:术后需要定期随访,及时发现病情变化,调整治疗方案。

总之,术后长期健康需要注意以下几点,但是需要根据患者的具体情况来制定相应的治疗方案和饮食和生活习惯。建议您带着儿子去医院进行全面的身体检查,以确定具体的原因并进行相应的治疗。同时,您可以给儿子多喝水,保持充足的水分,避免过度劳累和长时间站立,同时注意观察儿子的饮食和生活习惯,避免过度饮酒和吸烟等不良习惯。",6
