﻿3,3,22,human,上次在家里站着的时候突然就晕倒了，去医院的路上第二次抽搐，完全失去意识差不多两秒,19
3,3,22,model,您好，根据您的描述，您可能患有癫痫。癫痫是一种神经系统疾病，会导致突然发作的抽搐、意识丧失等症状。建议您尽快到医院进行详细的检查和诊断，以确定病情的严重程度和治疗方案。在治疗方面，药物治疗是常见的方法，但需要根据病情选择合适的药物和剂量。同时，癫痫患者在日常生活中也需要注意一些事项，如避免过度疲劳、保持规律的作息时间、避免饮酒等。如果您有任何疑问或需要进一步的帮助，请随时与医生联系。祝您早日康复！,2
3,3,22,human,但是医院检查心脏以后说是有陈旧心肌梗塞，心律失常，是计划着心脏心律转复除颤器植入的,11
3,3,22,model,您好，根据您的描述，您患有陈旧心肌梗塞和心律失常。心脏心律转复除颤器是一种治疗心律失常的设备，可以记录和分析心律，并通过电击复律或药物调节恢复正常心律。但是，是否需要安装心脏心律转复除颤器需要医生根据您的具体情况来决定。您已经接受了医院检查，医生计划着为您植入设备。在手术前，您需要进行一些必要的检查，以确保手术的安全性和有效性。如果您有任何疑问或需要更多的信息，请随时向医生咨询。祝您早日康复！,2
3,3,22,human,但是我一个月前心肌梗塞，植入了三个支架，再做手术会不会有问题啊,25
3,3,22,model,尊敬的患者，您好。根据您的描述，您一个月前曾进行了心肌梗塞手术并植入了三个支架。现在您担心手术会不会对身体造成影响。首先，我要告诉您的是，手术本身是安全的，手术风险与手术部位和手术方式有关。但是，如果手术需要开放胸骨，那么在手术后需要适当的休息和恢复时间，以确保手术部位的恢复和稳定。一般来说，术后一周左右就可以逐渐开始进行一些轻度的身体活动，但是需要避免剧烈运动和过度劳累。此外，术后一个月内，您需要继续按照医生的建议进行药物治疗和饮食调整，以维持心脏的健康和稳定。如果您有任何疑问或需要更多的帮助，请随时向医生咨询。祝您早日康复！,3
3,3,22,human,我还有糖尿病，已经十六年了，在用胰岛素的，做手术我身体不知道能不能抗住,40
3,3,22,model,尊敬的患者，您好。根据您的描述，您已经患有糖尿病十六年了，目前正在使用胰岛素治疗。如果您需要进行手术，我们建议您在手术前与医生沟通，详细了解手术的风险和可能的并发症。同时，我们还需要评估您的糖尿病控制情况、血压情况、血脂情况等因素，以确定手术的适应症和风险程度。如果您的糖尿病控制不佳，存在糖尿病并发症的风险，我们建议您在手术前积极调整糖尿病治疗方案，控制血糖水平，以减少手术风险。此外，手术后还需要注意休息、饮食和运动等方面的调整，以促进身体恢复和预防并发症的发生。如果您有任何疑问或需要更多的帮助，请随时向医生咨询。祝您早日康复！,3
3,3,22,human,那高血压呢，十年了，需要注意吗,19
3,3,22,model,您好，根据您提供的信息，您患有高血压已经十年了。高血压是一种常见的慢性疾病，需要长期的治疗和管理。除了药物治疗外，饮食和生活方式的改变也是非常重要的。建议您在饮食上注意低盐、低脂、低糖、高纤维的原则，多吃新鲜蔬菜、水果、全谷类食物和瘦肉，少吃油炸、煎烤、辛辣刺激性食物，同时戒烟限酒，保持适当的体重和运动。此外，情绪稳定也是非常重要的，避免过度紧张和焦虑，保持良好的心态。如果您有任何疑问或需要更多的帮助，请及时咨询医生。祝您身体健康！,3
3,3,22,human,我烟瘾有点大，一天十支烟不能少，有二十多年了，应该是戒不了了,24
3,3,22,model,尊敬的患者，您好。首先，我了解您对于吸烟的担忧，吸烟对于健康的影响是非常严重的。但是，我想告诉您的是，戒烟并不是一件容易的事情，但是它对您的身体健康的好处是显而易见的。吸烟会影响人的整体健康水平，增加患各种疾病的风险，包括肺癌、心血管疾病等等。所以，我建议您尽快戒烟，同时也可以咨询医生或者专业的戒烟机构，他们会给您提供更加详细和专业的帮助。此外，如果您有其他的健康问题，也可以向医生咨询，他们会给您提供更加个性化和专业的建议。最后，我希望您能够保持良好的心态，积极面对生活，保持健康的生活方式，祝您身体健康，一切顺利！,3
3,3,22,human,医院让我做心脏心律转复除颤器植入，我需要做吗，这个装置电池也用不了几年就要换了吧,22
3,3,22,model,"您好，根据您的描述，您需要做心脏心律转复除颤器植入手术。这是一种治疗心律失常的有效方法，可以帮助您记录和分析心律，并通过电击复律或药物调节恢复正常心律。但是，手术前需要医生根据您的具体情况来决定是否需要安装这种装置。

关于电池寿命的问题，心脏心律转复除颤器的电池寿命与使用情况有关，但是一般情况下，它需要更换电池。如果您计划进行手术，建议您提前咨询医生，了解手术的风险和可能的并发症，以及术后的注意事项。

最后，如果您还有其他的疑问或者需要更多的帮助，请随时向医生咨询。祝您早日康复！",3
3,3,22,human,有没有更加保守的方案啊，还是不太想做手术,14
3,3,22,model,"您好，对于房颤的治疗，手术和药物治疗都是常用的方法。但是，如果您担心手术的风险和不适，也可以考虑一些更加保守的方案。例如，您可以尝试药物治疗，如抗凝血药物和心律调节药物等，这些药物可以帮助控制房颤的发作和改善症状。此外，您还可以尝试一些非药物治疗方法，如电针治疗、穴位注射、中药内服等，这些方法对于改善房颤症状和预防复发有一定的效果。

当然，对于房颤的治疗，最有效的方法还是手术治疗。手术可以通过切除或修复导致房颤的病变组织，恢复正常的心律。但是，手术前需要医生根据您的具体情况来评估手术的风险和可能的并发症，然后制定最适合您的治疗方案。

最后，我建议您与医生详细沟通，了解您的病情和治疗方案，然后根据医生的建议做出决策。祝您早日康复！",4
