﻿4,4,31,human,怀孕21周的时候晕厥两次，第一次在家里，第二次在一个月后，在散步时，心跳加速头晕然后眼花，坐下后有所缓解,7
4,4,31,model,"怀孕期间晕厥可能是正常的生理现象，但也可能是某些健康问题的信号。在怀孕期间，身体会经历许多变化，这可能导致血压下降和血流减少，从而导致晕厥。以下是一些建议：

1. 观察晕厥的频率和严重程度。如果晕厥持续发生或者加剧，请及时就医。
2. 保持充足的水分摄入。脱水可能导致血压下降，从而增加晕厥的风险。
3. 当感到头晕或心跳加速时，尝试坐下休息，避免突然站起或改变姿势。
4. 避免长时间站立或坐着。定期活动一下腿部，以帮助血液循环。
5. 保持良好的饮食习惯，确保获得足够的营养和能量。

这些建议仅供参考，请务必咨询医生或专业医疗人士的意见，以获得针对您具体情况的最佳建议。",15
4,4,31,human,是正常的吗，我第一次晕厥心脏跳的很快，还有点恶心，心悸，几分钟以后好了；第二次一直心很慌，心电图做完说是室上性心动过速。心脏超声没有问题,35
4,4,31,model,"在怀孕期间出现这些症状可能是正常的，但也可能需要关注。怀孕时，激素水平的变化、血容量的增加和心脏负荷的加大可能导致心律不齐、心悸等症状。然而，室上性心动过速可能需要进一步关注，尤其是在怀孕期间。

根据您的描述，您已经进行了心电图检查和心脏超声检查。如果心脏超声结果正常，可能不需要太担心，但请务必告知您的医生这些症状，以便他们可以给出更准确的诊断和建议。在这种情况下，遵循医生的建议是非常重要的。

此外，保持良好的生活习惯和饮食习惯对您和胎儿的健康非常重要。请确保遵循医生的建议，定期进行产检，以确保您和胎儿的健康。",10
4,4,31,human,我以前有妊娠高血压，所以比较担心有问题,21
4,4,31,model,"如果您以前患有妊娠高血压，那么在您当前的怀孕期间确实需要更加关注您的健康状况。妊娠高血压可能导致胎盘血流不足，从而影响胎儿的发育。此外，妊娠高血压还可能导致其他并发症，如子痫前期。

以下是一些建议，以帮助您更好地应对这种情况：

1. 与医生保持密切沟通，告知他们您的病史和您目前的症状。他们将能够提供有针对性的建议和治疗方案。
2. 保持良好的饮食习惯，减少盐分摄入，增加新鲜水果和蔬菜的摄入，以帮助控制血压。
3. 保持适当的体重增长，遵循医生的建议。
4. 定期检查血压，并密切关注血压的变化。
5. 在医生的建议下进行适当的锻炼，以帮助降低血压。

请注意，这些建议仅供参考。您应该遵循医生的建议，并定期进行产检。如果您的症状加重或出现新的症状，请立即联系医生。",15
4,4,31,human,这次检查还确诊了室上性心动过速，说还需要在做一个心脏电生理检查并射频消融治疗，这个有必要吗,28
4,4,31,model,"我不是医生，但我可以提供一些关于心脏电生理检查和射频消融治疗的一般性信息。

心脏电生理检查是一种评估心脏传导系统工作情况的检查方法。它可以帮助医生更好地了解室上性心动过速的原因并制定相应的治疗方案。

射频消融治疗是一种治疗心律失常的方法，通过消除异常心脏电活动的起源，恢复正常的心脏传导。这种治疗通常用于药物治疗无效或病情严重的患者。

关于您的具体情况，是否需要进行心脏电生理检查和射频消融治疗，取决于您的医生评估您的病情和风险因素。请务必与您的医生详细讨论这些治疗方案，并遵循他们的建议。请注意，在怀孕期间，某些治疗方法可能需要特别注意以确保母婴安全。因此，请确保您的医生了解您的怀孕状况，并在他们的指导下做出最佳决策。",24
4,4,31,human,想问一下这个检查有没有辐射，会不会对胎儿不好,3
4,4,31,model,"心脏电生理检查和射频消融治疗过程中通常会使用X射线荧光造影技术来指导导管进入心脏。因此，这些检查确实会产生一定程度的辐射。然而，医疗专业人员会尽量减少辐射剂量以降低对患者和胎儿的风险。

在怀孕期间，辐射对胎儿的影响取决于辐射剂量、胎儿发育阶段以及接受检查的部位。尽管辐射对胎儿存在一定风险，但在许多情况下，医生会认为进行这些检查的好处大于潜在风险。

在做出决定之前，请务必与您的医生充分讨论这些检查的潜在风险和好处。医生会根据您的具体情况，评估进行这些检查的必要性和安全性。请遵循医生的建议，并在他们的指导下做出最佳决策。",13
4,4,31,human,能不能讲一下这个检查的所有风险，我在考虑一下要不要做,3
4,4,31,model,"心脏电生理检查和射频消融治疗虽然通常被认为是安全的，但任何医疗程序都可能存在一定的风险。以下是一些可能的风险，但请注意，这不是一个详尽无遗的列表：

1. 感染：与任何侵入性程序一样，有感染的风险。
2. 出血：导管穿刺部位可能出现出血或血肿。
3. 心律失常：在检查和治疗过程中，可能导致新的心律失常或加重现有的心律失常。
4. 心包积液或心包炎：心脏周围的心包可能受到损伤，导致积液或炎症。
5. 血管损伤：插入导管的过程中可能损伤血管。
6. 辐射暴露：如前所述，这些检查可能涉及X射线辐射。尽管辐射剂量通常很低，但长期暴露可能增加癌症风险。在怀孕期间，辐射可能对胎儿产生影响，具体取决于辐射剂量和胎儿发育阶段。

请与您的医生讨论这些风险，以便他们可以根据您的具体情况为您提供个性化建议。医生会权衡这些风险与检查和治疗的潜在好处，以确定哪种方法对您和您的胎儿最为适合。请遵循医生的建议，并在他们的指导下做出最佳决策。",20
4,4,31,human,因为之前流产过，我很怕孩子有什么问题,13
4,4,31,model,"首先，我理解您的担忧，流产的经历会让您在这次怀孕期间格外小心和关注。在您的情况下，保持与医生的紧密沟通非常重要。他们可以为您提供个性化的建议和治疗方案，以确保母婴健康。

当您考虑进行心脏电生理检查和射频消融治疗时，请确保与医生充分讨论这些程序的风险和好处，以及它们可能对您和胎儿的影响。您的医生应该能够帮助您权衡这些因素，以便您做出最佳决策。

此外，遵循医生的建议，保持良好的生活习惯和饮食习惯，定期进行产检。这些措施将有助于确保您的健康和胎儿的正常发育。

请记住，我不是医生，这些建议仅供参考。请务必咨询专业医疗人士的意见，以获得针对您具体情况的最佳建议。",21
4,4,31,human,我家里父母兄弟姐妹没有这样的病例，是不是遗传病导致的流产,4
4,4,31,model,"遗传因素可能在某些流产中起作用，但流产的原因可能有很多，包括染色体异常、生殖系统异常、内分泌失调、免疫系统问题、感染、生活方式因素等。即使家族中没有类似病例，也不能排除遗传因素在您以前的流产中起作用的可能性。

在您当前的怀孕中，定期产检和与医生紧密沟通可以帮助识别并处理潜在问题。如果您担心遗传因素对您的怀孕造成影响，可以与医生讨论进行遗传咨询。遗传咨询师可以根据您的家族病史和您的具体情况，评估遗传风险并提供相关建议。

请注意，我不是医生，这些建议仅供参考。请务必咨询专业医疗人士的意见，以获得针对您具体情况的最佳建议。",32
