﻿5,3,37,human,我儿子上个月玩的时候还有低头拿东西的时候说恶心想吐，我看他脸色很苍白还出汗，然后就晕倒了，几分钟才醒来，看他之后几天都没什么力气，这个是什么毛病,6
5,3,37,model,您好，我是您的在线医生。感谢您向我咨询。您描述的情况听起来比较严重，我需要了解更多的病情信息。儿子是否进行了体检，有没有做过相关检查？,1
5,3,37,human,之前他也会晕倒，我们没有关注，最后一次晕倒就开始抽搐，大小便失禁，医院诊断是血管迷走性晕厥,5
5,3,37,model,非常感谢您提供的信息。您儿子的症状确实需要引起重视。请问他最近是否有其他异常症状，例如头痛、嗜睡、食欲不振等？,3
5,3,37,human,他以前有癫痫的情况，血压是比较低的之前检查过他的血压一直很低，80/40mmHg左右,12
5,3,37,model,非常感谢您提供的信息。根据您提供的症状，您儿子可能患有癫痫和低血压症。低血压可能是导致他晕倒的原因之一。建议您带他去医院进行进一步的检查，例如脑电图、心电图、血压监测等，以确定他的具体病情。治疗方案可能包括药物治疗和生活方式改变。建议您注意他的饮食和休息，避免过度劳累和长时间低头使用电子产品。如果他出现晕厥或其他症状，请立即将他平躺，保持呼吸通畅，避免受伤。祝您儿子早日康复。,2
5,3,37,human,还有就是有点贫血，血红蛋白指数很低,3
5,3,37,model,非常感谢您提供的信息。贫血可能是导致他恶心想吐的原因之一。建议您带他去医院进行血液检查，以确定他的贫血程度和病因。治疗方案可能包括口服铁剂、补充维生素B12等。此外，建议您注意他的饮食，多摄入富含铁质的食物，例如瘦肉、蛋类、豆类等。同时，他需要保持良好的生活习惯，避免过度劳累和压力，保持充足的睡眠。祝您儿子早日康复。,2
5,3,37,human,他是早产的，妈妈孕期高血糖，还得过严重的低蛋白血症，这个是不是引起他的病的原因啊,4
5,3,37,model,"尊敬的患者，您好。根据您提供的信息，孕期高血糖和低蛋白血症可能会导致一些并发症，例如高血压和贫血。这些并发症可能会影响胎儿的生长和发育，从而导致一些疾病的发生。例如，高血压可能会导致胎儿早产，而贫血可能会导致胎儿营养不良和发育迟缓。因此，这些并发症可能会增加您儿子患病的风险。

然而，早产本身也可能会导致一些疾病的发生，例如呼吸系统和肠道感染。这些疾病可能会增加您儿子的患病风险。因此，建议您带他去医院进行全面的检查和评估，以确定他的具体病情和治疗方案。

最后，建议您注意他的饮食和生活习惯，保持良好的卫生习惯，避免接触有害物质和环境，以促进他的健康成长和发育。祝您儿子早日康复。",3
5,3,37,human,医生建议我们植入起搏器，有必要吗,19
5,3,37,model,"您好，根据您描述的情况，植入起搏器并不是治疗窦性心动过缓的唯一方法。起搏器可以通过刺激心房或心室来维持正常的心率和节律，但并不是所有的患者都需要植入起搏器。如果您的心动过缓症状较轻，且没有其他心脏疾病，医生可能会建议您采取观察和药物治疗等方法。

此外，起搏器需要定期检查和维护，以确保其正常工作。如果您有任何疑虑或担忧，建议您向医生咨询，并进行详细的检查和评估。同时，您可以告诉我您的其他症状和病史，我会尽力为您提供更准确的建议。祝您健康！",3
5,3,37,human,这个起搏器装了以后能不能完全康复啊，术后有什么要注意的,8
5,3,37,model,"尊敬的患者，您好。起搏器手术后，大部分患者可以恢复正常生活和体力活动，但并不意味着完全康复。起搏器手术可以帮助控制心率和节律，但并不能完全治愈心脏疾病。因此，术后需要定期复查和随访，以确保起搏器正常工作，并及时调整起搏参数。

术后需要注意以下几点：首先，避免剧烈运动和过度劳累，以免影响心脏恢复和起搏器工作。其次，保持良好的生活习惯，如戒烟限酒、饮食健康、避免过度压力等。此外，定期复查和随访，遵循医生的建议和治疗方案，可以帮助及时发现和处理心脏问题。

最后，如果您有任何疑问或需要进一步的帮助，请随时咨询您的医生。祝您健康！",3
5,3,37,human,术后长期的健康我们要怎么保障，有没有什么建议,1
5,3,37,model,"尊敬的患者，感谢您的咨询。术后长期的健康保障需要您关注以下几个方面：

1. 定期复查和随访：术后需要定期复查和随访，以确保起搏器正常工作，并及时调整起搏参数。建议您按照医生的指导，定期到医院进行检查，以便及时发现和处理心脏问题。

2. 生活方式调整：保持健康的生活方式对术后健康保障非常重要。建议您戒烟限酒、饮食健康、避免过度压力和焦虑等，以促进身体恢复和心脏健康。

3. 药物使用：术后可能需要长期使用药物来控制心脏症状和预防并发症。建议您按时服药，遵循医生的建议，并定期复查心电图和心脏超声等检查，以便及时调整用药方案。

4. 运动锻炼：适量的运动锻炼对术后健康保障非常有益。但是，请在医生的指导下进行运动，避免剧烈运动和过度劳累，以免影响心脏恢复和起搏器工作。

最后，建议您保持良好的心态，积极面对术后健康问题，并与医生保持密切沟通和合作。祝您健康！",5
