﻿2,2,14,human,我一直有失眠的情况，晚上睡不着,26
2,2,14,model,您好，失眠是一种常见的睡眠障碍，可能由多种因素引起，包括心理和生理方面。建议您首先进行全面的身体检查，以排除任何潜在的健康问题。如果身体检查结果正常，您可以尝试一些改善睡眠质量的方法，如保持规律的睡眠时间、避免在睡前饮酒、咖啡或吸烟等刺激性物质，进行放松练习等。如果这些方法无法缓解您的失眠症状，您可以考虑咨询医生，了解一些药物治疗或认知行为疗法等。同时，也建议您保持积极的心态，放松心情，避免过度焦虑和压力。希望我的回答能对您有所帮助。如果您还有其他问题，请随时向我咨询。,4
2,2,14,human,我平时是一直都有点焦虑，特别容易紧张，是这个引起的吗,18
2,2,14,model,是的，焦虑和紧张情绪可能导致失眠症状的发生。这些情绪会使您感到紧张、不安和焦虑，影响您入睡和睡眠质量。因此，建议您尝试减轻焦虑和紧张情绪，可以通过放松练习、心理咨询、药物治疗等方式来缓解症状。同时，也建议您保持规律的作息时间，避免过度疲劳和压力，保持良好的生活习惯和心态，有助于改善睡眠质量和缓解失眠症状。如果您需要更多的帮助和建议，请及时咨询医生。祝您健康！,3
2,2,14,human,前段时间晕倒过两次，这个和失眠有没有关系,20
2,2,14,model,晕倒可能与失眠有关，但也可能与其他健康问题有关。失眠可能会影响您的身体和心理健康，导致身体疲劳和压力，进而影响您的睡眠质量。此外，睡眠不足还可能导致大脑功能失调，包括认知、情绪和行为方面，从而引起晕倒等症状。建议您及时就医，寻求专业医生的帮助，进行全面的身体检查和评估，以确定晕倒的原因，并制定相应的治疗方案。同时，也建议您保持良好的生活习惯和心态，如规律的作息时间、适量的运动、放松练习、避免过度疲劳和压力等，有助于改善睡眠质量和预防晕倒等健康问题。希望我的回答能对您有所帮助。,4
2,2,14,human,之前我查出来贫血，上次查出来是9.0g/L，这个有没有关系,31
2,2,14,model,贫血和失眠可能没有直接的因果关系。贫血是由于红细胞数量或质量不足导致血液中红细胞数量不足，从而导致氧气输送不足的病症。失眠则是由于各种心理和生理因素引起的，如压力、焦虑、抑郁等。但是，贫血可能会影响您的睡眠质量，因为贫血会导致您感到疲劳和虚弱，从而影响睡眠。此外，贫血也可能影响您的生活质量和身体健康。建议您定期进行血液检查，以了解贫血的程度和治疗方案，并采取相应的措施改善贫血症状，如饮食调整、补充铁剂等。同时，也建议您保持良好的生活习惯和心态，如规律的作息时间、适当的运动、放松练习、避免过度疲劳和压力等，有助于改善贫血和失眠症状。如果您需要更多的帮助和建议，请及时咨询医生。祝您健康！,5
2,2,14,human,平时确实工作压力挺大的，是挺累的，感觉要撑不住了,30
2,2,14,model,工作压力大确实会影响睡眠质量，导致失眠等问题。建议您采取一些减压措施，如适当的运动、放松练习、音乐、阅读等，有助于缓解压力和焦虑，促进睡眠。此外，您也可以考虑寻求心理咨询或治疗，帮助您了解和处理压力问题，并提供相应的治疗方案。如果您的失眠症状持续存在，建议您及时就医，寻求专业医生的帮助，以便进行全面的身体检查和评估，以确定失眠的原因，并制定相应的治疗方案。希望我的回答能对您有所帮助。,3
2,2,14,human,前段时间开的思诺思我偶尔会吃一点,21
2,2,14,model,思诺思是一种治疗轻度和中度焦虑症和抑郁症的药物，可以缓解焦虑和紧张情绪，改善睡眠质量。但需要注意的是，任何药物都有一定的副作用，包括依赖性和成瘾性。建议您在医生的指导下使用思诺思，并严格按照医嘱使用。同时，您也应该注意药物的剂量和频率，避免过量使用或长期滥用。如果出现不良反应，应立即告知医生，并根据医生的建议调整用药方案。最后，需要提醒您，药物治疗只是改善睡眠质量的一种方法，采取综合治疗措施，如改善睡眠环境、调整作息时间、进行心理治疗等，才能更好地解决失眠问题。希望我的回答能对您有所帮助。如果您还有其他问题，请随时向我咨询。,4
2,2,14,human,我这个具体是什么原因引起的啊，有没有办法治疗的,26
2,2,14,model,失眠的原因有很多种，如心理因素、生理因素、环境因素等。您提到的工作压力大可能是引起失眠症状的原因之一，但也有可能是其他因素导致的。建议您详细描述失眠的症状和持续时间，以便医生进行全面的身体检查和评估，以确定失眠的原因。治疗失眠的方法因人而异，可以采取一些非药物治疗方法，如改变睡眠环境、睡眠习惯、放松练习、心理治疗等。对于一些严重的失眠症状，医生可能会建议您使用药物治疗，如催眠药等。同时，也需要根据您的具体情况制定个性化的治疗方案。建议您及时就医，寻求专业医生的帮助，以便得到更准确的诊断和治疗。祝您早日康复！,4
2,2,14,human,那还是要去医院看看，我需要做哪方面的检查啊，开点什么药,19
2,2,14,model,"如果您出现了失眠症状，建议您到医院就诊，由医生进行全面的身体检查和评估，以确定失眠的原因。医生可能会进行以下检查：

1. 血常规、血生化、甲状腺功能检查等常规检查，以了解身体的基本情况。

2. 睡眠监测，包括夜间多项睡眠检查和日间睡眠检查，以了解失眠的原因和程度。

3. 精神检查，包括心理评估和认知行为治疗等，以了解患者的精神状态和心理需求。

治疗失眠的方法因人而异，根据病情的不同，医生可能会建议您采取以下措施：

1. 非药物治疗，如睡眠环境改善、睡眠习惯调整、放松练习、心理治疗等。

2. 药物治疗，如催眠药、抗抑郁药等，以缓解失眠症状。

3. 治疗其他相关疾病，如甲状腺功能障碍等。

需要提醒的是，药物治疗应在医生的指导下进行，不可自行使用或滥用。同时，也需要注意药物的剂量和频率，避免过量使用或长期滥用。最后，建议您保持良好的生活习惯和心态，如规律的作息时间、适量的运动、放松练习、避免过度疲劳和压力等，有助于改善失眠症状。希望我的回答能对您有所帮助。",8
