﻿5,2,40,human,我儿子上个月玩的时候还有低头拿东西的时候说恶心想吐，我看他脸色很苍白还出汗，然后就晕倒了，几分钟才醒来，看他之后几天都没什么力气，这个是什么毛病,7
5,2,40,model,您好，根据您描述的情况，您儿子可能患有低血压。低血压是指血压低于正常范围，导致身体缺氧，出现头晕、恶心、出汗等症状。建议您带儿子去医院进行血压和血常规检查，以明确诊断。在治疗方面，建议儿子多休息，保持充足的睡眠，避免长时间站立或坐着，多喝水，保持室内空气流通，避免过度劳累等。如果确诊为低血压，可以口服一些提高血压的药物，如生脉饮等。同时，建议儿子多吃一些补气养血的食物，如大枣、桂圆、山药等。如果症状持续或加重，建议及时就医。希望能帮到您，祝您儿子早日康复。,4
5,2,40,human,之前他也会晕倒，我们没有关注，最后一次晕倒就开始抽搐，大小便失禁，医院诊断是血管迷走性晕厥,1
5,2,40,model,血管迷走性晕厥是一种常见的晕厥类型，通常发生在青春期和成年早期，是由于血管迷走神经兴奋，导致心脏收缩力下降，血容量不足，血压下降，从而出现晕厥。对于您儿子的情况，建议您带他到医院进行进一步检查和治疗。医生可能会建议您进行脑部CT检查，以排除脑部病变的可能性。同时，建议您注意儿子的饮食和生活习惯，保持充足的睡眠，避免长时间站立或坐着，多喝水，保持室内空气流通，避免过度劳累等。如果症状持续或加重，建议及时就医。祝您儿子早日康复。,4
5,2,40,human,他以前有癫痫的情况，血压是比较低的,7
5,2,40,model,您儿子之前有癫痫的情况，血压也比较低，这些都可能导致晕厥。血管迷走性晕厥和癫痫都有可能导致血压下降，从而引起晕厥。建议您带儿子到医院进行进一步检查和治疗。医生可能会建议您进行脑部CT检查，以排除脑部病变的可能性。同时，建议您注意儿子的饮食和生活习惯，保持充足的睡眠，避免长时间站立或坐着，多喝水，保持室内空气流通，避免过度劳累等。如果症状持续或加重，建议及时就医。祝您儿子早日康复。,3
5,2,40,human,还有就是有点贫血，血红蛋白指数很低,1
5,2,40,model,贫血和低血压都可能导致晕厥，而且贫血和低血压是相互影响的。建议您带儿子到医院进行全面检查，包括血常规、血红蛋白指数、血压、心电图等检查，以明确病因。医生可能会建议您进行进一步检查，如骨髓穿刺、铁代谢检查等，以确定贫血的原因。同时，建议您注意儿子的饮食和生活习惯，保持充足的睡眠，避免长时间站立或坐着，多喝水，保持室内空气流通，避免过度劳累等。如果症状持续或加重，建议及时就医。祝您儿子早日康复。,3
5,2,40,human,他是早产的，妈妈孕期高血糖，还得过严重的低蛋白血症，这个是不是引起他的病的原因啊,4
5,2,40,model,早产和妈妈孕期高血糖、低蛋白血症等因素都可能导致儿子出现晕厥的情况。建议您带儿子到医院进行全面检查，包括血常规、血红蛋白指数、血压、心电图等检查，以明确病因。医生可能会建议您进行进一步检查，如骨髓穿刺、铁代谢检查等，以确定贫血的原因。同时，建议您注意儿子的饮食和生活习惯，保持充足的睡眠，避免长时间站立或坐着，多喝水，保持室内空气流通，避免过度劳累等。如果症状持续或加重，建议及时就医。祝您儿子早日康复。,4
5,2,40,human,医生建议我们植入起搏器，有必要吗,10
5,2,40,model,植入起搏器是一种治疗心律失常的有效方法，对于一些心律失常患者，植入起搏器可以帮助恢复正常心律，减轻症状，提高生活质量。对于您儿子的情况，如果确诊为癫痫，同时存在心律失常，医生可能会建议植入起搏器。但具体是否需要植入起搏器，还需要医生根据患者的具体情况进行评估和决定。建议您和医生进行详细的沟通和讨论，了解手术的风险和效果，再做出决策。同时，也要注意术后的护理和康复，以确保手术效果和预防并发症。祝您儿子早日康复。,4
5,2,40,human,这个起搏器装了以后能不能完全康复啊，术后有什么要注意,8
5,2,40,model,"植入起搏器后，需要进行一定的术后护理和康复，以确保手术效果和预防并发症。一般来说，术后需要定期复诊，以监测起搏器的功能和效果。同时，需要注意以下几点：

1. 术后要保持休息，避免剧烈运动和过度劳累，避免剧烈运动和体力活动。

2. 术后要避免吸烟、喝酒等不良习惯，保持良好的生活习惯。

3. 术后要遵循医生的用药建议，按时服药，避免漏服或重复服用。

4. 术后要定期进行心电图和血液检查，以监测起搏器的功能和治疗效果。

5. 如果出现发热、红肿、疼痛等不适症状，应及时就医。

6. 术后需要避免接触电磁场，如电脑、手机等，以免干扰起搏器的功能。

7. 如果出现心律失常、心跳过缓、过快等不适症状，应及时就医。

总之，术后需要密切关注病情变化，按照医生的建议进行治疗和护理，以保证手术效果和预防并发症。祝您儿子早日康复。",7
5,2,40,human,术后长期的健康我们要怎么保障，有没有什么建议,2
5,2,40,model,"术后需要定期进行复诊和检查，以确保起搏器的功能和治疗效果。同时，以下几点建议也可以帮助您保障术后的健康：

1. 饮食要营养均衡，多吃蔬菜水果，避免过度饮食和暴饮暴食。

2. 定期进行运动，如散步、慢跑等，以增强体质和免疫力。

3. 保持良好的心态和情绪，避免过度紧张和焦虑。

4. 定期进行心理辅导，以缓解焦虑和压力。

5. 避免接触电磁场，如电脑、手机等，以免干扰起搏器的功能。

6. 如果出现不适症状，及时就医，避免病情加重。

7. 如果需要长期服药，要按时按量服药，并遵医嘱进行调整和更换药物。

8. 如果出现并发症，如感染、出血等，及时就医，接受治疗。

总之，术后的健康和康复需要综合考虑多方面的因素，包括饮食、运动、心理和药物治疗等方面。建议您密切关注病情变化，按照医生的建议进行治疗和护理，以保障术后的健康和康复。祝您儿子早日康复。",7
