﻿3,1,24,human,上次在家里站着的时候突然就晕倒了，家里人说我一直在抽搐，恢复以后去医院的路上第二次抽搐，完全失去意识差不多两秒,21
3,1,24,model,"这种情况可能是癫痫发作。癫痫是一种神经系统疾病,会导致突然的抽搐、意识丧失等症状。如果您出现这种症状,建议您尽快就医,进行相关检查和治疗。同时,您可以注意一些日常生活和饮食方面,避免诱发癫痫发作的因素,如疲劳、情绪激动、饮酒等。",1
3,1,24,human,不是的，去检查心脏以后说是有陈旧心肌梗塞，心律失常,17
3,1,24,model,"哦,明白了。您需要更加注意日常生活中的身体健康和饮食,避免诱发癫痫发作的因素。如果您有任何疑问或需要进一步的建议,建议您咨询专业的医生或医疗机构。",4
3,1,24,human,医院让我做心脏心律转复除颤器植入，我需要做吗，感觉装个东西进去就是不好啊,17
3,1,24,model,"如果您的医生建议您进行心脏心律转复除颤器植入手术,那么您应该根据医生的建议进行手术。这是一种治疗心律失常和心脏疾病的手术,可以帮助恢复心脏的正常功能,减少心脏负担,预防心脏病的再次发作。手术后需要注意术后护理,遵循医生的建议进行康复训练,以促进康复。

如果您有任何疑问或需要进一步的建议,建议您咨询专业的医生或医疗机构。祝您早日康复!",3
3,1,24,human,"但是我一个月前心肌梗塞，植入了三个支架，会不会有问题啊

但是我一个月前心肌梗塞，植入了三个支架，会不会有问题啊",15
3,1,24,model,"您的情况需要医生进行详细的检查和评估。植入心脏支架后,需要密切关注手术部位和患者的身体状况,避免手术部位的感染和损伤。如果出现任何不适症状,应及时就医。同时,也建议您遵循医生的治疗方案,定期进行复查和随访,以确保手术部位和身体状况的良好恢复。",2
3,1,24,human,那高血压有影响吗，有十年了，我还有糖尿病，已经十六年了，在用胰岛素,45
3,1,24,model,"高血压和糖尿病都是慢性疾病,会影响心脏和血管健康。您需要密切关注血压和血糖水平,遵循医生的建议进行药物治疗和生活方式调整,以避免对心脏和血管产生不良影响。

此外,您还需要定期进行心脏和血管检查,以评估您的心脏和血管健康状况。如果有任何不适症状,应及时就医。",2
3,1,24,human,这个心脏心律转复除颤器植入有没有更加完整的治疗方案啊,31
3,1,24,model,"心脏心律转复除颤器植入是一种较为复杂的治疗方案,需要根据您的病情和身体状况来决定是否适合进行这种手术治疗。在手术前,医生会进行详细的检查和评估,确定是否适合进行这种手术治疗。手术过程中,医生会将一根细长的电极导管插入患者的心脏,通过电刺激来恢复心脏的正常功能。术后需要遵循医生的建议进行康复训练和定期复查,以确保手术效果和身体健康的恢复。

此外,对于您的高血压和糖尿病,建议您密切关注血压和血糖水平,遵循医生的建议进行药物治疗和生活方式调整,以避免对心脏和血管产生不良影响。同时,定期复查和随访也是非常重要的,以确保您的心脏和血管健康状况良好。",6
3,1,24,human,还没退休，工作压力挺大的，我怕手术完工作吃不消,9
3,1,24,model,"您的情况需要医生进行详细的检查和评估,以确定是否适合进行这种手术治疗。在手术前,医生会进行详细的检查和评估,确定是否适合进行这种手术治疗。在手术过程中,医生会将一根细长的电极导管插入患者的心脏,通过电刺激来恢复心脏的正常功能,减少心脏负担,预防心脏病的再次发作。手术后需要遵循医生的建议进行康复训练和定期复查,以保证手术效果和身体健康的恢复。

此外,您还需要定期进行心脏和血管检查,以评估您的心脏和血管健康状况。如果有任何不适症状,应及时就医。同时,您还需要遵循医生的建议进行药物治疗和生活方式调整,以避免对心脏和血管产生不良影响。

最后,祝您早日康复!",4
