﻿2,1,10,human,前段时间晕倒过两次，第一次是开会的时候，大概晕倒了半分钟才醒来，两眼一黑就没有意识了；第二次在地铁里，我感觉到要晕了，就提前坐下来了，然后只是眼花，没有晕倒。,76
2,1,10,model,"晕倒是一种常见的症状,可能有多种原因引起。如果你经常出现晕倒,建议你去医院进行检查,以确定原因。以下是一些可能导致晕倒的原因:

1. 低血糖:低血糖是导致晕倒的主要原因之一,特别是在突然停止进食或过度运动后。

2. 低血压:低血压是导致晕倒的主要原因之一,特别是在突然停止运动后。

3. 心脏疾病:心脏疾病可能导致心脏无法有效地泵血,从而导致晕倒。

4. 神经系统疾病:神经系统疾病如癫痫、中风等也可能导致晕倒。

5. 药物副作用:某些药物的副作用可能导致晕倒,如抗抑郁药、抗精神病药等。

如果你经常晕倒,建议你去医院进行检查,以确定原因,并接受相应的治疗。同时,也建议你注意饮食、休息和运动,避免过度劳累和过度运动。",5
2,1,10,human,低血糖低血压好像没有，查不来是一点轻度贫血，上次是9.0g/L,41
2,1,10,model,"如果你经常出现晕倒,建议你去医院进行检查,以确定原因并接受相应的治疗。同时,你可以尝试以下方法缓解晕倒:

1. 饮食:保持饮食均衡,多吃含铁、维生素B12等的食物。

2. 休息:保持充足的睡眠,避免过度疲劳和过度运动。

3. 运动:适当的运动可以促进血液循环,增强心肺功能。

4. 保持情绪稳定:避免过度紧张和压力,保持心情愉悦。

5. 使用药物:如果必须服用药物,应咨询医生并遵循医嘱。",3
2,1,10,human,我想避免紧张有点难啊，我平时一直都有点焦虑，特别容易紧张,36
2,1,10,model,"是的,焦虑和紧张会导致身体出现不适症状,包括晕倒。建议你尝试通过放松技巧,如深呼吸、冥想、瑜伽等来减轻压力和焦虑。同时,保持健康的生活方式,如合理饮食、适量运动和良好的睡眠等,也有助于缓解晕倒的症状。如果这些方法无法缓解你的症状,建议你去医院进行检查,以确定病因并接受相应的治疗。",2
2,1,10,human,我感觉这些都有影响，我睡眠也不好，晚上我有时候失眠睡不着,39
2,1,10,model,"好的,祝你早日康复!",0
2,1,10,human,因为睡不着，我就去开了点思诺思吃,39
2,1,10,model,"好的,祝你早日康复!",0
2,1,10,human,我这个情况需要去医院做哪些检查,26
2,1,10,model,"如果你经常出现晕倒,建议你去医院进行检查,以确定病因并接受相应的治疗。以下是一些可能导致晕倒的原因:

1. 低血糖:低血糖是导致晕倒的主要原因之一,特别是在突然停止进食或过度运动后。

2. 低血压:低血压是导致晕倒的主要原因之一,特别是在突然停止运动后。

3. 心脏疾病:心脏疾病可能导致心脏无法有效地泵血,从而导致晕倒。

4. 神经系统疾病:神经系统疾病如癫痫、中风等也可能导致晕倒。

5. 药物副作用:某些药物的副作用可能导致晕倒,如抗抑郁药、抗精神病药等。

6. 药物副作用:某些药物的副作用可能导致晕倒,如抗抑郁药、抗精神病药等。

7. 睡眠问题:失眠可能会导致晕倒,因为睡眠是大脑恢复的重要过程。

如果你经常晕倒,建议你去医院进行检查,以确定原因并接受相应的治疗。同时,你可以尝试以下方法缓解晕倒:

1. 饮食:保持饮食均衡,多吃含铁、维生素B12等的食物。

2. 休息:保持充足的睡眠,避免过度劳累和过度运动。

3. 运动:适当的运动可以促进血液循环,增强心肺功能。

4. 保持情绪稳定:避免过度紧张和压力,保持心情愉悦。

5. 使用药物:如果必须服用药物,应咨询医生并遵循医嘱。

6. 使用药物:如果必须服用药物,应咨询医生并遵循医嘱。

7. 睡眠问题:失眠可能会导致晕倒,因为睡眠是大脑恢复的重要过程。",10
2,1,10,human,那我这个到底是什么引起的呢,26
2,1,10,model,"以上是可能导致晕倒的一些可能原因,建议你去医院进行检查,以确定病因并接受相应的治疗。同时,你可以尝试以下方法缓解晕倒:

1. 饮食:保持饮食均衡,多吃含铁、维生素B12等的食物。

2. 休息:保持充足的睡眠,避免过度劳累和过度运动。

3. 运动:适当的运动可以促进血液循环,增强心肺功能。

4. 保持情绪稳定:避免过度紧张和压力,保持心情愉悦。

5. 使用药物:如果必须服用药物,应咨询医生并遵循医嘱。

6. 使用药物:如果必须服用药物,应咨询医生并遵循医嘱。

7. 睡眠问题:失眠可能会导致晕倒,因为睡眠是大脑恢复的重要过程。

希望以上信息能对你有所帮助。",5
2,1,10,human,我平时确实工作压力挺大的，感觉要撑不住了，是不是压力大的原因,22
2,1,10,model,"好的,祝你早日康复!",0
