﻿2,2,16,human,前段时间我晕倒过两次，第一次很突然就没意识了，他们说大概半分钟我才醒来，第二次在地铁里，我感觉到要晕了，就坐下来，结果没有失去意识，只是眼花，也是差不多半分钟好了。,51
2,2,16,model,"您好，根据您的描述，您可能存在短暂性脑缺血发作(TIA)的情况。TIA是由于脑部血管突然收缩或扩张导致的短暂脑部缺血，通常不会造成严重的健康问题。但是，如果频繁出现TIA，就需要进一步检查，以确定是否存在脑血管病变。

建议您及时就医，进行相关检查，如头部CT或MRI等，以确定是否存在脑血管病变。同时，您也可以注意一些生活习惯的调整，如保持充足的睡眠、饮食健康、适量运动等，以预防TIA的发生。

如果您有任何疑问或需要进一步的帮助，请随时与医生联系。祝您健康！",4
2,2,16,human,缺血吗，那可能是因为贫血，我上次查出来是9.0g/L,17
2,2,16,model,"您好，根据您提供的信息，您存在轻度贫血的情况，而贫血是导致晕倒的一个常见原因。建议您进行进一步的检查，以确定贫血的原因，并进行相应的治疗。

贫血会导致身体缺氧，影响脑部供血，从而导致晕倒等症状。除了贫血，其他疾病也可能导致晕倒，如低血糖、低血压、心血管疾病等。因此，建议您进行全面的身体检查，以确定病因，并进行相应的治疗。

此外，您可以通过饮食调整、增加运动量等方式来改善贫血的症状。建议您多吃富含铁质的食物，如瘦肉、蛋类、豆类、绿叶蔬菜等，同时避免食用过多的咖啡、茶和红酒等刺激性饮料。

如果您有任何疑问或需要进一步的帮助，请随时与医生联系。祝您健康！",5
2,2,16,human,那我晕倒之前我都感觉想吐是为什么,35
2,2,16,model,"晕倒前出现恶心呕吐的情况，可能与多种疾病有关。常见的病因包括内耳疾病、脑血管疾病、胃肠道疾病、妊娠和情绪等因素。

内耳疾病可能导致晕倒前出现恶心呕吐的情况，如良性阵发性位置性眩晕(BPPV)、前庭神经炎等。这些疾病通常需要进行听力、前庭和平衡评估，并可能需要进行影像学检查，如CT或MRI等，以确定诊断。

脑血管疾病可能导致晕倒前出现恶心呕吐的情况，如脑缺血、脑出血等。这些疾病通常需要进行神经系统评估，如神经系统检查、脑电图、CT或MRI等，以确定诊断。

胃肠道疾病，如胃炎、胃溃疡、胆囊炎等，也可能导致晕倒前出现恶心呕吐的情况。这些疾病通常需要进行胃镜检查，以确定诊断。

妊娠和情绪因素也可能导致晕倒前出现恶心呕吐的情况。

因此，建议您及时就医，进行相关检查，以确定病因，并进行相应的治疗。同时，您也可以注意一些生活习惯的调整，如避免过度疲劳、保持充足的睡眠、饮食健康、适量运动等，以预防晕倒的发生。

希望我的回答对您有所帮助，如果您还有其他问题，请随时向我咨询。祝您健康！",8
2,2,16,human,我的胃是有点问题的，查出来是胃炎，平时会胀气,28
2,2,16,model,"您好，胃炎是一种胃黏膜炎症，常见症状包括胃痛、胃胀、恶心、呕吐、食欲不振等。由于胃炎会导致胃黏膜受损，进而影响胃部消化和吸收功能，导致胀气等症状。

建议您避免食用辛辣、油腻、刺激性食物，如辣椒、生姜、大蒜、酒精等，同时增加蔬菜、水果、粗粮等富含纤维素的食物摄入，以促进胃部蠕动，减少胃肠道积气。此外，保持充足的睡眠，避免过度劳累和精神紧张，也有助于缓解胃炎和胀气的症状。

如果症状较为严重，建议您及时就医，进行相关检查，如胃镜检查、血常规、肝功能、腹部彩超等，以确定诊断和治疗方案。

希望我的回答对您有所帮助，如有其他问题，欢迎随时向我咨询。祝您健康！",5
2,2,16,human,我平时一直都有点焦虑，特别容易紧张，也有可能是这个原因吗,28
2,2,16,model,"您好，焦虑、紧张等情绪因素可能会导致身体出现一些不适症状，包括胃部不适、恶心、呕吐等症状。这些症状可能会影响胃部消化和吸收功能，进而导致胀气等症状。

建议您尝试一些放松身心的方法，如深呼吸、瑜伽、冥想等，以缓解身体紧张和焦虑情绪。同时，保持良好的睡眠和饮食习惯，避免过度劳累和精神紧张，也有助于改善身体不适症状。

如果症状较为严重，建议您及时就医，进行相关检查，如心理评估、胃镜检查等，以确定病因和治疗方案。

希望我的回答对您有所帮助，如还有其他问题，欢迎随时向我咨询。祝您健康！",4
2,2,16,human,我感觉也有可能是我平时工作压力太大的，很忙，也没空管这些,12
2,2,16,model,"您好，工作压力大、忙碌等因素也可能会导致身体出现不适症状，包括胃部不适、恶心、呕吐等症状。这些症状可能会影响胃部消化和吸收功能，进而导致胀气等症状。

建议您尝试一些放松身心的方法，如深呼吸、瑜伽、冥想等，以缓解身体紧张和焦虑情绪。同时，保持良好的睡眠和饮食习惯，避免过度劳累和精神紧张，也有助于改善身体不适症状。

如果症状较为严重，建议您及时就医，进行相关检查，如胃镜检查、心理评估等，以确定病因和治疗方案。

希望我的回答对您有所帮助，如有其他问题，欢迎随时向我咨询。祝您健康！",4
2,2,16,human,我晕倒是这些原因引起的吗,23
2,2,16,model,"您好，晕倒的原因有很多种，包括但不限于以下几种：

1. 血压过低：血压过低可能会导致晕倒，特别是在站立或突然起床时，血压下降更快，更容易发生晕厥。

2. 脑部疾病：脑部疾病如脑出血、脑瘤、脑梗死等都可能导致晕倒。

3. 心脑血管疾病：心脑血管疾病如心律失常、心肌梗死、脑血栓等都可能导致晕倒。

4. 代谢异常：代谢异常如低血糖、低钙血症等也可能导致晕倒。

5. 神经系统疾病：神经系统疾病如帕金森病、亨廷顿病、脑震荡等都可能导致晕倒。

6. 药物或毒物：某些药物或毒物如晕车药、安眠药、毒品等都可能导致晕倒。

因此，您晕倒的原因可能有很多种，需要进行进一步的检查和评估，以确定具体的原因。建议您及时就医，进行相关检查，如心电图、头颅CT或MRI、血常规、尿常规等，以确定诊断和治疗方案。

希望我的回答对您有所帮助，如还有其他问题，欢迎随时向我咨询。祝您健康！",8
2,2,16,human,那我去医院开点什么药比较好呢,26
2,2,16,model,"您好，根据您所描述的症状，可能是心脾两虚证。建议您到医院就诊，进行详细的检查和评估，以确定具体的病因和诊断。

针对心脾两虚证，中药治疗可以起到一定的辅助作用。常用的中药有党参、黄芪、白术、茯苓、炙甘草等，可以补气养血、健脾益胃，改善心脾虚弱，缓解疲劳乏力、头晕眼花、面色萎黄、胃脘疼痛等症状。

但需要强调的是，中药治疗需要在医生的指导下进行，不能盲目自行使用。同时，药物治疗也只是辅助治疗，还需要结合生活习惯调整、心理疏导等综合治疗，才能达到更好的治疗效果。

希望我的回答对您有所帮助，如有其他问题，欢迎随时向我咨询。祝您早日康复！",5
