﻿3,2,18,human,上次在家里站着的时候突然就晕倒了，家里人说我一直在抽搐，恢复以后去医院的路上第二次抽搐，完全失去意识差不多两秒,37
3,2,18,model,"您好，根据您的描述，您可能患有癫痫发作。癫痫是一种神经系统疾病，常表现为突然发作的抽搐、意识丧失等症状。建议您尽快到医院进行检查和治疗，以控制病情。

在治疗期间，您需要避免过度劳累和精神紧张，保持充足的睡眠和饮食，避免饮酒和吸烟等不良习惯。同时，您需要按时服药，按照医生的建议进行治疗，以控制病情。

如果您有任何疑问或需要进一步的帮助，请随时与医生联系。祝您早日康复！",3
3,2,18,human,应该不是吧，去检查心脏以后说是有陈旧心肌梗塞，心律失常,30
3,2,18,model,"如果您的心电图检查显示有陈旧心肌梗塞和心律失常，那么您需要进行更详细的检查和评估，以确定您的病情和治疗方案。

陈旧心肌梗塞是指曾经发生过心肌梗塞，但现在已经愈合，但仍然存在心肌梗塞的病理改变。心律失常是指心脏的节律出现异常，导致心跳过快或过慢等症状。

针对您的情况，建议您到医院进行进一步的检查和评估，包括心电图、心脏超声、血液检查等，以确定您的病情和治疗方案。

同时，您需要注意休息，避免过度劳累和精神紧张，保持心情愉快，避免吸烟和饮酒等不良习惯。

如果您有任何疑问或需要进一步的帮助，请随时与医生联系。祝您早日康复！",5
3,2,18,human,我习惯确实不好，烟瘾有点大，一天十支烟不能少，有二十多年了,22
3,2,18,model,"烟瘾确实是导致心血管疾病和其他健康问题的主要因素之一。吸烟会增加心脏病、中风、动脉粥样硬化等疾病的风险，对身体健康造成严重影响。

建议您尽快戒烟，可以通过逐渐减少吸烟量、寻求支持和帮助、改变生活方式等方法来戒烟。同时，您可以咨询医生，了解更多关于戒烟的建议和治疗方案，以帮助您成功戒烟。

在治疗期间，您需要避免吸烟和饮酒等不良习惯，保持健康的生活方式，如适量运动、均衡饮食、保持充足的睡眠等。

如果您有任何疑问或需要进一步的帮助，请随时与医生联系。祝您早日康复！",4
3,2,18,human,对的，心脏是有问题的，一个月前心肌梗塞，植入了三个支架,24
3,2,18,model,"非常抱歉，我之前的回复有误。您已经患有心肌梗塞并植入了支架，这是一个比较严重的心血管疾病。建议您在医生的指导下进行治疗，包括药物治疗、康复训练和饮食控制等。

在治疗期间，您需要避免吸烟和饮酒等不良习惯，保持健康的生活方式，如适量运动、均衡饮食、保持充足的睡眠等。

同时，您需要定期进行复查和评估，以确保病情得到控制，并及时发现并处理任何并发症。

如果您有任何疑问或需要进一步的帮助，请随时与医生联系。祝您早日康复！",4
3,2,18,human,医生做心脏心律转复除颤器的植入心脏心律转复除颤器植入我需要做吗，感觉装个东西进去就是不好啊,42
3,2,18,model,"您好，根据您的情况，如果医生建议您进行心脏心律转复除颤器的植入，那么您需要考虑是否进行手术。手术是治疗心律失常的一种有效方法，但手术本身也存在一定的风险。因此，在决定是否进行手术之前，您需要仔细评估自己的病情和手术风险，并咨询医生的意见。

如果您决定进行手术，那么手术后需要进行一定的康复和治疗，包括药物治疗、康复训练和饮食控制等。

关于手术本身，您可以和医生详细沟通，了解手术的具体过程和风险，以及手术后的护理和康复措施。

最后，如果您有任何疑问或需要进一步的帮助，请随时与医生联系。祝您早日康复！",4
3,2,18,human,因为我高血压十年，还有糖尿病，已经十六年了，在用胰岛素，我怕身体扛不住,32
3,2,18,model,"您好，根据您的描述，您同时患有高血压和糖尿病，并且已经进行了胰岛素治疗。这些疾病都会对身体产生一定的影响，需要进行综合治疗。

首先，您需要坚持规律的药物治疗，包括降压药和降糖药等，以控制血压和血糖水平。同时，您需要注意控制饮食，避免高糖、高脂、高盐等食物，多食用蔬菜、水果、全谷类食物等，保持饮食的多样性和均衡性。

其次，您需要进行适当的运动，以帮助降低血压和血糖水平。但需要注意运动的强度和方式，避免过度运动和过度劳累。

最后，您需要定期进行心电图、心脏超声等检查，以及血压、血糖等指标的监测，以及时发现和处理任何并发症。

总的来说，针对您的病情，需要进行综合治疗，包括药物治疗、饮食控制和适当的运动。同时，您需要定期进行检查和监测，以确保病情得到有效控制，并避免并发症的发生。

如果您有任何疑问或需要进一步的帮助，请随时与医生联系。祝您早日康复！",7
3,2,18,human,这个东西的费用是不是很高，医院会不会多赚我很多钱啊，我想知道一下更加完整的治疗方案,41
3,2,18,model,"治疗费用会因医院、医生、治疗方案等因素而有所不同，但一般来说，治疗心律失常的费用相对较高。具体费用需要根据您的病情、治疗方案、医院等级和地理位置等因素而定。

医院会根据患者的病情和治疗方案来制定治疗方案，以确保患者得到最佳的治疗效果。在治疗过程中，医生会根据患者的病情和治疗效果进行调整和优化，以达到最好的治疗效果。

同时，医院也会根据患者的病情和治疗效果来制定治疗方案和费用，以确保患者得到最佳的医疗服务。

因此，您需要与医院进行详细的沟通和咨询，了解治疗方案和费用情况，并根据自己的实际情况选择最适合自己的治疗方案。

最后，我建议您进行全面的治疗方案，包括药物治疗、手术治疗、饮食控制、运动锻炼等，以达到最佳的治疗效果。同时，您需要定期进行心电图、心脏超声等检查，以及血压、血糖等指标的监测，以及时发现和处理任何并发症。

希望我的回答能够对您有所帮助，祝您早日康复！",6
