﻿1,3,3,human,最近胸感觉不是很舒服啊,19
1,3,3,model,"您好，感谢您的咨询。胸闷是一种常见的症状，可能与多种疾病有关。如果您最近出现了这种不适感，建议您及时就医进行检查，以确定病因并进行治疗。

胸闷可能与心血管系统相关疾病有关，如冠心病、心绞痛、心肌梗死等。此外，胸闷还可能与呼吸系统相关疾病有关，如支气管炎、哮喘、肺炎等。消化系统相关疾病也可能引起胸闷，如胃食管反流病、胃溃疡等。此外，一些精神因素，如焦虑、紧张等也可能导致胸闷感。

建议您尽快就医，进行详细的身体检查和必要的辅助检查，如心电图、血常规等，以明确诊断和病因。同时，您也可以告诉医生您的症状详细描述和持续时间，医生会根据您的情况进行综合判断和诊断。

如果您有其他疑问或需要更多帮助，请随时与我们联系。祝您早日康复！",4
1,3,3,human,我之前心脏确实查出来点问题的，说是肥大还是什么的，心电图好像说也有点问题,71
1,3,3,model,您好，根据您的描述，您之前确实查出有心脏问题，可能是肥厚型心肌病或其他心脏疾病导致的。心电图显示有些问题也是与此相关的。建议您进行心脏彩超检查，以明确心脏的具体情况。如果确诊为肥厚型心肌病，目前主要的治疗方法是控制血压、戒烟限酒、低盐低脂饮食等，同时联合使用一些药物进行治疗。如果合并心衰，还需要使用强心利尿药物进行治疗。平时要避免剧烈运动和过度劳累，保持良好的心态和生活习惯。如果您有任何疑问或需要进一步的帮助，请及时咨询医生。祝您健康！,2
1,3,3,human,戒烟对我有点难啊，我烟瘾挺重的啊，抽了有五十年了，我今年都82了,89
1,3,3,model,"尊敬的患者，您好。长期吸烟会对身体健康造成很大的危害，尤其是对于像您这样有烟瘾重的人来说，更应该尽快戒烟。戒烟是一个长期的过程，需要您的毅力和决心。

首先，我建议您逐渐减少吸烟量，而不是一下子戒掉。您可以将每天吸烟的数量减少一半，然后再逐渐减少，直到戒掉。同时，您也可以尝试使用一些戒烟辅助工具，如口香糖、尼古丁贴片等，以帮助您戒烟。

其次，您可以考虑参加戒烟辅导班或寻求医生的帮助。戒烟辅导班可以帮助您掌握戒烟的方法和技巧，同时也可以获得心理支持和帮助。医生也可以为您提供更详细的建议和治疗方案，以帮助您戒烟。

最后，我建议您保持积极的心态，相信自己能够戒烟。戒烟不仅对您的身体健康有益，还可以改善您的生活质量和心理健康。如果您有任何疑问或需要进一步的帮助，请随时咨询医生。祝您早日戒烟，健康长寿！",4
1,3,3,human,心脏最近也有突然不舒服的时候，是不是因为新冠啊，我最近才刚刚好,92
1,3,3,model,您好，根据您描述的情况，突然不舒服的心脏可能与多种原因有关，包括感染和心肌炎等。新冠病毒感染也可能引起心脏不适，但需要进一步的检查才能确定。建议您及时就医，进行详细的身体检查和必要的辅助检查，如心电图、血常规等，以明确诊断和病因。同时，您也可以告诉医生您的症状详细描述和持续时间，医生会根据您的情况进行综合判断和诊断。如果您有其他疑问或需要更多帮助，请随时与我们联系。祝您早日康复！,2
1,3,3,human,最近有时候心跳也很快，有时候想吐，不过稍微躺一下就稍微好一点，好像是早上晚上的时候,134
1,3,3,model,您好，根据您的描述，您可能患有心律失常。建议您尽快到医院进行心电图检查，以确定诊断和治疗方案。同时，您可以注意休息，避免过度劳累和情绪波动，保持良好的生活习惯，如规律作息、饮食健康等。如果出现心慌、胸闷、恶心等症状，可以尝试深呼吸、喝口水、放松身心等方式缓解症状。如果症状持续或加重，请及时就医。另外，建议您定期复查，遵医嘱进行治疗，以保持身体健康。如果您还有其他问题，可以随时向我咨询。祝您早日康复！,3
1,3,3,human,那我后面怎么治疗啊，就吃点药可以吗，年纪也大了，手术我不放心啊,92
1,3,3,model,"您好，根据您的症状描述，我建议您进行血常规检查和尿常规检查，以了解您的身体状况。同时，您可以采取一些措施来缓解症状，如多喝水、避免过度劳累、保持良好的心态等。如果您的症状加重或持续存在，建议您及时就医，以便及早诊断和治疗。

针对您的症状，可以考虑使用一些药物来缓解疼痛和发热。比如，可以口服解热镇痛药物，如布洛芬或对乙酰氨基酚等。此外，您也可以使用热敷或冷敷来缓解疼痛和不适感。但是，具体用药方案需要根据您的检查结果和病情来确定，建议您在医生的指导下进行治疗。

最后，我想提醒您，年纪大了，手术确实需要更加谨慎，但是在一些情况下，手术仍然是最有效的治疗方法。如果您有任何疑问或需要进一步的帮助，请随时咨询医生。祝您早日康复！",4
1,3,3,human,需不需要去医院检查一下脑子啊,31
1,3,3,model,"您好，根据您的描述，您可能是在询问是否需要去医院检查一下脑部问题。首先，我想强调的是，脑部问题需要通过专业医生的诊断和检查才能确定。如果您有任何头痛、眩晕、恶心、呕吐等症状，建议您及时就医，并进行详细的身体检查和必要的辅助检查，如头颅CT或MRI等，以明确诊断和病因。

另外，您提到您最近出现了胸闷的症状，这也需要进一步的检查和诊断。胸闷可能与多种原因有关，如心脏疾病、肺部问题、胃肠道问题等。建议您到医院进行心电图、血常规等检查，以了解您的身体状况。如果您的症状持续或加重，请及时就医，以便及早诊断和治疗。

最后，如果您还有其他疑问或需要进一步的帮助，请随时咨询医生。祝您早日康复！",4
1,3,3,human,我平时习惯蛮好的啊，吃的挺健康，还经常爬爬山，运动一下，怎么会有这些毛病呢,111
1,3,3,model,"您好，根据您的描述，您平时习惯蛮好的，吃的挺健康，还经常爬爬山，运动一下，但是最近出现了胸闷、心悸、头晕等症状，这可能与您的心脏有关。建议您及时到医院进行详细检查，包括心电图、心脏彩超等，以明确诊断和病因。同时，您也可以注意休息，避免过度劳累和情绪波动，保持良好的心态和生活习惯。

如果您确诊为心律失常，医生可能会给您开一些药物来控制心律失常，如β受体阻滞剂、钙拮抗剂等。此外，您也可以尝试一些自我调理方法，如保持规律作息、避免过度劳累、保持良好的心态等。如果您的症状加重或持续存在，请及时就医，以便及早诊断和治疗。

最后，我想提醒您，保持健康的生活方式非常重要，但是如果出现任何身体不适或症状，一定要及时就医，以便及早诊断和治疗。祝您早日康复！",5
