﻿1,2,8,human,我最近稍微动一动就胸不舒服啊,32
1,2,8,model,您好，根据您的描述，您可能正在经历心绞痛的症状。心绞痛是由于心肌缺血引起的，通常表现为胸部疼痛或不适感，尤其是在活动或情绪激动时加重。建议您尽快到医院进行心电图检查，以确定诊断并进行治疗。在此之前，您可以避免剧烈运动和情绪波动，保持心情愉快，避免过度劳累。同时，您可以口服一些硝酸甘油和消心痛等药物，以缓解症状。如果您有任何其他问题或疑虑，请随时向我咨询。祝您早日康复！,3
1,2,8,human,不是胸疼，就是有点不舒服，心脏确实也有点问题，最近偶尔会心跳加速，还会喘不上气，有时候还会吐，不过我自己躺一会儿就会好,64
1,2,8,model,您好，根据您的描述，您可能正在经历心跳过快和心悸的症状，这可能是心脏问题引起的。建议您尽快到医院进行心电图检查，以确定诊断并进行治疗。在此之前，您可以避免剧烈运动和情绪激动，保持心情愉快，避免过度劳累。同时，您可以口服一些硝酸甘油和消心痛等药物，以缓解症状。如果您有任何其他问题或疑虑，请随时向我咨询。祝您早日康复！,7
1,2,8,human,对就是有点心悸，是不是新冠的后遗症啊,29
1,2,8,model,"心悸是心跳过快或不规律的症状，通常不会与新冠病毒的后遗症相关。但是，如果您最近曾经感染过新冠病毒或接触过感染者，建议您尽快到医院进行检查，以排除感染的可能性。

另外，您描述的症状也可能与其他疾病或药物有关，例如心脏病、甲状腺功能亢进等。因此，建议您尽快到医院进行检查，以确定病因并进行治疗。同时，您可以避免剧烈运动和情绪激动，保持心情愉快，避免过度劳累。如果您有任何其他问题或疑虑，请随时向我咨询。祝您早日康复！",8
1,2,8,human,我之前有心脏问题的，查出来是心室肥大，还有心房扩大,65
1,2,8,model,心室肥大和心房扩大都是心脏病的一种表现，可能与高血压、高血脂、糖尿病等疾病有关。这些疾病需要及时治疗，以防止病情进一步恶化。建议您定期到医院进行检查，以了解病情的变化和治疗效果。此外，您可以注意饮食健康，避免高盐、高脂、高糖的食物，保持适当的运动量，避免过度劳累。如果您有任何其他问题或疑虑，请随时向我咨询。祝您早日康复！,3
1,2,8,human,对的，高血压高血脂是有的，糖尿病没有，我在吃药的，之前心梗过，没法说话了，也走不了路，后来治好了，最近降血脂的药停了，会不会是这个原因,73
1,2,8,model,您好，高血压、高血脂和糖尿病都是心脏病的危险因素，需要及时治疗和控制。至于您停药后出现心悸和心跳过快的情况，可能与您的心脏病有关，也可能与药物停用有关。建议您尽快到医院进行检查，以确定病因并进行治疗。同时，您可以避免剧烈运动和情绪激动，保持心情愉快，避免过度劳累。如果您有任何其他问题或疑虑，请随时向我咨询。祝您早日康复！,3
1,2,8,human,那我去医院应该查哪些地方，做哪些检查,19
1,2,8,model,您好，建议您到医院进行心电图、心脏彩超和动态心电图等检查，以了解您的心脏状况。此外，您还可以进行血常规、血糖、血脂、肝肾功能等检查，以了解您的全身状况。如果医生认为有必要，还可以进行心肌酶谱、心肌电图等检查，以进一步了解您的心脏状况。在检查前，您需要向医生详细描述您的病史和症状，以帮助医生更好地诊断和治疗。祝您早日康复！,3
1,2,8,human,年纪大了，医生要是让我做手术，我这身体不敢折腾了啊,24
1,2,8,model,年龄大了，确实需要更加谨慎地选择治疗方案。如果您的心脏病严重，手术可能是必要的治疗手段之一。但是，手术风险和恢复需要考虑。在决定手术之前，您可以与医生详细讨论手术的风险和好处，并根据自身情况做出决策。此外，您还可以采取一些非手术治疗措施，如药物治疗、改变生活方式等，以控制病情和缓解症状。最终的治疗方案需要根据您的具体情况和医生的建议进行决定。祝您早日康复！,3
1,2,8,human,我平时也都在锻炼，营养也跟的上的，怎么会有这些毛病呢,32
1,2,8,model,虽然您平时的锻炼和饮食都比较健康，但心脏病是一种复杂的疾病，可能与多种因素有关。除了遗传、生活习惯等因素外，年龄、性别、肥胖、高血压、高血脂、糖尿病等疾病也可能导致心脏病的发生和发展。因此，即使您平时的饮食和锻炼都比较健康，也可能出现心脏病的情况。建议您到医院进行全面的检查，以了解病情和治疗方案。同时，您可以继续保持健康的生活方式，如定期锻炼、保持适当的体重、避免过度劳累、戒烟限酒等。祝您早日康复！,4
