﻿3,3,23,human,"上次在家里站着的时候突然就晕倒了，家里人说我一直在抽搐，头撞破了，胸也不舒服

去医院的路上第二次抽搐，完全失去意识差不多两秒",12
3,3,23,model,你好，可以告诉我晕倒之前有没有出现其他的症状？比如头晕、恶心、呕吐、胸闷等？,0
3,3,23,human,没有这些症状，但是我之前一个月前心肌梗塞，植入了三个支架,28
3,3,23,model,好的，这很重要。你在晕倒之前有没有感到胸痛或者不适？,0
3,3,23,human,没有,5
3,3,23,model,知道了，那你能否告诉我晕倒之后你家人把你送到医院的时候，你有没有恢复意识？,0
3,3,23,human,去医院的时候已经恢复意识了，去医院的路上第二次抽搐，完全失去意识差不多两秒,23
3,3,23,model,"好的，根据你的症状和病史，我怀疑你可能出现了晕厥和癫痫发作。晕厥是由于血压下降或者脑血流量减少导致的，而癫痫发作则是由于脑部异常电活动导致的。你之前的心肌梗塞和支架植入可能会增加晕厥和癫痫的风险。

我建议你进行一些检查，比如心电图、脑电图、血液检查等，以确定病因。同时，你需要避免站起来太快，保持充足的水分和血压稳定。如果确诊为晕厥和癫痫，我们可以给你开一些药物，比如抗癫痫药物和降压药物，以控制症状和预防并发症。

最后，我祝愿你早日康复。如果你有任何问题或需要进一步的帮助，请随时联系我。",3
3,3,23,human,去检查心脏以后说是有陈旧心肌梗塞，心律失常,10
3,3,23,model,您好，根据您的描述和检查结果，您出现了陈旧心肌梗塞和心律失常的情况。这种情况可能导致您在晕倒时出现胸痛或不适的感觉。我们需要进一步了解您的心脏情况，可能需要进行心脏超声、心脏核磁等检查，以确定治疗方案。同时，我们也会给您开一些药物，比如抗凝药物、降压药物等，以帮助控制心律失常和预防血栓形成。此外，您需要注意饮食和生活习惯，避免过度劳累和情绪波动，保持心情愉悦和积极乐观的态度。如果您有任何疑问或需要进一步的帮助，请随时联系我们。祝您早日康复！,3
3,3,23,human,医院让我做心脏心律转复除颤器植入，我需要做吗，感觉装个东西进去就是不好啊,12
3,3,23,model,"您好，根据您的描述，您可能需要进行心脏心律转复除颤器植入手术。这是一种常见的治疗心律失常的方法，可以有效预防猝死事件发生。但是手术前需要进行全面的评估和检查，以确保手术的安全性和有效性。如果您有任何疑虑或担忧，建议您与医生进行详细的沟通和讨论，以便做出最佳的治疗决策。

此外，您也可以通过药物治疗来控制心律失常。例如，β受体阻滞剂、钙拮抗剂、抗心律失常药物等都可以有效控制心律失常。但是药物治疗需要长期进行，并且需要定期复查，以确保药物的疗效和安全性。

最后，建议您保持良好的生活习惯，避免过度劳累和情绪波动，保持心情愉悦和积极乐观的态度。如果您有任何疑问或需要进一步的帮助，请随时联系我们。祝您早日康复！",4
3,3,23,human,主要是我高血压十年了，还有糖尿病，已经十六年了，在用胰岛素，怕身体扛不住,30
3,3,23,model,"您好，根据您提供的信息，您已经有高血压和糖尿病十六年了，而且正在使用胰岛素。这些疾病确实需要长期的治疗和管理，但是只要您按照医生的建议进行规范的治疗和生活方式的改变，您的身体应该可以承受。

为了更好地控制您的疾病，我建议您同时服用降压和降糖药物，这样可以更好地控制您的血压和血糖水平。此外，您可以每天监测血压和血糖，并将数据记录在日记本中，以便更好地了解您的疾病情况。

如果您有任何其他的问题或疑虑，请随时向您的医生咨询。同时，我建议您保持良好的生活习惯，包括健康饮食、适量运动、戒烟限酒等，以帮助控制您的疾病。祝您身体健康！",3
3,3,23,human,有没有更加保守的方案啊,11
3,3,23,model,"尊敬的患者，您好。针对您的问题，我建议您考虑使用抗肿瘤中成药-鸦胆子油口服乳液,该药物具有消瘤作用。此外，您可以尝试使用复方阿胶补血膏、强力康颗粒、小金胶囊、消癌平片、抗癌平丸、吡拉西坦片、抗癌平丸、消癌平片、复方鳖甲软肝散、消癌平口服液、参莲胶囊、甘露聚糖肽片、转移因子口服溶液、注射用异环磷酰胺、强力康颗粒、消癌平口服液、小金胶囊、抑癌平口服液、注射用胸腺肽、转移因子口服溶液、注射用葡萄糖酸依卡酮等药物，这些药物都具有一定的抗肿瘤作用。

需要注意的是，以上药物仅供参考，具体用药方案需要根据您的具体情况和医生的建议来确定。如果您有任何疑问或需要进一步的帮助，请及时咨询医生。祝您早日康复！",5
3,3,23,human,饮食上我要注意吗，平时我吃油炸食物比较多,18
3,3,23,model,"您好，针对您的问题，我可以给您一些建议。首先，建议您尽量避免食用油炸食品，因为这些食物含有大量的脂肪和热量，容易导致体重增加和肥胖。其次，建议您选择低脂、低糖的食物，如蔬菜、水果、全麦面包等，这些食物富含纤维和维生素，有助于促进新陈代谢和保持身体健康。此外，建议您适量摄入蛋白质，可以选择鱼、瘦肉、豆类等食物，但要注意不要过量摄入。最后，建议您每天喝足够的水，保持身体水分充足，有助于排毒和代谢。

此外，您还可以尝试一些中医食疗方法，如薏仁汤、山药粥、红豆粥、红枣桂圆粥等，这些食物都具有滋阴补血、健脾养胃的功效，有助于改善身体的亚健康状态。同时，您还可以尝试一些中药泡脚的方法，如艾叶、当归、红花等，这些中药都有活血化瘀的作用，有助于改善身体的新陈代谢和排毒功能。

最后，建议您保持良好的生活习惯，如定时作息、适量运动、保持心情愉快等，这些都有助于改善身体的亚健康状态和预防疾病的发生。如果您还有其他问题或需要进一步的帮助，请随时向我咨询。祝您身体健康！",6
