﻿2,3,12,human,前段时间晕倒过两次，第一次是开会的时候，他们说大概半分钟我才醒来，第二次在地铁里，我感觉到要晕了，也是差不多半分钟好了。,9
2,3,12,model,您好，这种情况很值得关注。您有什么其他症状吗？,0
2,3,12,human,每次晕倒之前我都感觉想吐,9
2,3,12,model,您有头痛，视力模糊，耳鸣，听力下降，手脚麻木的情况吗？,0
2,3,12,human,这个没有，不过我经常失眠,44
2,3,12,model,您的年龄是29岁，最近有生病或接受过手术吗？,0
2,3,12,human,没有手术，但是一直有胃炎，平时会胃胀气,19
2,3,12,model,您最近有服用什么药物吗？,0
2,3,12,human,我经常失眠，所以去开了点思诺思，偶尔吃一点,20
2,3,12,model,根据您的症状和病史，您可能患有晕厥症。晕厥是一种短暂的意识丧失，通常由于血压下降或心脏问题引起。您的失眠可能会加重这种情况。思诺思是一种治疗焦虑和失眠的药物，但它也可能会导致晕厥。建议您咨询医生，考虑减少或停止使用思诺思。此外，您需要进行一些检查，如心电图、血压监测和头部CT扫描，以确定是否存在其他潜在的医疗问题。在治疗期间，您应该避免过度劳累和长时间站立，保持充足的水分和营养，避免过度饮酒和吸烟。祝您早日康复。,2
2,3,12,human,这个是什么原因导致的呢,34
2,3,12,model,晕厥的原因有很多种，可能是由于心脏问题、低血压、贫血、焦虑、药物副作用或其他疾病引起的。您的情况可能与您的胃炎和失眠有关。建议您进行进一步的检查，以确定病因并制定相应的治疗计划。同时，您应该避免过度劳累和长时间站立，保持充足的水分和营养，避免过度饮酒和吸烟。如果您出现任何紧急症状，如胸痛、呼吸困难或心跳不规律，请立即就医。祝您早日康复。,2
2,3,12,human,要是去医院我需要做哪方面的检查啊，开点什么药,14
2,3,12,model,"您需要进行一系列的检查，包括心电图、血压监测和头部CT扫描，以确定晕厥的原因。这些检查可以帮助医生确定您是否有心脏问题、低血压或其他潜在的医疗问题。此外，您还需要进行一些血液检查，以排除贫血等其他可能的原因。

在治疗期间，医生可能会给您开一些药物，如抗焦虑药物或抗抑郁药物，以帮助缓解您的症状。但是，这些药物需要根据您的具体情况进行调整和监测，因此建议您在医生的指导下使用。

除了药物治疗，您还需要注意一些生活方式和饮食习惯。建议您保持充足的睡眠，避免过度劳累和长时间站立，保持充足的水分和营养，避免过度饮酒和吸烟。此外，您还可以尝试一些放松技巧，如深呼吸、瑜伽或冥想，以帮助缓解焦虑和压力。

最后，如果您出现任何紧急症状，请立即就医。祝您早日康复。",4
2,3,12,human,家里有两个孩子，虽然爸妈来帮忙带着，但还是挺累了，感觉没时间做哪些瑜伽什么的,28
2,3,12,model,"您好，听到您的问题，我能理解您的不便和困扰。对于您家里有两个孩子的情况，确实需要更多的照顾和精力。不过，我建议您可以尝试一些简单的生活方式调整，比如每天定时给孩子洗澡，保证他们的卫生和健康。此外，瑜伽是一种非常好的运动方式，可以帮助您放松身心，增强身体柔韧性。您可以在家里找一些简单的瑜伽视频或者图片，跟着做就可以了。

另外，我也建议您多抽出一些时间来陪伴家人，关心他们的生活和健康。如果您需要更多的帮助和支持，可以考虑咨询专业的心理医生，他们会给您更详细的建议和指导。

最后，希望您和家人能够保持健康的生活方式，度过美好的一天。如果您还有其他问题，可以随时向我咨询。祝您和家人身体健康，心情愉快！",3
