﻿2,2,11,human,我是一个33岁的女性，最近一段时间晕倒过两次，两次发作间隔三个月，第一次意识丧失一段时间，第二次未出现意识丧失，发作前后都没有恶心呕吐,40
2,2,11,model,您好，根据您描述的症状，晕倒可能是由于脑血管疾病引起的。建议您尽快到医院进行脑部检查，包括CT和脑血管造影检查，以确定病因。在等待检查结果的期间，您可以多休息，避免剧烈运动和过度劳累，保持心情愉快，避免过度紧张。同时，您可以尝试一些放松身心的方法，如深呼吸、瑜伽等，有助于缓解症状。如果您有任何其他问题或疑虑，请随时向我咨询。祝您早日康复！,-2
2,2,11,human,3.	平时工作压力大，晚上还要经常自己照看孩子，容易紧张焦虑，因为失眠，服用助眠药物思诺思，对我的病情有影响吗,33
2,2,11,model,"您好，根据您的描述，您的工作压力大，晚上还要照顾孩子，容易紧张焦虑，失眠，服用助眠药物思诺思，这些因素都可能导致身体出现不适。思诺思是一种催眠药，长期使用可能会对身体产生不良影响，包括影响中枢神经系统、心血管系统、肝脏和肾脏功能等。因此，建议您尽量避免长期使用，或者在医生的指导下使用。

对于您的情况，建议您保持良好的生活习惯，如规律作息、适量运动、饮食健康等，这些都有助于缓解身体不适和改善睡眠质量。同时，您可以尝试一些放松身心的方法，如深呼吸、瑜伽、冥想等，有助于缓解紧张和焦虑，改善睡眠质量。

最后，如果您的症状持续或加重，建议您及时就医，接受专业医生的诊断和治疗。祝您身体健康！",0
2,2,11,human,我有轻度胃炎，经常胃胀气，贫血，9.0g/L,46
2,2,11,model,"您好，根据您的描述，您可能患有轻度胃炎，经常胃胀气，贫血，血红蛋白值为9.0g/L。建议您到医院进行详细的检查和诊断，以确定病因和治疗方案。

针对您的症状，建议您注意饮食卫生，避免食用辛辣、油腻、刺激性食物，多吃易消化、富含维生素和矿物质的食物，如蔬菜、水果、粗粮等。此外，适当的运动和放松心情也有助于缓解胃肠道不适和贫血。

针对您的贫血，建议您及时就医，接受专业的治疗和调理，以提高身体的免疫力和抵抗力。同时，您也可以根据医生的建议，适量补充铁剂和维生素B12等营养素，以促进红细胞的生成和血红蛋白的合成。

最后，建议您保持良好的心态和生活习惯，积极配合医生的治疗和调理，定期复查，以保持身体健康。祝您早日康复！",0
2,2,11,human,请您总结一下我的病情,12
2,2,11,model,"根据您提供的信息，您可能患有轻度胃炎、贫血和胃胀气，这些症状可能与您的工作压力大、睡眠不足、饮食习惯不良等因素有关。建议您注意饮食卫生，避免食用刺激性食物，多吃易消化、富含维生素和矿物质的食物，适当进行运动和放松心情，避免过度紧张和焦虑。

对于贫血，建议您及时就医，接受专业的治疗和调理，以提高身体的免疫力和抵抗力。同时，您也可以根据医生的建议，适量补充铁剂和维生素B12等营养素，以促进红细胞的生成和血红蛋白的合成。

总之，建议您保持良好的心态和生活习惯，积极配合医生的治疗和调理，定期复查，以保持身体健康。如有任何疑问和需要，请随时咨询医生。祝您早日康复！",0
2,2,11,human,我的病因是什么,13
2,2,11,model,"根据您提供的信息，您可能患有轻度胃炎、贫血和胃胀气，这些症状可能与您的工作压力大、睡眠不足、饮食习惯不良等因素有关。建议您注意饮食卫生，避免食用辛辣、油腻、刺激性食物，多吃易消化、富含维生素和矿物质的食物，适当进行运动和放松心情，避免过度紧张和焦虑。

至于您的病因，需要进一步的检查和诊断才能确定，建议您到医院进行详细的检查和诊断，以确定病因和治疗方案。

需要注意的是，如果您的症状持续或加重，或出现其他不适症状，建议您及时就医，接受专业医生的诊断和治疗。

最后，建议您保持良好的心态和生活习惯，积极配合医生的治疗和调理，定期复查，以保持身体健康。如果您有任何疑问和需要，请随时咨询医生。祝您早日康复！",0
2,2,11,human,有什么建议吗,17
2,2,11,model,"针对您的病情，建议您注意饮食卫生，避免食用辛辣、油腻、刺激性食物，多吃易消化、富含维生素和矿物质的食物，如蔬菜、水果、粗粮等。此外，适当的运动和放松心情也有助于缓解胃肠道不适和贫血。

对于贫血，建议您及时就医，接受专业的治疗和调理，以提高身体的免疫力和抵抗力。同时，您也可以根据医生的建议，适量补充铁剂和维生素B12等营养素，以促进红细胞的生成和血红蛋白的合成。

最后，建议您保持良好的心态和生活习惯，积极配合医生的治疗和调理，定期复查，以保持身体健康。如果您有任何疑问和需要，请随时咨询医生。祝您早日康复！",0
2,2,11,human,我工作压力很大容易焦虑失眠，而且休息不好,21
2,2,11,model,"您好，根据您提供的信息，您的工作压力大，容易焦虑失眠，而且休息不好，这些情况可能会影响您的身体健康。建议您采取一些措施来缓解压力和焦虑，比如：

1. 适当放松：可以尝试进行一些放松身心的活动，如瑜伽、冥想、深呼吸等，有助于缓解紧张和焦虑，改善睡眠质量。

2. 规律作息：保持规律的作息时间，尽量避免熬夜和过度疲劳，有助于改善睡眠质量和身体状况。

3. 饮食调理：注意饮食调理，避免食用辛辣、油腻、刺激性食物，多吃蔬菜、水果、粗粮等富含营养的食物，有助于缓解胃肠道不适和贫血。

4. 保持良好的心态：保持积极乐观的心态，多与家人、朋友沟通交流，避免过度紧张和焦虑，有助于缓解压力和焦虑。

5. 寻求帮助：如果您的症状持续或加重，建议您及时寻求专业医生的帮助，接受治疗和调理。

最后，建议您采取综合措施，保持身体健康，避免过度劳累和焦虑，及时寻求帮助，祝您身体健康，工作顺利。",2
2,2,11,human,请你总结一下我的症状、病因与建议,33
2,2,11,model,"根据您提供的信息，您可能患有轻度胃炎、贫血和胃胀气，这些症状可能与您的工作压力大、睡眠不足、饮食习惯不良等因素有关。建议您注意饮食卫生，避免食用辛辣、油腻、刺激性食物，多吃易消化、富含维生素和矿物质的食物，适当进行运动和放松心情，避免过度紧张和焦虑。

至于您的病因，需要进一步的检查和诊断才能确定，建议您到医院进行详细的检查和诊断，以确定病因和治疗方案。

最后，建议您保持良好的心态和生活习惯，积极配合医生的治疗和调理，定期复查，以保持身体健康。如果您有任何疑问和需要，请随时咨询医生。祝您早日康复！",0
