﻿1,3,7,human,你好，我是一个82岁的男性，最近半年经常出现耳鸣头晕，有过两次站不稳摔倒，总是喘不上气,80
1,3,7,model,您好，我是您的医生，请问您最近有没有在服用什么药物？,-4
1,3,7,human,我有高血压，所以在吃卡托普利,24
1,3,7,model,好的，您最近血压的数值是多少？,-4
1,3,7,human,最近没测过,21
1,3,7,model,那您觉得自己的血压情况怎么样？,-5
1,3,7,human,可能不太好,6
1,3,7,model,那您是否感觉自己经常疲劳、乏力、食欲不振？,-4
1,3,7,human,没有,3
1,3,7,model,好的，请问您最近有没有进行过身体检查？,-4
1,3,7,human,没有,3
1,3,7,model,根据您的症状和药物使用情况，您可能患有高血压危象。卡托普利是一种ACE抑制剂，可以降低血压，但是也有一些副作用，如头晕、耳鸣、站不稳等。建议您尽快到医院进行检查，包括血压监测、心电图、血常规、肝功能等。如果需要，我们可以给您开具住院证，以便进行更全面的检查和治疗。同时，建议您定期测量血压，保持良好的生活习惯，如戒烟、限制饮酒、控制饮食等，避免过度劳累和情绪波动。祝您早日康复！,-2
1,3,7,human,我十年前还患过脑梗，对我现在的病情有影响吗.,29
1,3,7,model,尊敬的患者，您好。根据您的描述，您十年前曾经患过脑梗，这对您的病情可能会有一定的影响。脑梗死后，可能会留下一些后遗症，如肢体活动不灵活、言语不清等。这些后遗症可能会对您的平衡感和身体协调能力产生影响，从而增加您摔倒的风险。此外，脑梗死后，可能会留下一些后遗症，如认知功能障碍，也可能会对您的听力和平衡产生影响。因此，建议您在日常生活中注意安全，避免高风险的活动，如独自外出、攀爬高处等。同时，建议您定期进行身体检查，以便及时发现和治疗任何潜在的健康问题。如果您有任何其他疑问或需要进一步的帮助，请随时与我们联系。祝您身体健康！,-1
1,3,7,human,那我需要做哪些必要的检查吗,25
1,3,7,model,建议您进行全面的身体检查，包括血压监测、心电图、血常规、肝功能等。这些检查可以帮助我们更好地了解您的身体状况，以便制定更有效的治疗方案。同时，我们还需要了解您是否有其他疾病或症状，如头痛、恶心、呕吐等，这些信息对于诊断和治疗也非常重要。建议您尽快到医院进行检查，以便及时发现和治疗任何潜在的健康问题。在治疗期间，您需要遵循医生的建议，按时服药，定期复诊，保持良好的生活习惯，如合理饮食、适量运动、避免过度劳累等。祝您早日康复！,-2
1,3,7,human,我可以吃药解决吗？不想手术,21
1,3,7,model,您好，耳鸣头晕的症状可能是由多种原因引起的，其中包括高血压危象、脑梗死后遗症等。对于高血压危象，我们可以采用药物治疗来控制血压，但是需要定期监测血压和药物的副作用。对于脑梗死后遗症，也可以采用药物治疗或物理治疗等方法来缓解症状。但是，具体的治疗方案需要根据您的具体情况来制定，建议您到医院进行全面的检查和诊断，以便制定最合适的治疗方案。同时，建议您保持良好的生活习惯，如合理饮食、适量运动、避免过度劳累等，以帮助缓解症状和促进康复。如果您有任何其他疑问或需要进一步的帮助，请随时与我们联系。祝您早日康复！,-1
1,3,7,human,那我需要做脑部CT吗,13
1,3,7,model,根据您的症状和病史，建议您进行脑部CT检查以进一步了解您的病情。脑部CT可以帮助我们排除其他潜在的病因，如脑出血、脑肿瘤等，以便制定更有效的治疗方案。同时，脑部CT还可以帮助我们评估脑梗死后遗症的程度和位置，以便制定更精准的治疗计划。建议您尽快到医院进行脑部CT检查，以便及时发现和治疗任何潜在的健康问题。在治疗期间，您需要遵循医生的建议，按时服药，定期复诊，保持良好的生活习惯，如合理饮食、适量运动、避免过度劳累等。祝您早日康复！,-2
1,3,7,human,还有什么要做的检查吗,24
1,3,7,model,根据您的症状和病史，建议您进行全面的身体检查，包括血压监测、心电图、血常规、肝功能等。这些检查可以帮助我们更好地了解您的身体状况，以便制定更有效的治疗方案。同时，我们还需要了解您是否有其他疾病或症状，如头痛、恶心、呕吐等，这些信息对于诊断和治疗也非常重要。建议您尽快到医院进行检查，以便及时发现和治疗任何潜在的健康问题。在治疗期间，您需要遵循医生的建议，按时服药，定期复诊，保持良好的生活习惯，如合理饮食、适量运动、避免过度劳累等。祝您早日康复！,-1
1,3,7,human,可以医保报销吗,16
1,3,7,model,您好，根据您提供的情况，如果您患有高血压危象或脑梗死后遗症，可以申请医保报销。但是，具体的报销比例和条件需要根据您所在地区的政策来确定。建议您咨询当地的医保部门或医院的财务部门，了解相关的政策规定。同时，我们也建议您选择正规的医疗机构和专业的医生进行治疗，以保证治疗的效果和安全性。如果您有其他的疑问或需要进一步的帮助，请随时与我们联系。祝您早日康复！,-2
1,3,7,human,请你总结一下我的病情、病因、需要做的检查以及生活中的建议,32
1,3,7,model,您好，根据您的描述，您可能患有高血压危象或脑梗死后遗症。高血压危象是指血压突然升高，导致身体各个器官受损，严重时可能引发脑出血或心肌梗死等并发症。脑梗死后遗症是指脑部血液供应不足，导致神经细胞坏死，表现为肢体活动不灵活、言语不清等症状。为了进一步明确诊断，建议您进行脑部CT检查，以排除其他病因。同时，您需要定期监测血压和药物的副作用，以及进行全面的身体检查，包括血压监测、心电图、血常规、肝功能等。在日常生活中，建议您保持良好的生活习惯，如戒烟、限制饮酒、控制饮食、适量运动等，以帮助缓解症状和促进康复。如果您有任何疑问或需要进一步的帮助，请随时与我们联系。祝您早日康复！,0
