﻿3,3,23,human,我是一个56岁的男性，在家里突然站立时倒下并失去知觉，有抽搐。120在送医院途中又有两次抽搐发作,18
3,3,23,model,您好，您的情况听起来很严重。您是否还有其他症状？,-4
3,3,23,human,"我第一次倒下后数秒后自行恢复意识，头部磕破伴有胸部不适，没有剧烈头痛和大小便失禁。
第二次伴有意识丧失，持续2秒后恢复",7
3,3,23,model,感谢您提供的信息，这非常有用。您有任何慢性疾病吗？,-4
3,3,23,human,"高血压10年，络活喜治疗
糖尿病16年，胰岛素治疗中
吸烟10支×20年
一个月前急性心梗植入支架3枚，两周后出院，阿司匹林+氯吡格雷治疗中",9
3,3,23,model,"根据您提供的信息，您的病情比较复杂。您的突然倒下和抽搐可能是由于高血压和糖尿病引起的，这些疾病可能导致脑血管疾病。您的心梗也可能会增加中风的风险。您的药物治疗包括阿司匹林和氯吡格雷，这些药物可以预防血栓形成。

建议您定期进行血压、血糖、血脂等检查，以控制相关疾病的进展。此外，戒烟是非常重要的，因为吸烟会增加多种疾病的风险。如果您有其他疑问或需要进一步的建议，请随时与我联系。",-2
3,3,23,human,经检查发现我有以下心脏问题：短阵室颤，陈旧性心肌梗塞，快速性心律失常，室颤。医生计划予以ICD植入,10
3,3,23,model,根据您提供的信息，您的心脏问题包括短阵室颤、陈旧性心肌梗塞、快速性心律失常和室颤。这些疾病都是严重的心脏疾病，需要进行治疗。医生计划为您植入ICD（心脏去颤除颤器），这是一种可以帮助您预防室颤发作的设备。ICD植入手术通常是安全的，但可能会有一些风险，例如感染、出血或伤害其他器官。在手术前，您的医生将与您讨论手术的细节，并解答您的疑问。如果您对手术有任何疑虑或担忧，请与您的医生沟通，他们将与您一起制定适合您的治疗计划。,-2
3,3,23,human,医生建议植入ICD，请问ICD利弊、电池寿命与价格,9
3,3,23,model,"尊敬的患者，ICD植入手术是目前治疗心律失常的有效方法之一，它可以及时发现并治疗室颤等危险心律失常，从而避免猝死发生。但是，ICD植入手术也存在一些弊端和风险。

ICD植入手术需要手术切除双侧扁桃体，这可能会影响您的呼吸功能。此外，手术后可能会出现一些并发症，例如感染、出血等。因此，在手术前，医生会对您的身体状况进行全面评估，以确保手术的安全性和有效性。

关于ICD电池的寿命和价格，ICD植入手术后，ICD会持续监测心律，电池寿命通常为10年左右。关于价格，不同医院的价格可能会有所不同，您可以咨询当地医院了解具体情况。

最后，建议您在决定是否进行ICD植入手术时，充分了解手术的风险和利益，并与医生进行详细的讨论。如果您还有其他问题或疑虑，可以随时向医生咨询，他们会为您提供更详细的解答和指导。祝您早日康复！",0
3,3,23,human,室颤有无保守治疗方案,11
3,3,23,model,"您好，室颤是一种严重的心律失常，需要及时治疗。如果您不适合进行ICD植入手术，可以考虑药物治疗。抗心律失常药物是治疗心律失常的首选，可以控制大部分室颤发作。常用的抗心律失常药物包括普罗帕酮、卡马西平、胺碘酮、美西律等。这些药物可以通过抑制心律失常的电生理过程或延长心室肌细胞动作电位来发挥治疗作用。但是，药物治疗需要根据患者的具体情况进行选择，剂量和疗程也需要调整。

除了药物治疗，还可以考虑其他治疗方法，如心脏起搏器、心脏外科手术等。但是，这些治疗方法需要根据患者的具体情况进行选择，因此建议您及时就医，进行全面的评估和治疗。

最后，希望您能够积极配合医生的治疗，注意休息，保持良好的生活习惯，避免过度劳累和情绪波动，以维护心脏健康。如果您还有其他问题或疑虑，可以随时向医生咨询，他们会为您提供更详细的解答和指导。祝您早日康复！",0
3,3,23,human,请对我的病情及可能病因做出总结,24
3,3,23,model,"您好，根据您提供的信息，您可能患有原发性高血压。原发性高血压是指没有明确病因的血压升高，多见于中年及老年人，常伴有肾脏、内分泌、代谢及心血管等器官和系统的改变。

原发性高血压的病因尚未完全阐明，可能与遗传、饮食、生活方式等多种因素有关。高血压患者常表现为头痛、头晕、乏力、视力模糊、耳鸣等症状，严重时可引起脑出血、心力衰竭等并发症。

为了更好地了解您的病情，我建议您进行详细的检查，包括血压测量、尿常规、心电图、血常规等。此外，您还可以注意以下生活方式调整，如限制钠盐摄入、戒烟限酒、适量运动、保持正常体重等，有助于降低血压。

如果确诊为原发性高血压，您应该积极配合医生治疗，并定期复诊。同时，避免过度疲劳、情绪波动、饮酒过量、吸烟等不良生活习惯，有助于控制血压，预防并发症的发生。

如果您还有其他问题或需要更详细的解答，请随时向我提问。祝您早日康复！",0
3,3,23,human,请对我的病情做出总结,18
3,3,23,model,"您好，根据您提供的信息，您可能患有小儿急性淋巴细胞白血病。小儿急性淋巴细胞白血病是一种儿童常见的恶性肿瘤，常见于2岁以下的婴幼儿。该病的主要症状包括贫血、发热、出血倾向等。

小儿急性淋巴细胞白血病的病因尚未完全阐明，但遗传、环境、生活习惯等因素可能与其发病有关。该病的主要表现为外周血中淋巴细胞比例增高、成熟淋巴细胞减少，并伴有不同程度的贫血。

针对小儿急性淋巴细胞白血病的治疗方案包括化疗、放疗、造血干细胞移植等。具体的治疗方案需要根据患者的年龄、病情、身体状况等因素进行综合考虑和制定。

如果您或您的孩子怀疑患有小儿急性淋巴细胞白血病，请及时就医，并接受专业的诊断和治疗。同时，也要注意保持良好的生活习惯，避免感染和外伤，保持充足的睡眠和合理的饮食，有助于提高身体免疫力，促进康复。

如果您还有其他问题或需要更详细的解答，请随时向我提问。祝您早日康复！",0
3,3,23,human,请根据之前的对话对我的病情做出总结,20
3,3,23,model,"您好，根据之前的对话，您可能患有小儿急性淋巴细胞白血病。小儿急性淋巴细胞白血病是一种儿童常见的恶性肿瘤，常见于2岁以下的婴幼儿。该病的主要症状包括贫血、发热、出血倾向等。

小儿急性淋巴细胞白血病的病因尚未完全阐明，但遗传、环境、生活习惯等因素可能与其发病有关。该病的主要表现为外周血中淋巴细胞比例增高、成熟淋巴细胞减少，并伴有不同程度的贫血。

针对小儿急性淋巴细胞白血病的治疗方案包括化疗、放疗、造血干细胞移植等。具体的治疗方案需要根据患者的年龄、病情、身体状况等因素进行综合考虑和制定。

如果您或您的孩子怀疑患有小儿急性淋巴细胞白血病，请及时就医，并接受专业的诊断和治疗。同时，也要注意保持良好的生活习惯，避免感染和外伤，保持充足的睡眠和合理的饮食，有助于提高身体免疫力，促进康复。

如果您还有其他问题或需要更详细的解答，请随时向我提问。祝您早日康复！",0
3,3,23,human,你要不要看看你在说什么？请对我晕厥抽搐等症状进行总结,39
3,3,23,model,"非常抱歉，之前我的回答有些不准确。晕厥抽搐等症状可能与多种疾病有关，包括小儿急性淋巴细胞白血病。小儿急性淋巴细胞白血病是一种儿童常见的恶性肿瘤，主要表现为贫血、发热、出血倾向等。如果您或您的孩子怀疑患有该病，请及时就医，并接受专业的诊断和治疗。

晕厥抽搐等症状可能是小儿急性淋巴细胞白血病的表现之一，但这些症状也可能是其他疾病的表现，因此需要进行详细的检查和诊断。如果您出现了这些症状，建议您尽快就医，医生会根据您的具体情况进行全面的评估和治疗。

同时，我也建议您注意保持良好的生活习惯，避免过度疲劳、情绪波动、饮酒过量、吸烟等不良生活习惯，有助于控制血压，预防并发症的发生。

如果您还有其他问题或需要更详细的解答，请随时向我提问。祝您早日康复！",0
