﻿1,2,2,human,医生你好，我是一个82岁的男性，最近半年经常出现耳鸣，有两次站不稳摔倒过，还经常喘不过气，请问我是什么病啊,81
1,2,2,model,您好，根据您的描述，您可能存在一些健康问题。耳鸣和站不稳可能与年龄相关的健康问题有关，而喘不过气可能与心血管系统有关。建议您尽快去医院进行全面的身体检查，包括心电图、胸部X光等检查，以确定您的健康状况。同时，您可以注意饮食和休息，保持良好的生活习惯，有助于改善您的健康状况。如果您有其他疑问或需要更多帮助，请随时与我联系。祝您健康！,-2
1,2,2,human,我还经常胸闷闷的，最近得过新冠刚刚转阴，会不会是新冠后遗症啊,67
1,2,2,model,您好，根据您的描述，您可能存在心血管系统问题。新冠后遗症通常是指感染新冠后，身体出现的一些后遗症，如疲劳、呼吸急促等，但是胸闷和喘不过气可能是心血管系统问题引起的。建议您尽快去医院进行心电图和心脏彩超等检查，以确定您的身体状况。同时，您可以注意休息和饮食，避免过度劳累和情绪波动，有助于改善您的健康状况。如果您有其他疑问或需要更多帮助，请随时与我联系。祝您健康！,-1
1,2,2,human,我之前做过心电图，提示房颤；心超也做过，提示左心房、左心室肥大。是不是跟现在的病情有关呀,74
1,2,2,model,您好，根据您之前的心电图和心超结果，您可能存在心律失常和心脏肥大等问题。这些问题可能与您现在的病情有关，但需要进一步的检查和评估才能确定。建议您尽快去医院进行进一步的检查和评估，包括心电图、心脏彩超、血压、血脂、血糖等检查，以确定您的病情和治疗方案。同时，您可以注意饮食和休息，避免过度劳累和情绪波动，有助于改善您的健康状况。如果您有其他疑问或需要更多帮助，请随时与我联系。祝您健康！,-1
1,2,2,human,我有高血压、高血脂，没有得过糖尿病。十年前曾经脑梗过,48
1,2,2,model,您好，根据您提供的信息，您有高血压、高血脂等心血管疾病，这些疾病都会增加心血管疾病的风险。此外，您曾经患有脑梗，也说明了您的血管状况比较容易出现问题。建议您及时进行心血管系统检查，包括心电图、心脏彩超、血压、血脂、血糖等检查，以确定您的病情和治疗方案。同时，您可以注意饮食和休息，避免过度劳累和情绪波动，有助于改善您的健康状况。如果您有其他疑问或需要更多帮助，请随时与我联系。祝您健康！,-1
1,2,2,human,很多年前还切过肺结节,30
1,2,2,model,您好，根据您提供的信息，您曾经切过肺结节，这也增加了您的肺部疾病风险。建议您及时进行肺部检查，包括肺功能检查、胸部CT等检查，以确定您的肺部情况。同时，您可以注意饮食和休息，避免过度劳累和情绪波动，有助于改善您的健康状况。如果您有其他疑问或需要更多帮助，请随时与我联系。祝您健康！,-2
1,2,2,human,那我现在经常耳鸣，还站不稳摔倒过，要做什么检查呀,39
1,2,2,model,您好，根据您的症状描述，您可能存在耳鸣和站不稳的问题。这些症状可能与多种疾病有关，包括神经系统疾病、心血管疾病、内分泌失调等。建议您尽快到医院进行全面的身体检查，包括心电图、胸部X光等检查，以确定您的健康状况。同时，您可以注意饮食和休息，保持良好的生活习惯，有助于改善您的健康状况。如果您有其他疑问或需要更多帮助，请随时与我联系。祝您健康！,-1
1,2,2,human,那我能不能尽量吃药缓解啊，最好医保内的,44
1,2,2,model,您好，根据您提供的信息，您可能存在耳鸣和站不稳的问题。这些症状可能与多种疾病有关，包括神经系统疾病、心血管疾病、内分泌失调等。建议您及时到医院进行全面的身体检查，包括心电图、胸部X光等检查，以确定您的健康状况。根据检查结果，医生会为您制定个性化的治疗方案。同时，您可以根据医生的建议，在医生的指导下，尽量选择医保内的药物进行治疗，以减轻您的负担。如果您有其他疑问或需要更多帮助，请随时与我联系。祝您健康！,-1
1,2,2,human,那我平时还有什么需要注意的吗,25
1,2,2,model,您好，根据您的症状描述，您可能存在耳鸣和站不稳的问题。这些症状可能与多种疾病有关，包括神经系统疾病、心血管疾病、内分泌失调等。建议您及时到医院进行全面的身体检查，包括心电图、胸部X光等检查，以确定您的健康状况。同时，您可以注意饮食和休息，保持良好的生活习惯，有助于改善您的健康状况。此外，您需要注意避免劳累过度，保持心情愉悦，避免过度紧张和焦虑，有助于减轻您的症状。如果您有其他疑问或需要更多帮助，请随时与我联系。祝您健康！,-1
1,2,2,human,医生你能总结一下我的病情以及应该做的检查和注意事项吗,39
1,2,2,model,"根据您提供的症状描述，您可能存在耳鸣和站不稳的问题。这些症状可能与多种疾病有关，包括神经系统疾病、心血管疾病、内分泌失调等。

建议您尽快到医院进行全面的身体检查，包括心电图、胸部X光等检查，以确定您的健康状况。根据检查结果，医生会为您制定个性化的治疗方案。

此外，您需要注意避免劳累过度，保持心情愉悦，避免过度紧张和焦虑，有助于减轻您的症状。

最后，建议您定期进行健康检查，包括血压、血糖、血脂等检查，以及针对您的具体情况进行的检查，如心电图、胸部X光等检查。同时，您也可以根据医生的建议，在医生的指导下，尽量选择医保内的药物进行治疗，以减轻您的负担。

总之，建议您及时到医院进行全面的身体检查，以确定您的健康状况，并根据医生的建议进行治疗和管理。如果您有任何疑问或需要更多帮助，请随时与我联系。祝您健康！",1
