﻿4,1,31,human,我是一个怀孕21周的29岁女性，刚刚怀孕期间第二次晕厥,15
4,1,31,model,"很抱歉听到这个消息。晕厥可能是孕期常见的症状之一,但也可能是其他严重问题的症状之一。建议您立即就医,让医生对您进行全面的身体检查,以确保您和胎儿的健康状况。同时,您可以尝试通过改变饮食和生活习惯来缓解晕厥的症状,如避免过度疲劳、保持充足的睡眠、避免过度劳累、避免过度饮水等。请务必及时就医,祝您和宝宝健康!",-2
4,1,31,human,第一次是一个月前，在家里，自我感觉心跳很快、恶心，持续一段时间后缓解，去医院看后化验和胎儿监控都正常，医生建议好好休息没有用药。第二次就是刚刚，持续心慌没办法缓解所以来看急诊,6
4,1,31,model,"非常抱歉听到这个消息。孕期晕厥是非常常见的症状,但也需要及时就医以确保您和胎儿的健康。建议您再次咨询医生,了解您的孕期健康状况和接下来的治疗方案。同时,您可以采取一些措施来缓解晕厥的症状,如避免过度疲劳、保持充足的睡眠、避免过度劳累、避免过度饮水等。请务必及时就医,祝您和宝宝健康!",-3
4,1,31,human,曾有两次早孕流产，有妊娠高血压史,10
4,1,31,model,"非常抱歉听到这个消息。孕期晕厥是非常常见的症状,但是需要注意的是,如果孕妇出现晕厥,需要及时就医以确保您和胎儿的健康。建议您再次咨询医生,了解您和胎儿的健康状况,以及接下来的治疗方案。同时,您可以采取以下措施来缓解晕厥的症状:

1. 避免过度疲劳和过度劳累,尽量保证充足的睡眠。

2. 避免过度饮水,尤其是含咖啡因的饮料,因为这些饮料可能会增加孕妇的尿量,导致水分潴留,增加孕妇的血压。

3. 避免过度饮水,特别是有高血压史的孕妇,因为过度饮水会增加孕妇的血压,导致血压急剧升高,加重孕妇的病情。

4. 避免过度运动,尤其是剧烈的运动,因为过度运动可能会导致孕妇的血压急剧升高,加重孕妇的病情。

5. 保持心情舒畅,避免情绪波动,因为情绪不稳定可能会导致孕妇的血压急剧升高,加重孕妇的病情。

希望以上建议对您有所帮助,祝您和宝宝健康!",1
4,1,31,human,心电图显示室上性心动过速，心超无异常,10
4,1,31,model,"非常抱歉听到这个消息,希望您和宝宝健康!

室上性心动过速是指心脏在窦性节律下,出现异常电活动,导致心室的一部分或全部收缩,引起心率加快、心悸等症状。这种情况一般需要进行治疗,具体治疗方案需要根据孕妇的具体情况进行制定。

建议您及时就医,听从医生的建议,按照医嘱进行治疗,避免自行使用药物。同时,您也可以采取以下措施来缓解晕厥的症状:

1. 避免过度疲劳和过度劳累,尽量保证充足的睡眠。

2. 避免过度饮水,特别是含咖啡因的饮料,因为这些饮料可能会增加孕妇的尿量,导致水分潴留,增加孕妇的血压。

3. 避免过度饮水,特别是有高血压史的孕妇,因为过度饮水会增加孕妇的血压,导致血压急剧升高,加重孕妇的病情。

4. 避免过度运动,尤其是剧烈的运动,因为过度运动会导致孕妇的血压急剧升高,加重孕妇的病情。

5. 保持心情舒畅,避免情绪波动,因为情绪不稳定可能会导致孕妇的血压急剧升高,加重孕妇的病情。

最后,祝您和宝宝健康!",2
4,1,31,human,我要进行哪些检查？会不会对宝宝不利？,4
4,1,31,model,"非常抱歉听到这个消息,希望您和宝宝健康!

关于您的问题,建议您再次咨询医生,了解您和宝宝的健康状况和接下来的治疗方案。同时,您也可以采取以下措施来缓解晕厥的症状:

1. 避免过度疲劳和过度劳累,尽量保证充足的睡眠。
2. 避免过度饮水,特别是含咖啡因的饮料,因为这些饮料可能会增加孕妇的尿量,导致水分潴留,增加孕妇的血压。
3. 避免过度饮水,特别是有高血压史的孕妇,因为过度饮水会增加孕妇的血压急剧升高,加重孕妇的病情。
4. 避免过度运动,尤其是剧烈的运动,因为过度运动可能会导致孕妇的血压急剧升高,加重孕妇的病情。
5. 保持心情舒畅,避免情绪波动,因为情绪不稳定可能会导致孕妇的血压急剧升高,加重孕妇的病情。

祝您和宝宝健康!",0
4,1,31,human,后续需要进行心脏电生理检查及射频消融，但是有没有X射线啊？可能会对宝宝不利,6
4,1,31,model,"非常抱歉听到这个消息,希望您和宝宝健康!

关于您的问题,心脏电生理检查和射频消融是一种新型的治疗方法,但需要医生根据您的具体情况进行制定治疗方案。如果需要进行这种检查,医生会根据您的病情和身体状况进行具体的建议,并告知您相关的风险和注意事项。如果您担心对胎儿的影响,可以向医生咨询,医生会给您详细的解释。

另外,建议您保持心情舒畅,避免情绪波动,因为情绪不稳定可能会导致孕妇的血压急剧升高,加重孕妇的病情。同时,保持良好的心态和饮食习惯,避免过度饮水,避免过度运动和剧烈的运动,这也有助于缓解晕厥的症状。

祝您和宝宝健康!",0
4,1,31,human,后续需要进行心脏电生理检查及射频消融，但是有没有X射线啊？可能会对宝宝不利,3
4,1,31,model,"非常抱歉听到这个消息,希望您和宝宝健康!

关于您的问题,心脏电生理检查和射频消融是目前常用的一种诊断手段,医生会根据您的具体情况制定治疗方案。如果需要进行这种检查,医生会根据您的病情和身体状况进行制定治疗方案,并告知您相关的风险和注意事项。如果您担心对胎儿的影响,可以向医生咨询,医生会给您详细的解释。

另外,建议您保持心情舒畅,避免情绪波动,因为情绪不稳定可能会导致孕妇的血压急剧升高,加重孕妇的病情。同时,保持良好的心态和饮食习惯,避免过度饮水,避免过度运动和剧烈的运动,这也有助于缓解晕厥的症状。

最后,祝您和宝宝健康!",0
4,1,31,human,请总结我的病情症状、原因及建议处理方式,4
4,1,31,model,"非常抱歉听到这个消息,希望您和宝宝健康!",-4
