﻿3,3,19,human,我是一个56岁的男性，在家里突然站立时倒下并失去知觉，有抽搐。120在送医院途中又有两次抽搐发作,16
3,3,19,model,你好，很抱歉听到这个情况。你能否提供更多关于你的症状和身体状况的信息？,-4
3,3,19,human,"第一次倒下后数秒后自行恢复意识，头部磕破伴有胸部不适，没有剧烈头痛和大小便失禁。
第二次伴有意识丧失，持续2秒后恢复",10
3,3,19,model,非常感谢你提供这些信息。你有过往的病史吗？有没有高血压或糖尿病等慢性疾病？,-4
3,3,19,human,"高血压10年，络活喜治疗
糖尿病16年，胰岛素治疗中
吸烟10支×20年
一个月前急性心梗植入支架3枚，两周后出院，阿司匹林+氯吡格雷治疗中",10
3,3,19,model,非常感谢您提供的详细信息。根据您的症状和病史，您可能患有高血压、糖尿病和冠心病等疾病。在治疗方面，您已经在医院接受了支架植入手术，并正在接受阿司匹林和氯吡格雷的治疗。在您的家庭生活中，您需要注意避免过度疲劳和情绪波动，遵循医生的建议，定期检查血压、血糖和血脂等指标，同时避免吸烟和饮酒等不良习惯。如果您在家庭生活中出现任何不适或症状加重，请及时就医。最后，祝您早日康复。,-2
3,3,19,human,经检查发现我有以下心脏问题：短阵室颤，陈旧性心肌梗塞，快速性心律失常，室颤。医生计划予以ICD植入,11
3,3,19,model,根据您提供的信息，您被诊断出患有短阵室颤、陈旧性心肌梗塞、快速性心律失常和室颤等心脏问题。这些疾病都需要及时的治疗和管理，而ICD植入是一种有效的治疗方法之一。ICD植入器会记录您的心脏电活动，并及时发出警报，以防止您再次发生严重的心律失常和心脏骤停。但是，ICD植入也有一些风险和副作用，需要在医生的指导下进行权衡和决策。建议您与医生充分沟通，了解ICD植入的风险和益处，然后根据医生的建议做出决策。此外，您还需要注意饮食和生活方式的改变，例如减少盐分摄入、戒烟限酒、保持适当的运动和休息等，以维护心脏健康。,-1
3,3,19,human,医生建议植入ICD，请问ICD利弊、电池寿命与价格,10
3,3,19,model,"尊敬的患者，ICD植入是一种有效的治疗心脏电活动异常的方法，可以预防心脏骤停的发生。但是，ICD植入也有一些缺点和风险。ICD植入器需要长期植入患者的体内，需要定期更换电池，电池寿命有限。此外，ICD植入的价格较高，约为10,000至30,000元。因此，在使用ICD植入之前，您需要仔细权衡利弊，并与医生进行充分的沟通和讨论。如果您有任何疑问或担忧，请随时与医生沟通，他们会为您提供更详细的信息和建议。同时，我们也建议您保持健康的生活方式，如戒烟限酒、保持适当的运动和休息等，以维护心脏健康。祝您早日康复！",-1
3,3,19,human,ICD电池寿命一般是多久,20
3,3,19,model,尊敬的患者，ICD植入电池的寿命一般可以达到10年，但具体寿命还取决于多种因素，如患者的身体状况、ICD植入手术的类型和患者的日常行为等。一般来说，ICD植入手术后需要定期更换电池，以确保其正常工作。如果ICD植入电池的寿命已经到期，医生可能会建议进行ICD植入手术，并将电池更换为新的。ICD植入手术是一种安全有效的治疗方法，可以帮助预防心脏骤停的发生。如果您有任何疑问或担忧，请随时向医生咨询，他们会为您提供更详细的信息和建议。同时，我们也建议您保持健康的生活方式，如定期锻炼、健康饮食和良好的作息习惯等，以维护心脏健康。祝您身体健康！,-1
3,3,19,human,室颤有无其他保守治疗方案,9
3,3,19,model,您好，室颤是一种严重的心律失常，需要及时治疗。除了ICD植入手术外，还有一些保守治疗方案可以考虑。例如，药物治疗可以帮助控制心律失常的发作。抗心律失常药物如普罗帕酮、卡马西平、苯妥英钠、苯巴比妥等，以及利多卡因、胺碘酮、丙吡胺等，都可用于室颤的治疗。此外，心脏起搏器也可以用于治疗室颤，特别是在ICD植入手术不可行或不适用的情况下。心脏起搏器可以通过刺激心脏来恢复正常的心律。但是，这些治疗方案都有一定的副作用和风险，需要在医生的指导下进行选择和应用。如果您有心律失常的症状，建议及时就医，接受专业医生的诊断和治疗。希望我的回答能够帮到您。,-1
3,3,19,human,病情总结及可能病因,12
3,3,19,model,您好，针对您的情况，根据您的症状描述，可能是室颤引起的心电图异常。室颤的病因可能包括冠心病、高血压、心肌病、心肌缺血、心肌梗死、心肌炎、心脏手术、心律失常、糖尿病、肾衰、甲亢、缺钾、缺钙、缺镁等。但是，具体的病因需要通过医生的进一步检查和诊断才能确定。建议您尽快到医院进行详细的检查和诊断，以便及时采取有效的治疗措施。如果您有任何其他问题或疑虑，请随时向医生咨询。祝您早日康复！,-2
3,3,19,human,对日常生活有什么建议,9
3,3,19,model,"您好，针对您的情况，建议您在日常生活中注意以下几点：

1. 饮食方面：避免高盐、高脂、高糖的食物，多食用蔬菜、水果、全谷类食物等富含纤维的食物，保持饮食均衡。

2. 运动方面：适量的运动可以促进血液循环，有助于改善心脏健康。建议您选择适合自己的运动方式，如散步、游泳、瑜伽等。

3. 生活习惯方面：戒烟限酒，保持良好的生活习惯，避免过度疲劳和情绪波动。

4. 定期体检：定期到医院进行心脏健康检查，及时发现和处理心脏问题。

此外，如果您有任何其他问题或疑虑，请随时向医生咨询。祝您身体健康！",-1
