﻿4,2,29,human,我是一个怀孕21周的29岁女性，刚刚怀孕期间第二次晕厥,12
4,2,29,model,"亲爱的患者，您好。根据您的描述，您怀孕21周时出现了两次晕厥的情况，这需要引起我们的重视。晕厥的原因有很多种，可能与血压、血糖、心率等因素有关，也可能与贫血、缺氧等身体状况有关。因此，建议您及时就医，进行全面的身体检查和相关检查，以明确病因。

在怀孕期间，由于荷尔蒙水平的变化和身体状况的特殊性，晕厥的发生率可能会增加。但是，如果晕厥的频率和程度过于频繁或严重，就需要引起重视。因此，建议您及时就医，接受专业医生的诊断和治疗。

同时，您也可以注意一些生活习惯的调整，如保持充足的睡眠、饮食均衡、避免过度劳累、保持心情愉悦等，有助于改善身体状况，减少晕厥的发生。

最后，希望您能及时就医，保持良好的心态和健康的生活方式，祝您和宝宝健康！如果您还有其他问题，欢迎随时向我咨询。",0
4,2,29,human,第一次是一个月前，在家里，自我感觉心跳很快、恶心，持续一段时间后缓解，去医院看后化验和胎儿监控都正常，医生建议好好休息没有用药。第二次就是刚刚，持续心慌没办法缓解所以来看急诊,11
4,2,29,model,"您好，根据您的描述，您最近出现了心慌、恶心、晕厥等症状，而且持续时间较短，经过医生的检查和胎儿监控都正常，这是一个比较正常的结果。不过，由于晕厥的频率和程度过于频繁或严重，就需要引起重视。

建议您在日常生活中注意休息，保持良好的心态和健康的生活方式，避免过度疲劳和精神压力。同时，您可以尝试一些适当的运动，如散步、瑜伽等，有助于缓解身体疲劳和改善心肺功能。

如果您的症状持续存在或加重，建议您及时就医，接受专业医生的诊断和治疗。医生可能会进行心电图、血压、血糖等检查，以明确病因。

最后，祝您和宝宝健康！如果您还有其他问题，欢迎随时向我咨询。",0
4,2,29,human,曾有两次早孕流产，有妊娠高血压史，会不会对我的并由影响,16
4,2,29,model,"您好，根据您的描述，您曾有两次早孕流产的经历，同时还有妊娠高血压的病史，这些都可能会增加您出现并发症的风险。因此，建议您在怀孕期间定期进行产前检查，密切关注孕产期的情况，如血压、血糖、体重、胎心监测等，及时发现并处理异常情况。

同时，建议您避免过度劳累、保持良好的心态、避免过度紧张和精神压力，保持良好的生活习惯和饮食习惯，以保证胎儿的健康发育。

如果您的症状持续存在或加重，建议您及时就医，接受专业医生的诊断和治疗。医生可能会进行心电图、血压、血糖等检查，以明确病因，并根据具体情况采取相应的治疗措施。

最后，祝您和宝宝健康！如果您还有其他问题，欢迎随时向我咨询。",0
4,2,29,human,心电图显示室上性心动过速，心超无异常，我要进行哪些检查？会不会对宝宝不利,19
4,2,29,model,"您好，根据您的心电图显示，您可能患有室上性心动过速。这种心律失常通常是由于心脏上部的传导系统出现问题所致，一般不会对胎儿产生不良影响。不过，为了更好地了解您的心脏状况，建议您进行一些进一步的检查。

您可以考虑进行心脏超声检查，以了解心脏的结构和功能。此外，还可以进行心电图检查，以了解心律失常的类型和程度。如果需要，医生还可能会建议您进行心电监测，以更全面地了解您的心脏情况。

总之，建议您及时就医，接受专业医生的诊断和治疗。医生会根据您的具体情况制定相应的检查和治疗方案，以确保您和宝宝的健康。

最后，祝您和宝宝健康！如果您还有其他问题，欢迎随时向我咨询。",0
4,2,29,human,后续需要进行心脏电生理检查及射频消融，但是有没有X射线啊？可能会对宝宝不利,9
4,2,29,model,"您好，针对您的心脏情况，如果需要进行心脏电生理检查和射频消融治疗，一般情况下是无需进行X射线的检查的。这是因为X射线对胎儿的影响非常大，容易导致胎儿发育异常或畸形，因此一般情况下是不进行此类检查的。

如果您需要进行心脏电生理检查和射频消融治疗，一般情况下会进行超声心动图等检查，以了解您的心脏情况，并根据具体情况制定相应的治疗方案。

总之，建议您在进行任何检查前，一定要向医生详细咨询，并告知您的孕期情况和宝宝的状况，以便医生根据您的具体情况制定最佳的检查和治疗方案。

最后，祝您和宝宝健康！如果您还有其他问题，欢迎随时向我咨询。",0
4,2,29,human,有保守治疗的方法吗，对宝宝影响小的,6
4,2,29,model,"针对您的情况，一般情况下不需要进行手术治疗。对于室上性心动过速，可以采用一些保守治疗方法，如药物治疗、导管消融、射频消融等。具体的治疗方案需要根据您的具体情况和医生的建议来确定。

药物治疗是治疗室上性心动过速的常用方法，可以帮助控制心律失常的症状，并预防心律失常的再次发作。但是，药物治疗的效果相对较慢，需要长期坚持服用，并且可能会有一些副作用。

导管消融和射频消融是治疗室上性心动过速的常用方法，可以通过导管或电极将消融药物送入心脏内部，以消除心律失常的病因。这两种方法的治疗效果较好，但是需要在专业医生的指导下进行，并且需要进行手术前的详细评估和准备。

总之，您可以和医生进行详细的沟通和讨论，根据医生的建议选择最适合您的治疗方案。同时，您还需要注意保持良好的心态和生活习惯，避免过度疲劳和精神压力，以保证胎儿的健康发育。

最后，祝您和宝宝健康！如果您还有其他问题，欢迎随时向我咨询。",2
4,2,29,human,请总结我的病情症状、原因及建议处理方式,6
4,2,29,model,"根据您提供的信息，您曾有两次早孕流产的经历，同时还有妊娠高血压的病史，这些都可能会增加您出现并发症的风险。另外，您的心电图显示室上性心动过速，建议您进行进一步的检查以明确病因。

室上性心动过速是一种心律失常，是由于心脏上部的传导系统出现问题所致，一般不会对胎儿产生不良影响。但是，为了确保胎儿的健康，建议您进行心脏电生理检查和射频消融治疗。

药物治疗是治疗室上性心动过速的常用方法，可以帮助控制心律失常的症状，并预防心律失常的再次发作。但是，药物治疗的效果相对较慢，需要长期坚持服用，并且可能会有一些副作用。

导管消融和射频消融是治疗室上性心动过速的常用方法，可以通过导管或电极将消融药物送入心脏内部，以消除心律失常的病因。这两种方法的治疗效果较好，但是需要在专业医生的指导下进行，并且需要进行手术前的详细评估和准备。

总之，建议您及时就医，接受专业医生的诊断和治疗，以确保您和宝宝的健康。同时，您还需要注意保持良好的心态和生活习惯，避免过度疲劳和精神压力，以保证胎儿的健康发育。

最后，祝您和宝宝健康！如果您还有其他问题，欢迎随时向我咨询。",3
4,2,29,human,射频消融之后可以解决我晕厥的问题吗,35
4,2,29,model,"射频消融治疗后，有些患者可能会出现晕厥的情况，但是并不是所有的患者都会出现这种情况。晕厥的原因可能有很多，包括低血压、药物不良反应、心律失常等。如果晕厥情况较严重，建议您及时就医。

在射频消融治疗后，您需要定期进行心电图和超声心动图检查，以了解治疗效果和监测心律失常的再次出现。同时，您还需要定期进行血压、心率和血氧等检查，以及监测心电信号和心电导管的位置。

如果出现晕厥情况，您应该及时就医。医生会根据您的具体情况，进行详细的评估和治疗。如果晕厥较轻，可以通过调整药物剂量或更换药物来缓解症状。如果晕厥情况较严重，可能需要进行进一步的治疗，如输血或心律调节治疗等。

总之，射频消融治疗后，您需要定期进行检查和治疗，以确保治疗效果和预防并发症的发生。同时，如果出现晕厥情况，需要及时就医，接受专业医生的治疗。

最后，祝您和宝宝健康！如果您还有其他问题，欢迎随时向我咨询。",2
