﻿5,1,35,human,我儿子今年6岁，这个月里面低头拿东西较长时间，站起来以后晕倒过几次，躺几分钟自己醒过来了，上次晕倒时抽搐并且大小便失禁，所以拨打120送入医院,12
5,1,35,model,"这种情况可能是癫痫发作,建议您立即带孩子去医院做相关检查,包括脑电图、CT或MRI等,以确定病因并进行治疗。同时,要注意孩子的饮食和生活习惯,避免过度疲劳和精神紧张,保证充足的睡眠时间。如果孩子有其他症状,如头痛、呕吐、意识丧失等,也要及时就医。",-3
5,1,35,human,他发作时伴有恶心、头晕、面色苍白、大汗，之后乏力没有精神,20
5,1,35,model,"这种情况可能是癫痫发作,建议您立即带孩子去医院做相关检查,包括脑电图、CT或MRI等,以确定病因并进行治疗。同时,要注意孩子的饮食和生活习惯,避免过度疲劳和精神紧张,保证充足的睡眠时间。如果孩子有其他症状,如头痛、呕吐、意识丧失等,也要及时就医。",-3
5,1,35,human,"他出生时早产，怀他时我血糖升高，有严重低蛋白血症

他有癫痫病史，从小血压偏低80/40mmHg左右；轻微贫血",10
5,1,35,model,"好的,建议您立即带孩子去医院做相关检查,以便及早发现问题并进行治疗。同时,要注意孩子的饮食和生活习惯,避免过度疲劳和精神紧张,保证充足的睡眠时间。如果孩子有其他症状,如头痛、呕吐、意识丧失等,也要及时就医。祝愿您的孩子早日康复。",-3
5,1,35,human,24小时心电图等检查显示血管迷走性晕厥，发作时心电图有长间歇,11
5,1,35,model,"好的,那您可以考虑去儿童医院或者综合医院的儿科进行进一步的检查和治疗。同时,建议您在医生的指导下,积极配合孩子的饮食和生活习惯,帮助孩子保持健康的生活方式,以便更好地恢复健康。祝愿您的孩子早日康复!",-3
5,1,35,human,起搏器植入后能不能完全恢复啊？术后需要注意事项有哪些,5
5,1,35,model,"起搏器植入后,患者可以完全恢复,但需要注意以下几点:

1. 定期复查:起搏器植入后,需要定期复查,以确保起搏器的稳定性和有效性。

2. 避免剧烈运动:起搏器植入后,需要避免剧烈运动,以免影响起搏器的稳定性和效果。

3. 饮食健康:起搏器植入后,需要注意饮食健康,避免过度劳累和精神紧张,保证充足的睡眠时间。

4. 药物使用:起搏器植入后,需要按照医生的建议进行药物治疗,以维持起搏器的稳定性和治疗效果。

5. 避免受伤:起搏器植入后,需要注意避免受伤,如避免碰撞、摔倒等,以免引起起搏器损坏或脱落。

6. 定期复查:起搏器植入后,需要定期复查,以确保起搏器的稳定性和治疗效果。

祝愿您的孩子早日康复!",0
5,1,35,human,之后的生活有什么建议吗？能不能乘坐飞机？,3
5,1,35,model,"好的,祝您的孩子早日康复!

接下来,我建议您注意以下几点:

1. 定期复查:起搏器植入后,需要定期复查,以确保起搏器的稳定性和治疗效果。

2. 饮食健康:起搏器植入后,需要注意饮食健康,避免过度劳累和精神紧张,保证充足的睡眠时间。

3. 避免受伤:起搏器植入后,需要注意避免碰撞、摔倒等,以免引起起搏器损坏或脱落。

4. 避免剧烈运动:起搏器植入后,需要避免剧烈运动,以免影响起搏器的稳定性和治疗效果。

5. 避免碰撞:起搏器植入后,需要注意避免碰撞、摔倒等,以免引起起搏器损坏或脱落。

6. 乘坐飞机:起搏器植入后,需要避免乘坐飞机,以免对起搏器产生影响。

祝愿您的孩子早日康复!",0
5,1,35,human,请对我儿子的病情症状、病因、治疗及建议做出总结,4
5,1,35,model,非常感谢您的祝福!祝愿您的孩子早日康复!,-4
