﻿4,3,27,human,我是一个怀孕21周的29岁女性，刚刚怀孕期间第二次晕厥,14
4,3,27,model,你好，我是你的医生。很抱歉听到这件事。你能告诉我更多关于你的症状吗？,-4
4,3,27,human,"第一次是一个月前，在家里，自我感觉心跳很快、恶心，持续一段时间后缓解，去医院看后化验和胎儿监控都正常，医生建议好好休息没有用药。第二次就是刚刚，持续心慌没办法缓解所以来看急诊

，怀孕之前没有过类似症状",23
4,3,27,model,谢谢你提供的信息。你是否感觉头晕或晕倒？你是否有过任何不寻常的医疗史或药物史？,-4
4,3,27,human,有头晕，没有晕倒。曾有两次早孕流产，有妊娠高血压史,34
4,3,27,model,非常感谢你提供的详细信息。晕厥在怀孕期间可能有很多原因，包括贫血，低血压，心脏问题等。由于你有早孕流产和妊娠高血压的病史，我们需要对你的心脏进行评估。我建议你进行心电图和超声心动图检查，以确保你和宝宝的安全。,-3
4,3,27,human,心电图显示室上性心动过速，心超无异常,15
4,3,27,model,谢谢你提供的信息。室上性心动过速可能与心脏问题有关，但我们还需要进一步评估。我建议进行24小时动态心电图监测，以便更准确地评估你的心脏状况。同时，你需要注意休息和饮食，保持充足的水分和营养，避免过度劳累和压力。如果你的症状加重或出现其他不适，请及时就医。,-3
4,3,27,human,我要进行哪些检查？会不会对宝宝不利,11
4,3,27,model,我建议你进行24小时动态心电图监测，以便更准确地评估你的心脏状况。这项检查不会对宝宝造成任何不利影响，只会帮助我们更好地了解你的病情。同时，你需要注意休息和饮食，保持充足的水分和营养，避免过度劳累和压力。如果你的症状加重或出现其他不适，请及时就医。我们会尽力保障你和宝宝的健康。祝你早日康复。,-3
4,3,27,human,后续需要进行心脏电生理检查及射频消融，但是有没有X射线啊？可能会对宝宝不利,9
4,3,27,model,"尊敬的患者，您好。根据您的描述，您需要进行心脏电生理检查及射频消融，但是担心X射线对宝宝的影响。实际上，X射线的辐射量非常小，不会对宝宝的健康造成任何影响。这种检查是非常安全和有效的，可以帮助医生诊断心脏疾病，制定更合适的治疗方案。因此，建议您进行这种检查。

在进行检查前，您需要注意以下几点。首先，您需要告知医生您的怀孕情况，以便医生能够为您制定更安全的治疗方案。其次，您需要注意避免在检查前进食或饮水，以免影响检查的准确性。最后，您需要按照医生的指示进行检查，遵守医生的嘱咐，以确保检查的顺利进行。

如果您还有其他问题或疑虑，请随时与医生沟通。祝您和宝宝健康！",-1
4,3,27,human,有保守治疗的方法吗，对宝宝影响小的,21
4,3,27,model,您好，针对室上性心动过速的治疗，确实有一些保守治疗的方法。但是，在制定治疗方案时，需要综合考虑患者的病情和怀孕情况。如果保守治疗无效，或者出现严重症状，需要立即住院治疗，并使用抗心律失常药物，并使用心脏电生理治疗。这种治疗方法对宝宝的影响较小，但需要密切监测宝宝的发育情况。在药物治疗无效或病情无法控制时，需要进行射频消融治疗。这种治疗方法需要在怀孕20周以后进行，以确保胎儿的安全。因此，建议您在怀孕期间定期进行产前检查，及时发现和治疗病情。如果您有任何疑问或需要进一步的帮助，请及时咨询医生。祝您和宝宝健康！,-1
4,3,27,human,请总结我的病情症状、原因及建议处理方式,16
4,3,27,model,"您好，根据您提供的信息，您可能患有原发性心肌病。心肌病是一种心脏疾病，它会导致心肌变得僵硬和虚弱，从而影响心脏的正常功能。心肌病的症状包括心慌、心悸、气短、乏力、胸闷等。引起心肌病的原因有很多，例如高血压、冠心病、心肌炎、心肌缺血等。

针对您的情况，建议您尽快到医院进行详细的检查和诊断，以确定病因和病情的严重程度。医生可能会建议您进行心电图、心脏超声等检查，以了解您的心脏状况。治疗方案会根据您的具体情况而定，可能包括药物治疗、手术治疗、心脏康复等。

此外，您还需要注意饮食和生活习惯，避免过度劳累、情绪波动等因素对心脏造成的影响。定期复查和遵循医生的建议非常重要，以确保病情得到控制和改善。

希望以上信息对您有所帮助，如果您还有其他问题或需要进一步的帮助，请随时咨询医生。祝您早日康复！",0
4,3,27,human,请总结我的病情症状、原因及建议处理方式,8
4,3,27,model,"您好，根据您提供的信息，您可能患有原发性骨肿瘤。骨肿瘤是指发生在骨组织中的肿瘤，它可以分为良性和恶性。良性骨肿瘤包括骨囊肿、良性骨肿瘤和纤维性骨发育不良等，而恶性骨肿瘤则包括骨肉瘤、尤文肉瘤等。骨肿瘤的症状包括肿块、疼痛、骨折、关节僵硬等。

引起骨肿瘤的原因有很多，例如外伤、辐射、遗传等。诊断骨肿瘤需要进行X线、CT、MRI等检查，以了解肿瘤的大小、位置和恶性程度。治疗方案会根据您的具体情况而定，可能包括手术切除、放疗、化疗等。

建议您尽快到医院进行详细的检查和诊断，以确定病因和病情的严重程度。同时，保持良好的生活习惯，避免过度劳累、注意饮食营养，有助于提高身体抵抗力，促进康复。

如果您还有其他问题或需要进一步的帮助，请随时咨询医生。祝您早日康复！",0
4,3,27,human,请总结我的病情症状、原因及建议处理方式,4
4,3,27,model,"您好，根据您提供的信息，您可能患有原发性血小板增多症。原发性血小板增多症是一种血液疾病，它会导致血小板数量异常增加，从而影响血液的正常凝血功能。症状包括出血、瘀斑、鼻出血、牙龈出血等。

引起原发性血小板增多症的原因有很多，例如遗传因素、自身免疫性疾病、感染等。诊断原发性血小板增多症需要进行血常规、骨髓检查等，以了解血小板数量和质量的异常情况。治疗方案会根据您的具体情况而定，可能包括药物治疗、放疗、手术等。

建议您尽快到医院进行详细的检查和诊断，以确定病因和病情的严重程度。同时，您需要注意避免外伤和出血的危险因素，保持良好的生活习惯和饮食习惯，有助于控制病情。

如果您还有其他问题或需要进一步的帮助，请随时咨询医生。祝您早日康复！",0
