﻿5,3,39,human,我儿子今年6岁，这个月里面低头拿东西较长时间，站起来以后晕倒过几次，躺几分钟自己醒过来了，上次晕倒时抽搐并且大小便失禁，所以拨打120送入医院.,16
5,3,39,model,你好，很抱歉听到这样的症状。在儿子晕倒后，您有注意到他是否有其他不寻常的行为吗？,-4
5,3,39,human,他发作时伴有恶心、头晕、面色苍白、大汗，晕倒躺1-2分钟自己会醒来，之后乏力没有精神,34
5,3,39,model,谢谢您提供的信息。是否有家族中有人有类似症状呢？他有没有近期感冒或生病？,-4
5,3,39,human,家族中没有人有类似症状。他有癫痫病史，从小血压偏低80/40mmHg左右；轻微贫血,29
5,3,39,model,根据您提供的症状和病史，您的儿子可能患有癫痫病并伴有晕厥症状。晕厥是一种常见的癫痫发作症状，可能是由于血压下降或脑血流不足引起的。建议您带他去医院进行全面检查，包括脑电图、心电图、血常规、血压、血糖等检查，以确定确切的诊断。治疗方案可能包括抗癫痫药物、血压调节药物、贫血治疗等。同时，建议您注意儿子的饮食和休息，避免过度疲劳和感染，定期进行复查和维护。祝您的儿子早日康复。,-2
5,3,39,human,他出生时早产，怀他时我血糖升高，有严重低蛋白血症,9
5,3,39,model,感谢您提供的信息。早产和低蛋白血症可能会增加癫痫的风险。您提到的血糖升高和低蛋白血症可能会影响儿子的健康状况。建议您带他去医院进行全面检查，包括脑电图、心脏超声、肾功能检查等，以确定他的确切诊断和治疗方案。治疗可能包括抗癫痫药物、蛋白补充、血糖控制等。此外，建议您注意儿子的饮食和休息，避免过度疲劳和感染，定期进行复查和维护。祝您的儿子早日康复。,-3
5,3,39,human,24小时心电图等检查显示血管迷走性晕厥，发作时心电图有长间歇,8
5,3,39,model,根据您提供的信息，您的儿子可能患有血管迷走性晕厥。这是一种常见的晕厥症状，通常是由于血压突然下降引起的。长间歇出现在心电图上可能是由于晕厥引起的心脏供血不足所致。建议您带他去医院进行全面检查，包括心脏超声、血压监测、24小时心电图等检查，以确定确切的诊断和治疗方案。治疗可能包括药物治疗、生活方式改变、饮食调整等。此外，建议您注意儿子的饮食和休息，避免过度疲劳和感染，定期进行复查和维护。祝您的儿子早日康复。,-2
5,3,39,human,医生建议植入起搏器，请问起搏器植入后能不能完全恢复啊？术后需要注意事项有哪些,6
5,3,39,model,"对于心脏起搏器植入后能否完全恢复，这取决于患者的具体情况和起搏器的设置。起搏器的功能是维持心脏的正常节律，如果起搏器设置正确，并且患者的病情得到有效控制，大部分患者可以完全恢复。但是，个别情况下，由于患者的病情较为严重，起搏器植入后可能无法完全恢复，但仍然可以维持良好的生活质量。

术后需要注意事项包括：

1. 定期复查：术后患者需要定期到医院进行复查，以确保起搏器的正常运行。医生会根据患者的病情制定复查计划。

2. 注意药物使用：术后患者需要按照医生的建议使用药物，包括抗凝药物、心脏药物等。患者需要注意药物的用量和时间，避免出现药物过量或漏服的情况。

3. 避免感染：术后患者需要注意保持伤口干燥和清洁，避免感染。同时，患者需要避免接触感染源，如重病患者、生病人等。

4. 饮食调理：术后患者需要遵循医生的饮食建议，避免食用刺激性食物，如辛辣食物、烟酒等。同时，患者需要保持良好的饮食习惯，多吃新鲜蔬菜和水果。

5. 适当运动：术后患者需要根据医生的建议进行适量的运动，但需要避免过度运动或剧烈运动，以免影响心脏起搏器的正常运行。

请您严格按照医生的嘱咐进行术后护理，以确保起搏器的正常运行，并尽早康复。如有任何疑问，请随时向医生咨询。",1
5,3,39,human,之后的生活有什么建议吗？能不能乘坐飞机？,10
5,3,39,model,"术后恢复期间，建议您遵循医生的建议进行药物治疗和生活调整。在药物治疗方面，您需要按时服用抗凝药物和其他心脏药物，以预防血栓形成和心脏病的发作。此外，您还需要定期进行复查，以确保起搏器的正常运行。

关于乘坐飞机，建议您在术后恢复期间避免长时间的坐姿。长时间的坐姿可能会影响血液循环，对心脏起搏器的正常运行不利。如果您需要长途旅行，建议您提前咨询医生，并根据医生的建议决定是否乘坐飞机。

除此之外，建议您保持良好的生活习惯，包括戒烟、限制饮酒、保持健康的饮食和适当的运动。此外，您还需要注意避免过度疲劳和感染，保持良好的心态和心理健康。

最后，我建议您定期到医院进行复查，以确保起搏器的正常运行，并及时发现和处理任何问题。如果您有任何疑问或需要进一步的建议，请随时向医生咨询。祝您早日康复！",0
5,3,39,human,请对我儿子的病情症状、病因、治疗及建议做出总结,9
5,3,39,model,"血管迷走性晕厥是一种常见的晕厥症状，通常是由于血压突然下降引起的。对于血管迷走性晕厥的病因，可能是由于多种因素引起的，包括心脏病、神经系统疾病、药物反应等。对于您儿子的情况，由于他怀期间血糖升高并伴有低蛋白血症，这可能是导致血管迷走性晕厥的一个因素。此外，早产和低蛋白血症也可能增加癫痫的风险。

针对您儿子的情况，建议您带他去医院进行全面检查，包括脑电图、心脏超声、血压监测等，以确定确切的诊断和治疗方案。治疗可能包括药物治疗、手术治疗和生活方式改变等。此外，建议您注意儿子的饮食和休息，避免过度疲劳和感染，定期进行复查和维护。

最后，我建议您与医生保持良好的沟通，详细描述您儿子的病情和症状，以便医生能够给出更准确的建议和治疗方案。祝您儿子早日康复！",0
