﻿5,2,40,human,我儿子今年6岁，这个月里面低头拿东西较长时间，站起来以后晕倒过几次，躺几分钟自己醒过来了，上次晕倒时抽搐并且大小便失禁，所以拨打120送入医院.,12
5,2,40,model,您好，根据您描述的情况，您的儿子可能存在癫痫的症状。癫痫是一种神经系统疾病，需要进行详细的检查和诊断。建议您带孩子到正规医院进行全面的检查，包括脑电图、头颅CT或MRI等检查，以确定是否存在癫痫发作的症状。同时，您可以观察孩子是否存在其他症状，如头痛、视力模糊、呕吐等，以帮助医生更好地诊断病情。在治疗方面，癫痫的治疗需要根据患者的具体情况进行，包括药物治疗、手术治疗等，建议您在医生的指导下进行治疗。祝您的孩子早日康复。,-1
5,2,40,human,他发作时伴有恶心、头晕、面色苍白、大汗，之后乏力没有精神,12
5,2,40,model,根据您描述的症状，您儿子可能正在经历癫痫发作。癫痫发作时，患者可能会出现抽搐、意识障碍、恶心、头晕、面色苍白、大汗等症状，这些症状可能会持续数分钟或更长时间。建议您尽快带孩子到医院进行详细的检查和诊断，以便及时采取治疗措施。在治疗方面，癫痫的治疗需要根据患者的具体情况进行，包括药物治疗、手术治疗等，建议您在医生的指导下进行治疗。同时，您可以观察孩子是否存在其他症状，如头痛、视力模糊、呕吐等，以帮助医生更好地诊断病情。祝您的孩子早日康复。,-1
5,2,40,human,24小时心电图等检查显示血管迷走性晕厥，发作时心电图有长间歇,3
5,2,40,model,根据您提供的信息，您儿子可能患有血管迷走性晕厥。血管迷走性晕厥是一种常见的晕厥类型，通常发生在情绪激动、剧烈运动、寒冷环境等情况下。这种晕厥通常不会持续很长时间，而且在发作时心电图可能会出现长间歇。如果孩子有其他症状，如头晕、乏力、恶心等，建议您带孩子到医院进行进一步的检查和诊断。在治疗方面，血管迷走性晕厥的治疗通常是针对诱因进行的，如避免情绪激动、剧烈运动、寒冷环境等。此外，药物治疗和手术治疗也可能需要在某些情况下使用。建议您在医生的指导下进行治疗，以确保孩子得到最佳的治疗效果。祝您的孩子早日康复。,0
5,2,40,human,他出生时早产，怀他时我血糖升高，有严重低蛋白血症,7
5,2,40,model,根据您提供的信息，您儿子可能存在一些代谢方面的疾病，如血糖升高、低蛋白血症等。这些疾病可能会影响到孩子的神经系统发育和功能，导致血管迷走性晕厥的发生。建议您带孩子到医院进行详细的检查和诊断，以确定孩子的病因和病情，并进行相应的治疗。在治疗方面，建议您遵循医生的指导，控制血糖、血压等指标，避免剧烈运动、情绪激动等诱因，同时加强营养和补充营养，以促进孩子的健康成长。祝您的孩子早日康复。,-1
5,2,40,human,他有癫痫病史，从小血压偏低80/40mmHg左右；轻微贫血,5
5,2,40,model,根据您提供的信息，您儿子可能存在癫痫病史，血压偏低，以及轻微贫血。这些疾病可能会影响到孩子的神经系统发育和功能，导致血管迷走性晕厥的发生。建议您带孩子到医院进行详细的检查和诊断，以确定孩子的病因和病情，并进行相应的治疗。在治疗方面，建议您遵循医生的指导，控制血压，避免剧烈运动、情绪激动等诱因，同时加强营养和补充营养，以促进孩子的健康成长。此外，如果孩子存在癫痫病史，建议您在医生的指导下进行规范化的治疗，以控制癫痫发作的频率和强度，避免对孩子的神经系统造成不良影响。祝您的孩子早日康复。,0
5,2,40,human,医生建议植入起搏器，请问起搏器植入后能不能完全恢复啊？术后需要注意事项有哪些,3
5,2,40,model,您好，对于血管迷走性晕厥患者，起搏器植入是一种有效的治疗方法，可以帮助患者恢复正常心律和心率。植入起搏器后，患者需要密切观察心电图和心律情况，定期进行起搏器功能检查，以确保起搏器正常工作。在术后，患者需要注意保持起搏器和身体部位的清洁，避免感染和其他并发症的发生。此外，患者还需要避免剧烈运动、情绪激动等诱因，定期进行心脏检查和随访，以确保手术效果和身体健康。最后，建议患者在医生的指导下进行术后康复和治疗，以保证治疗效果和预防并发症的发生。祝您的孩子早日康复。,0
5,2,40,human,之后的生活有什么建议吗？能不能乘坐飞机？,3
5,2,40,model,"在术后恢复期间，患者需要避免剧烈运动和情绪激动等诱因，并定期进行心脏检查和随访。此外，患者还需要定期复查起搏器的功能和心电图的稳定性，以确保手术效果和身体健康。

在日常生活中，患者需要避免长时间站立和坐着，避免过度疲劳和过度劳累，保持良好的生活习惯，如戒烟、戒酒、保持充足的睡眠等。

对于能否乘坐飞机，需要根据患者的具体情况进行评估和判断。如果患者的心电图稳定性较好，且没有其他严重的健康问题，通常可以乘坐飞机。但如果患者的心电图不稳定，或存在其他严重的健康问题，建议在医生的指导下进行评估和判断，以确定是否可以乘坐飞机。

总之，对于血管迷走性晕厥患者，术后恢复期间需要注意保持良好的生活习惯和健康状态，避免剧烈运动和情绪激动等诱因，并定期进行心脏检查和随访。如果患者需要乘坐飞机，需要在医生的指导下进行评估和判断。希望我的回答能对您有所帮助。",1
5,2,40,human,请对我儿子的病情症状、病因、治疗及建议做出总结,4
5,2,40,model,"根据您提供的信息，您儿子可能存在癫痫病史，血压偏低和轻微贫血等疾病，这些疾病可能会影响到孩子的神经系统发育和功能，导致血管迷走性晕厥的发生。建议您带孩子到医院进行详细的检查和诊断，以确定孩子的病因和病情，并进行相应的治疗。

在治疗方面，建议您遵循医生的指导，控制血压、血糖等指标，避免剧烈运动、情绪激动等诱因，同时加强营养和补充营养，以促进孩子的健康成长。此外，如果孩子存在癫痫病史，建议您在医生的指导下进行规范化的治疗，以控制癫痫发作的频率和强度，避免对孩子的神经系统造成不良影响。

最后，建议您在医生的指导下进行术后康复和治疗，以保证治疗效果和预防并发症的发生。同时，需要定期进行心脏检查和随访，以及进行起搏器的功能检查和维护。

总之，建议您带孩子到医院进行详细的检查和诊断，并根据医生的指导进行治疗和管理。同时，需要定期进行心脏检查和随访，以及进行起搏器的功能检查和维护。希望我的回答能对您有所帮助。",2
