﻿5,2,33,human,我儿子今年6岁，这个月里面低头拿东西较长时间，站起来以后晕倒过几次，躺几分钟自己醒过来了，上次晕倒时抽搐并且大小便失禁，所以拨打120送入医院,479
5,2,33,model,您好，根据您描述的情况，您儿子可能存在脑部疾病导致的晕倒和抽搐。建议您带儿子到医院进行详细的检查和诊断，包括头颅CT检查和脑电图检查等。同时，您可以给孩子补充维生素D，以促进钙的吸收和骨骼发育。对于精神运动发育迟缓的孩子，需要经常进行康复训练，包括言语、语言、肢体功能、社交等方面的训练。建议您带孩子到专业的康复机构进行训练，以帮助孩子尽早恢复功能。如果您有任何疑问或需要进一步的帮助，请随时咨询医生。祝您和您的家人健康！,-1
5,2,33,human,24小时心电图等检查显示血管迷走性晕厥，发作时心电图有长间歇,12
5,2,33,model,血管迷走性晕厥是一种常见的晕厥类型，通常是由于血管迷走神经兴奋过度导致的。对于血管迷走性晕厥的患者，建议避免突然起床、突然站起等动作，避免过度劳累和情绪激动，保持充足的睡眠和饮食健康。对于您儿子的情况，建议您带孩子到医院进行进一步的检查和治疗，以确定病因并制定合理的治疗方案。同时，您可以咨询医生关于如何预防和处理血管迷走性晕厥的建议。祝您和您的家人健康！,-2
5,2,33,human,他出生时早产，怀他时我血糖升高，有严重低蛋白血症,10
5,2,33,model,早产儿的发育和成长需要更多的关注和照顾。对于您儿子的情况，建议您在医生的指导下进行适当的营养补充和生长发育监测，以确保他的健康和发育。此外，如果您的血糖升高和蛋白血症严重，也需要注意控制血糖和饮食，以避免对宝宝的健康造成不良影响。请带孩子到医院进行详细的检查和治疗，以确定病因并制定合理的治疗方案。祝您和您的家人健康！,-2
5,2,33,human,他有癫痫病史，从小血压偏低80/40mmHg左右；轻微贫血,4
5,2,33,model,对于有癫痫病史和低血压的儿童，需要特别关注其神经系统和心血管系统的健康状况。建议您带孩子到医院进行详细的检查和治疗，以确定病因并制定合理的治疗方案。同时，您可以咨询医生关于如何预防和处理癫痫发作和低血压的建议。对于贫血，建议您加强孩子的营养，增加富含铁质的食物，如红肉、豆类、绿叶蔬菜等，同时避免过度疲劳和情绪波动。请带孩子到医院进行进一步的检查和治疗，以确定病因并制定合理的治疗方案。祝您和您的家人健康！,-1
5,2,33,human,起搏器植入后能不能完全恢复啊？术后需要注意事项有哪些,6
5,2,33,model,"起搏器植入后可以帮助调节心脏的节律，但是术后需要注意一些事项，以确保起搏器的正常工作和避免出现并发症。以下是一些术后注意事项：

1. 定期复诊：术后需要定期复诊，以确保起搏器的工作正常，并及时发现并处理任何问题。通常情况下，第一次复诊需要在术后的第一个月内进行。

2. 注意药物使用：术后需要按照医生的建议使用药物，以确保起搏器的正常工作和控制心律失常。

3. 避免剧烈运动：术后需要避免剧烈运动和重负，以避免对起搏器造成损伤。

4. 定期检查血压和心率：术后需要定期检查血压和心率，以确保它们在正常范围内。

5. 避免感染：术后需要注意个人卫生，避免感染和创口感染。

6. 避免过度劳累：术后需要避免过度劳累，以避免对心脏造成过大的负担。

7. 注意安全：术后需要注意安全，避免与起搏器接触的物体在移动时产生冲击，如高跟鞋、运动鞋等。

总的来说，术后需要定期复诊，按照医生的建议使用药物，避免剧烈运动，定期检查血压和心率，避免感染和过度劳累，注意安全。如果出现任何问题，应及时向医生寻求帮助。",3
5,2,33,human,之后的生活有什么建议吗？能不能乘坐飞机？,8
5,2,33,model,"术后需要注意一些事项，以确保起搏器的正常工作和避免出现并发症。以下是一些术后建议：

1. 定期复诊：术后需要定期复诊，以确保起搏器的工作正常，并及时发现并处理任何问题。通常情况下，第一次复诊需要在术后的第一个月内进行。

2. 注意药物使用：术后需要按照医生的建议使用药物，以确保起搏器的正常工作和控制心律失常。

3. 避免剧烈运动：术后需要避免剧烈运动和重负，以避免对起搏器造成损伤。

4. 定期检查血压和心率：术后需要定期检查血压和心率，以确保它们在正常范围内。

5. 避免感染：术后需要注意个人卫生，避免感染和创口感染。

6. 避免过度劳累：术后需要避免过度劳累，以避免对心脏造成过大的负担。

7. 注意安全：术后需要注意安全，避免与起搏器接触的物体在移动时产生冲击，如高跟鞋、运动鞋等。

至于能否乘坐飞机，这需要根据个体情况而定。一般来说，如果患者没有明显的身体不适，并且起搏器工作正常，那么乘坐飞机应该是安全的。但是，建议您在乘坐飞机前咨询医生，以确保自己的身体状况能够适应飞行。同时，如果患者有任何不适或疑虑，也应该及时向医生寻求帮助。",3
5,2,33,human,请对我儿子的病情症状、病因、治疗及建议做出总结,37
5,2,33,model,"根据您提供的信息，您的儿子似乎有癫痫病史，血压偏低，轻微贫血，同时也有起搏器植入的情况。

病因方面，癫痫病史和贫血可能是导致血压偏低的原因，而起搏器植入则可能是导致血压偏低和贫血的原因之一。

治疗方面，对于起搏器植入后的血压偏低和贫血，需要针对病因进行治疗。对于贫血，可以通过补充铁质和维生素B12等营养素来进行治疗。对于起搏器植入后的癫痫，需要根据癫痫的类型和严重程度进行相应的药物治疗。

建议方面，建议您带孩子到医院进行详细的检查和治疗，以确定病因并制定合理的治疗方案。同时，需要定期复诊，注意药物使用，避免剧烈运动，定期检查血压和心率，避免感染和过度劳累，注意安全。如果出现任何问题，应及时向医生寻求帮助。

总之，建议您在医生的指导下进行适当的营养补充和生长发育监测，以确保他的健康和发育。同时，注意病情变化，及时向医生咨询和寻求帮助。祝您和您的家人健康！",2
