﻿3,2,24,human,我是一个56岁的男性，在家里突然站立时倒下并失去知觉，有抽搐。120在送医院途中又有两次抽搐发作,14
3,2,24,model,您好，根据您的描述，您可能正在经历癫痫发作。癫痫是一种神经系统疾病，会导致大脑突然发生异常放电，从而引起抽搐、意识障碍等症状。建议您尽快到医院进行详细的检查和诊断，以确定病因和治疗方案。在等待就医的过程中，您可以保持卧床休息，避免过度劳累和刺激，保持心情愉快，避免情绪波动。同时，您可以服用医生开的抗癫痫药物，以控制症状。祝您早日康复！如果您还有其他问题，可以随时向我咨询。,-1
3,2,24,human,"我第一次倒下后数秒后自行恢复意识，头部磕破伴有胸部不适，没有剧烈头痛和大小便失禁。
第二次伴有意识丧失，持续2秒后恢复",9
3,2,24,model,根据您的描述，您可能已经出现了两次癫痫发作，建议您尽快到医院进行详细的检查和诊断，以确定病因和治疗方案。同时，建议您避免剧烈运动、情绪波动和精神刺激，保持心情愉快，避免过度劳累。在等待就医的过程中，您可以服用医生开的抗癫痫药物，以控制症状。同时，您也可以进行一些适当的休息和放松，如散步、听音乐、做瑜伽等。最后，如果您的症状有任何恶化或出现其他症状，请及时就医。祝您早日康复！如果您还有其他问题，可以随时向我咨询。,-1
3,2,24,human,"饮食喜欢高脂油腻食物
高血压10年，络活喜治疗
糖尿病16年，胰岛素治疗中
吸烟10支×20年
一个月前急性心梗植入支架3枚，两周后出院，阿司匹林+氯吡格雷治疗中",6
3,2,24,model,根据您提供的信息，您患有高血压、糖尿病和吸烟等危险因素，这些都是导致脑血管疾病和癫痫发作的风险因素。您还曾经进行过急性心梗的手术治疗，这也增加了您出现脑血管事件和癫痫发作的风险。建议您在日常生活中避免过度劳累和精神刺激，保持心情愉快，避免过度饮酒和吸烟等不良习惯。同时，您需要进行全面的检查和评估，以确定您的病因和治疗方案。在等待就医的过程中，您可以服用医生开的抗癫痫药物，以控制症状。如果您出现任何症状，如头痛、意识障碍等，请及时就医。祝您早日康复！如果您还有其他问题，可以随时向我咨询。,-1
3,2,24,human,经检查发现我有以下心脏问题：短阵室颤，陈旧性心肌梗塞，快速性心律失常，室颤。医生计划予以ICD植入,4
3,2,24,model,"根据您提供的信息，您的心脏存在短阵室颤、陈旧性心肌梗塞、快速性心律失常和室颤等问题，这些都是心律失常和心肌梗死等严重心血管疾病的表现。建议您积极治疗，控制危险因素，如高血压、高脂血症、糖尿病、吸烟等，以减轻症状和预防进一步的心血管事件。

ICD是一种用于预防和治疗心脏骤停的设备，可以帮助恢复心律和心肺功能，提高生存率和生存质量。在医生的指导下，您可以考虑进行ICD植入手术。

最后，建议您定期进行心脏检查和随访，以及积极治疗和管理心律失常、高血压和糖尿病等疾病，以预防和减少心血管事件的发生。祝您早日康复！如果您还有其他问题，可以随时向我咨询。",0
3,2,24,human,医生建议植入ICD，请问ICD利弊、电池寿命与价格,6
3,2,24,model,"ICD(Implantable Cardioverter Defibrillator)是一种预防和治疗心脏骤停的设备，可以帮助恢复心律和心肺功能，提高生存率和生存质量。ICD的利弊、电池寿命和价格如下：

利弊：

1. 利：ICD可以帮助恢复心律和心肺功能，预防心脏骤停，提高生存率和生存质量。

2. 弊：ICD需要进行手术植入，需要在麻醉下进行，有一定的手术风险和并发症风险。

电池寿命：

1. 电池寿命：ICD的电池寿命通常在5-10年左右，但具体取决于ICD的型号和使用情况。

价格：

1. 价格：ICD的价格在不同国家和地区有所不同，一般在几万美元到十几万美元之间。

总之，ICD是一种有效的预防和治疗心脏骤停的设备，但需要在医生的指导下进行手术植入，并需要长期的监测和维护。同时，需要注意ICD的利弊、电池寿命和价格，在选择时需要考虑个人情况和经济能力。如果您有更多的问题或疑虑，可以随时向医生咨询。",2
3,2,24,human,室颤有无保守治疗方案,9
3,2,24,model,"室颤是一种心律失常，可以导致心脏骤停。对于轻度和中度的室颤，可以通过药物治疗和电复律等保守治疗方法进行治疗。但是对于严重和持续的室颤，需要进行手术治疗，包括电除颤、心肺联合除颤和ICD等。

电除颤：电除颤是一种通过电刺激来恢复心律的方法。对于轻度和中度的室颤，可以通过电除颤进行治疗。

心肺联合除颤：心肺联合除颤是一种同时通过电和机械方法来恢复心律的方法。对于严重和持续的室颤，可以进行心肺联合除颤。

ICD：ICD是一种用于预防和治疗心脏骤停的设备，可以帮助恢复心律和心肺功能，提高生存率和生存质量。

总之，室颤的治疗需要根据具体情况进行选择，对于轻度和中度的室颤，可以通过药物治疗和电复律等保守治疗方法进行治疗。对于严重和持续的室颤，需要进行手术治疗，包括电除颤、心肺联合除颤和ICD等。需要在医生的指导下进行治疗，并定期进行检查和随访。如果您有任何疑问，可以随时向医生咨询。",2
3,2,24,human,病情总结及可能病因,8
3,2,24,model,"根据您提供的信息，您患有高血压、糖尿病、吸烟等危险因素，这些都是导致脑血管疾病和癫痫发作的风险因素。您还曾经进行过急性心梗的手术治疗，这也增加了您出现脑血管事件和癫痫发作的风险。建议您在日常生活中避免过度劳累和精神刺激，保持心情愉快，避免过度饮酒和吸烟等不良习惯。

根据您提供的病史，您可能患有脑血管疾病，具体病因需要进一步检查和评估。脑血管疾病可以由多种因素引起，如高血压、糖尿病、高脂血症、吸烟等。脑血管疾病可分为脑缺血和脑出血两种类型，脑缺血是指脑部血管供血不足，而脑出血是指脑部血管破裂，导致脑部出血。

建议您进行全面的检查和评估，以确定您的病因和治疗方案。在等待就医的过程中，您可以服用医生开的抗癫痫药物，以控制症状。

如果您出现任何症状，如头痛、意识障碍等，请及时就医。同时，建议您定期进行脑血管检查和随访，以及积极治疗和管理高血压、糖尿病等疾病，以预防和减少脑血管事件的发生。

最后，需要提醒您，由于我是一个AI语言模型，无法进行面对面问诊和体检，以上建议仅供参考。如果您有任何疑问或需要进一步的帮助，请及时就医并咨询专业医生。祝您早日康复！",3
3,2,24,human,对日常生活有什么建议,29
3,2,24,model,"对于您的情况，建议您在日常生活中注意以下几点：

1. 控制血压和血糖：高血压和糖尿病是脑血管疾病和癫痫发作的风险因素，因此需要控制血压和血糖，定期测量血压和血糖，并按医生的建议进行治疗。

2. 戒烟戒酒：吸烟和饮酒对健康有害，因此需要戒烟戒酒，以减少脑血管疾病和癫痫发作的风险。

3. 保持健康饮食：合理饮食可以预防脑血管疾病和癫痫发作，建议多摄入蔬菜、水果、全谷物、低脂肪和低盐食品，减少高脂肪、高盐和高糖食品的摄入。

4. 保持适当运动：适当的运动可以提高身体的免疫力和心血管系统的健康，建议进行有氧运动，如散步、游泳、慢跑等，每周进行150分钟。

5. 避免过度劳累：过度劳累和精神刺激可以导致脑血管疾病和癫痫发作，因此需要避免过度劳累和精神刺激，保持心情愉快。

6. 定期检查和随访：定期进行脑血管检查和随访，以及积极治疗和管理高血压、糖尿病等疾病，可以预防和减少脑血管事件的发生。

总之，建议您在日常生活中注意控制血压和血糖、戒烟戒酒、保持健康饮食、适当运动、避免过度劳累和精神刺激，定期进行脑血管检查和随访，并积极治疗和管理高血压、糖尿病等疾病，以预防和减少脑血管事件的发生。同时，如有任何疑问或症状，建议及时就医并咨询专业医生。祝您早日康复！",5
