﻿5,3,38,human,我儿子今年6岁，这个月里面低头拿东西较长时间，站起来以后晕倒过几次，躺几分钟自己醒过来了，上次晕倒时抽搐并且大小便失禁，所以拨打120送入医院,10
5,3,38,model,你好，很抱歉听到这样的症状，您能否告诉我您儿子有没有过去类似的症状或者其他身体不适的情况呢？,-4
5,3,38,human,他有癫痫病史，从小血压偏低80/40mmHg左右；轻微贫血。之前没有发作过。他发作时伴有恶心、头晕、面色苍白、大汗，之后乏力没有精神,37
5,3,38,model,非常感谢您的信息，这些症状非常有用。儿子晕倒前是否出现头晕、眼前发黑、视力模糊、听力减退、手脚麻木等症状呢？,-4
5,3,38,human,他发作时伴有恶心、头晕、面色苍白、大汗，之后乏力没有精神,6
5,3,38,model,好的，非常感谢您的回答。根据您的描述，这些症状与低血糖引起的癫痫性发作相符。建议您尽快带儿子到医院进行血糖和血压检查。同时，对于癫痫的治疗，我们需要开始药物治疗。我们可以使用丙戊酸钠片，每次50mg/kg，每6小时一次，与葡萄糖片一起服用。请注意，这种药物需要持续服用，直到症状缓解或确认不再出现癫痫发作为止。,-3
5,3,38,human,他出生时早产，怀他时我血糖升高，有严重低蛋白血症。,15
5,3,38,model,非常感谢您的信息。早产儿由于身体发育不完全，容易出现各种并发症。您提到血糖升高并伴有低蛋白血症，这可能是导致儿子癫痫发作的原因之一。建议您在医院进行全面的检查，包括脑电图、头部CT等，以排除其他可能的病因。同时，建议您注意儿子的饮食和生活习惯，保持规律的作息时间和饮食结构，避免过度疲劳和情绪波动。希望您的儿子早日康复。,-3
5,3,38,human,24小时心电图等检查显示血管迷走性晕厥，发作时心电图有长间歇,4
5,3,38,model,非常感谢您提供的信息。根据您的描述，您儿子可能患有血管迷走性晕厥。这种疾病是由于血压突然下降导致的，会导致晕厥和心电图长间歇。建议您带儿子到医院进行全面的检查，包括血压、心电图、心脏超声等。治疗方面，建议您在症状发作时立即采取急救措施，如抬高腿部、保持坐位等。同时，建议您儿子进行药物治疗，如β受体阻滞剂、钙通道阻滞剂等，以控制症状。此外，建议您儿子进行定期的心电图和血压监测，以及适当的运动锻炼，以预防症状发作。祝您儿子早日康复。,-2
5,3,38,human,医生建议植入起搏器，请问起搏器植入后能不能完全恢复啊？术后需要注意事项有哪些,4
5,3,38,model,"对于慢性房颤患者，起搏器植入是一种常见的治疗方式。起搏器可以通过电刺激来帮助维持正常的心率和节律。对于一些患有房颤的患者，起搏器可以改善症状并提高生活质量。但是，起搏器植入并不能完全恢复患有房颤的患者到正常状态。起搏器只能帮助控制心率和节律，并不能消除房颤的病因。

术后需要注意的事项包括：

1. 术后注意起搏器的工作情况，包括起搏节律和电池寿命等。定期检查起搏器和导线是否正常。

2. 术后需要定期进行复诊，以确保起搏器的功能正常，并进行必要的调整和监测。

3. 术后需要遵循医生的建议，避免剧烈运动和过度疲劳，以减少心脏负荷。

4. 术后需要注意药物的使用，如抗凝药物和心脏药物。遵循医生的建议，按时服药。

5. 术后需要注意饮食和生活习惯，保持健康的生活方式，避免吸烟和饮酒等不良习惯。

总的来说，起搏器植入是一种有效的治疗房颤的方法。术后需要遵循医生的建议，定期复诊，注意药物的使用和生活方式的调整，以保持良好的身体健康和心功能。",0
5,3,38,human,之后的生活有什么建议吗？能不能乘坐飞机？,9
5,3,38,model,"房颤患者在起搏器植入手术后，需要遵循医生的建议进行恢复和调整。一般来说，术后需要避免剧烈运动和过度疲劳，保持良好的休息和作息习惯。此外，患者需要注意药物的使用，遵循医生的建议按时服药，并定期复诊进行监测。

关于乘坐飞机，一般来说，起搏器植入手术后可以正常乘坐飞机。但是，建议在飞行前咨询医生的意见，了解自身的身体状况和是否可以适应长时间的飞行。长时间的飞行可能会增加心脏负荷，对于一些患有心脏疾病的患者来说，可能会增加心脏病的发病风险。因此，在乘坐飞机前，最好与医生进行咨询，根据自身情况做出决策。

最后，我建议您在日常生活中保持健康的生活方式，包括合理饮食、适量运动、避免吸烟和饮酒等不良习惯。同时，定期复诊，遵循医生的建议进行治疗和康复，以保持良好的身体健康和心功能。祝您早日康复！",0
5,3,38,human,请对我儿子的病情症状、病因、治疗及建议做出总结,6
5,3,38,model,"您好，针对您儿子的情况，我可以为您做以下总结：

症状：儿子出现过多次晕厥和癫痫性发作，晕厥前伴有头晕、恶心、面色苍白、大汗等症状，晕厥后出现乏力、没有精神。

病因：根据您提供的信息，儿子可能患有慢性房颤引起的癫痫性发作。

治疗：起搏器植入手术是一种常见的治疗方式。术后需要注意起搏器的工作情况，定期检查起搏器和导线是否正常。药物治疗方面，可以考虑使用β受体阻滞剂和钙通道阻滞剂等药物，以控制症状。

建议：请您带儿子到医院进行全面的检查，包括脑电图、头部CT等，以排除其他可能的病因。同时，建议您儿子进行定期的复诊和药物监测，遵循医生的建议进行治疗和康复，以保持良好的身体健康和心功能。

最后，祝愿您儿子早日康复！如果您还有其他问题，欢迎随时咨询。",0
